tail,date_utc,callsign,from_icao,from_place,from_state,to_icao,to_place,to_state,off_utc,on_utc,status,us_leg,us_end,path_positions,path_max_altitude_ft,path_first_utc,path_last_utc
SU-BND,,SU-BND,KCPS,Cahokia/St Louis,IL,,,,,,result unknown,yes,departure,0,,,
SU-BND,,SU-BND,KPVU,Provo,UT,,,,,,result unknown,yes,departure,0,,,
SU-BND,,SU-BND,KPVU,Provo,UT,,,,,,result unknown,yes,departure,0,,,
SU-BND,2022-02-13,SU-BND,CYYR,Goose Bay,NL,KSUS,St Louis,MO,2022-02-13T14:57:35Z,2022-02-13T14:57:35Z,result unknown,yes,arrival,442,40000,2022-02-13T14:57:35Z,2022-02-13T18:53:32Z
SU-BND,2022-02-13,SU-BND,KSUS,St Louis,MO,KCPS,Cahokia/St Louis,IL,2022-02-13T19:57:19Z,2022-02-13T20:25:59Z,Arrived,yes,both,69,9700,2022-02-13T19:57:19Z,2022-02-13T20:25:22Z
SU-BND,2022-02-15,SU-BND,KCPS,Cahokia/St Louis,IL,KCPS,Cahokia/St Louis,IL,2022-02-15T17:49:32Z,2022-02-15T17:57:23Z,Arrived,yes,both,26,2900,2022-02-15T17:49:32Z,2022-02-15T17:56:27Z
SU-BTT,2022-03-06,SU-BTT,LFPB,Paris,IDF,KICT,Wichita,KS,2022-03-06T08:20:31Z,2022-03-06T18:21:34Z,Arrived,yes,arrival,655,43000,2022-03-06T08:20:31Z,2022-03-06T18:20:00Z
SU-BTT,2022-03-11,SU-BTT,KICT,Wichita,KS,KILG,Wilmington,DE,2022-03-11T13:49:26Z,2022-03-11T15:50:14Z,Arrived,yes,both,247,41000,2022-03-11T13:49:26Z,2022-03-11T15:49:36Z
SU-BTT,2022-03-13,SU-BTT,KILG,Wilmington,DE,L 32.02167 28.85015,Matrouh Governorate,,2022-03-13T11:30:41Z,2022-03-13T11:30:41Z,result unknown,yes,departure,642,41000,2022-03-13T11:30:41Z,2022-03-13T21:24:59Z
SU-BTV,2022-04-17,SU-BTV,LFPB,Paris,IDF,KSUS,St Louis,MO,2022-04-17T06:45:48Z,2022-04-17T15:27:39Z,Arrived,yes,arrival,531,43000,2022-04-17T06:45:48Z,2022-04-17T15:23:58Z
SU-BTV,2022-04-25,SU-BTV,KSUS,St Louis,MO,KBGR,Bangor,ME,2022-04-25T00:09:21Z,2022-04-25T02:26:16Z,Arrived,yes,both,289,41000,2022-04-25T00:09:21Z,2022-04-25T03:11:01Z
SU-BGM,2022-05-10,SU-BGM,CYYR,Goose Bay,NL,KSUS,St Louis,MO,2022-05-10T15:19:13Z,2022-05-10T18:58:53Z,Arrived,yes,arrival,427,43000,2022-05-10T15:19:13Z,2022-05-10T18:58:37Z
SU-BGM,2022-05-10,SU-BGM,KSUS,St Louis,MO,KCPS,Cahokia/St Louis,IL,2022-05-10T19:59:09Z,2022-05-10T20:07:03Z,Arrived,yes,both,21,3000,2022-05-10T19:59:09Z,2022-05-10T20:06:26Z
SU-BGM,2022-05-12,SU-BGM,KCPS,Cahokia/St Louis,IL,KCPS,Cahokia/St Louis,IL,2022-05-12T16:37:52Z,2022-05-12T16:55:06Z,Arrived,yes,both,44,6900,2022-05-12T16:37:52Z,2022-05-12T16:54:13Z
SU-BTV,2022-05-14,SU-BTV,LFPB,Paris,IDF,KSUS,St Louis,MO,2022-05-14T08:04:46Z,2022-05-14T17:09:03Z,Arrived,yes,arrival,677,43000,2022-05-14T08:04:46Z,2022-05-14T17:03:59Z
SU-BTV,2022-05-19,SU-BTV,KSUS,St Louis,MO,KILG,Wilmington,DE,2022-05-19T13:55:58Z,2022-05-19T15:44:23Z,Arrived,yes,both,226,41000,2022-05-19T13:55:58Z,2022-05-19T15:43:29Z
SU-BTV,2022-05-21,SU-BTV,KILG,Wilmington,DE,L 30.49709 31.29536,Cairo,,2022-05-21T11:47:54Z,2022-05-21T11:47:54Z,result unknown,yes,departure,906,43000,2022-05-21T11:47:54Z,2022-05-21T22:29:02Z
SU-BTT,2022-05-25,SU-BTT,LFPB,Paris,IDF,KICT,Wichita,KS,2022-05-25T09:04:00Z,2022-05-25T19:47:25Z,Arrived,yes,arrival,805,43000,2022-05-25T09:04:00Z,2022-05-25T19:46:48Z
SU-BTT,2022-05-31,SU-BTT,KICT,Wichita,KS,KILG,Wilmington,DE,2022-05-31T13:06:01Z,2022-05-31T15:36:22Z,Arrived,yes,both,298,43000,2022-05-31T13:06:01Z,2022-05-31T15:31:59Z
SU-BTT,2022-06-01,SU-BTT,KILG,Wilmington,DE,HEAZ,El Nozha,C,2022-06-01T11:37:06Z,2022-06-01T11:37:06Z,result unknown,yes,departure,890,43000,2022-06-01T11:37:06Z,2022-06-01T22:31:16Z
SU-BGM,2022-08-12,SU-BGM,KCPS,Cahokia/St Louis,IL,KCPS,Cahokia/St Louis,IL,2022-08-12T18:23:17Z,2022-08-12T19:32:34Z,Arrived,yes,both,161,45000,2022-08-12T18:23:17Z,2022-08-12T19:31:41Z
SU-BND,2022-08-25,SU-BND,KCPS,Cahokia/St Louis,IL,KCPS,Cahokia/St Louis,IL,2022-08-25T16:36:27Z,2022-08-25T17:29:42Z,Arrived,yes,both,127,31000,2022-08-25T16:36:27Z,2022-08-25T17:29:05Z
SU-BND,2022-08-31,SU-BND,KCPS,Cahokia/St Louis,IL,CYYR,Goose Bay,NL,2022-08-31T23:22:00Z,2022-09-01T02:52:56Z,Arrived,yes,departure,434,41000,2022-08-31T23:22:00Z,2022-09-01T02:52:19Z
SU-BTT,2022-09-01,SU-BTT,LFPB,Paris,IDF,KICT,Wichita,KS,2022-09-01T07:04:51Z,2022-09-01T16:34:06Z,Arrived,yes,arrival,642,43000,2022-09-01T07:04:51Z,2022-09-01T16:33:27Z
SU-BTT,2022-09-06,SU-BTT,KICT,Wichita,KS,KILG,Wilmington,DE,2022-09-06T11:58:47Z,2022-09-06T14:20:49Z,Arrived,yes,both,295,39000,2022-09-06T11:58:47Z,2022-09-06T14:20:09Z
SU-BTT,2022-09-08,SU-BTT,KILG,Wilmington,DE,HEAZ,El Nozha,C,2022-09-08T10:59:38Z,2022-09-08T10:59:38Z,result unknown,yes,departure,847,45000,2022-09-08T10:59:38Z,2022-09-08T21:27:44Z
SU-BTT,2022-11-13,SU-BTT,LFPB,Paris,IDF,KICT,Wichita,KS,2022-11-13T08:59:44Z,2022-11-13T18:40:41Z,Arrived,yes,arrival,666,43000,2022-11-13T08:59:44Z,2022-11-13T18:39:36Z
SU-BTT,2022-11-17,SU-BTT,KICT,Wichita,KS,KILG,Wilmington,DE,2022-11-17T14:54:35Z,2022-11-17T17:03:05Z,Arrived,yes,both,267,41000,2022-11-17T14:54:35Z,2022-11-17T17:02:49Z
SU-BTT,2022-11-20,SU-BTT,KILG,Wilmington,DE,L 30.21593 31.20521,Cairo,,2022-11-20T12:37:11Z,2022-11-20T12:37:11Z,result unknown,yes,departure,771,43100,2022-11-20T12:37:11Z,2022-11-20T21:58:00Z
SU-BTV,2022-11-22,SU-BTV,LFPB,Paris,IDF,KSUS,St Louis,MO,2022-11-22T08:58:07Z,2022-11-22T18:17:02Z,Arrived,yes,arrival,602,43000,2022-11-22T08:58:07Z,2022-11-22T18:16:08Z
SU-BTV,2022-11-27,SU-BTV,KSUS,St Louis,MO,KILG,Wilmington,DE,2022-11-27T15:34:47Z,2022-11-27T17:09:58Z,Arrived,yes,both,200,41000,2022-11-27T15:34:47Z,2022-11-27T17:09:02Z
SU-BTV,2022-11-29,SU-BTV,KILG,Wilmington,DE,L 30.86417 31.18017,Cairo,,2022-11-29T12:23:11Z,2022-11-29T12:23:11Z,result unknown,yes,departure,880,45000,2022-11-29T12:23:11Z,2022-11-29T22:37:01Z
SU-BTU,2022-12-01,SU-BTU,LFPB,Paris,IDF,KSUS,St Louis,MO,2022-12-01T09:04:28Z,2022-12-01T18:42:01Z,Arrived,yes,arrival,640,43000,2022-12-01T09:04:28Z,2022-12-01T18:40:55Z
SU-BTU,2022-12-05,SU-BTU,KSUS,St Louis,MO,KILG,Wilmington,DE,2022-12-05T14:32:12Z,2022-12-05T16:04:11Z,Arrived,yes,both,193,41000,2022-12-05T14:32:12Z,2022-12-05T16:03:13Z
SU-BTU,2022-12-08,SU-BTU,KILG,Wilmington,DE,L 31.31561 29.85852,Amreya,,2022-12-08T12:24:46Z,2022-12-08T12:24:46Z,result unknown,yes,departure,807,41000,2022-12-08T12:24:46Z,2022-12-08T22:50:22Z
SU-BTT,2022-12-20,SU-BTT,LFPB,Paris,IDF,KSUS,St Louis,MO,2022-12-20T08:56:28Z,2022-12-20T17:39:01Z,Arrived,yes,arrival,583,43000,2022-12-20T08:56:28Z,2022-12-20T17:37:26Z
SU-BTT,2022-12-27,SU-BTT,KSUS,St Louis,MO,KBGR,Bangor,ME,2022-12-27T08:52:42Z,2022-12-27T11:12:42Z,Arrived,yes,both,291,41000,2022-12-27T08:52:42Z,2022-12-27T11:12:01Z
SU-BTT,2022-12-27,SU-BTT,KBGR,Bangor,ME,L 31.42511 29.78857,Amreya,,2022-12-27T12:16:55Z,2022-12-27T12:16:55Z,result unknown,yes,departure,658,43100,2022-12-27T12:16:55Z,2022-12-27T20:39:00Z
SU-BTU,2023-01-20,SU-BTU,LFPB,Paris,IDF,KSUS,St Louis,MO,2023-01-20T10:19:38Z,2023-01-20T19:36:49Z,Arrived,yes,arrival,591,43000,2023-01-20T10:19:38Z,2023-01-20T19:35:40Z
SU-BTU,2023-01-24,SU-BTU,KSUS,St Louis,MO,KILG,Wilmington,DE,2023-01-24T15:58:35Z,2023-01-24T17:43:59Z,Arrived,yes,both,197,41000,2023-01-24T15:58:35Z,2023-01-24T17:30:58Z
SU-BTU,2023-01-27,SU-BTU,KILG,Wilmington,DE,L 30.95249 30.40763,Amreya,,2023-01-27T12:31:21Z,2023-01-27T12:31:21Z,result unknown,yes,departure,768,45000,2023-01-27T12:31:21Z,2023-01-27T22:13:28Z
SU-BTV,2023-02-07,SU-BTV,LFPB,Paris,IDF,KSUS,St Louis,MO,2023-02-07T12:26:15Z,2023-02-07T21:53:47Z,Arrived,yes,arrival,640,45000,2023-02-07T12:26:15Z,2023-02-07T21:52:52Z
SU-BTV,2023-02-10,SU-BTV,KSUS,St Louis,MO,KILG,Wilmington,DE,2023-02-10T15:10:13Z,2023-02-10T16:45:33Z,Arrived,yes,both,195,41000,2023-02-10T15:10:13Z,2023-02-10T16:40:21Z
SU-BTV,2023-02-13,SU-BTV,KILG,Wilmington,DE,L 31.35759 29.94798,Amreya,,2023-02-13T13:10:52Z,2023-02-13T13:10:52Z,result unknown,yes,departure,807,45000,2023-02-13T13:10:52Z,2023-02-13T22:55:47Z
SU-BND,2023-02-21,SU-BND,CYYR,Goose Bay,NL,KSUS,St Louis,MO,2023-02-21T15:44:02Z,2023-02-21T19:38:59Z,Arrived,yes,arrival,466,40000,2023-02-21T15:44:02Z,2023-02-21T19:37:49Z
SU-BND,2023-02-21,SU-BND,KSUS,St Louis,MO,KCPS,Cahokia/St Louis,IL,2023-02-21T20:25:52Z,2023-02-21T20:35:36Z,Arrived,yes,both,23,3200,2023-02-21T20:25:52Z,2023-02-21T20:34:59Z
SU-BTT,2023-02-25,SU-BTT,LFPB,Paris,IDF,KSUS,St Louis,MO,2023-02-25T10:07:27Z,2023-02-25T18:42:48Z,Arrived,yes,arrival,559,43100,2023-02-25T10:07:27Z,2023-02-25T18:41:54Z
SU-BTT,2023-03-02,SU-BTT,KSUS,St Louis,MO,KILG,Wilmington,DE,2023-03-02T14:01:58Z,2023-03-02T15:29:44Z,Arrived,yes,both,184,39000,2023-03-02T14:01:58Z,2023-03-02T15:29:20Z
SU-BTT,2023-03-04,SU-BTT,KILG,Wilmington,DE,L 29.92355 31.43824,Cairo,,2023-03-04T14:56:54Z,2023-03-04T14:56:54Z,result unknown,yes,departure,828,45000,2023-03-04T14:56:54Z,2023-03-05T01:20:06Z
SU-BTU,2023-03-07,SU-BTU,LFPB,Paris,IDF,KSUS,St Louis,MO,2023-03-07T10:19:03Z,2023-03-07T19:01:04Z,Arrived,yes,arrival,603,43000,2023-03-07T10:19:03Z,2023-03-07T18:59:55Z
SU-BTU,2023-03-13,SU-BTU,KSUS,St Louis,MO,KICT,Wichita,KS,2023-03-13T12:00:51Z,2023-03-13T12:58:55Z,Arrived,yes,both,125,40000,2023-03-13T12:00:51Z,2023-03-13T12:58:17Z
SU-BTU,2023-03-13,SU-BTU,KICT,Wichita,KS,KILG,Wilmington,DE,2023-03-13T14:21:23Z,2023-03-13T16:35:28Z,Arrived,yes,both,274,41100,2023-03-13T14:21:23Z,2023-03-13T16:34:28Z
SU-BTU,2023-03-14,SU-BTU,KILG,Wilmington,DE,L 31.31534 30.12904,Amreya,,2023-03-14T12:01:43Z,2023-03-14T12:01:43Z,result unknown,yes,departure,828,45000,2023-03-14T12:01:43Z,2023-03-14T21:59:46Z
SU-BGM,2023-03-28,SU-BGM,CYYR,Goose Bay,NL,KSUS,St Louis,MO,2023-03-28T14:26:52Z,2023-03-28T18:12:46Z,Arrived,yes,arrival,442,38000,2023-03-28T14:26:52Z,2023-03-28T18:12:08Z
SU-BGM,2023-03-28,SU-BGM,KSUS,St Louis,MO,KCPS,Cahokia/St Louis,IL,2023-03-28T19:07:24Z,2023-03-28T19:25:54Z,Arrived,yes,both,46,3600,2023-03-28T19:07:24Z,2023-03-28T19:25:17Z
SU-BTT,2023-04-06,SU-BTT,KSUS,St Louis,MO,KILG,Wilmington,DE,2023-04-06T13:58:18Z,2023-04-06T15:34:49Z,Arrived,yes,both,202,41000,2023-04-06T13:58:18Z,2023-04-06T15:33:49Z
SU-BTT,2023-04-08,SU-BTT,KILG,Wilmington,DE,HEAZ,El Nozha,C,2023-04-08T11:51:43Z,2023-04-08T21:45:59Z,Arrived,yes,departure,877,45000,2023-04-08T11:51:43Z,2023-04-08T21:45:22Z
SU-BTT,2023-04-14,SU-BTT,LFPB,Paris,IDF,KICT,Wichita,KS,2023-04-14T09:00:16Z,2023-04-14T18:24:17Z,Arrived,yes,arrival,618,43000,2023-04-14T09:00:16Z,2023-04-14T18:23:31Z
SU-BTT,2023-04-20,SU-BTT,KICT,Wichita,KS,KILG,Wilmington,DE,2023-04-20T14:46:26Z,2023-04-20T17:03:36Z,Arrived,yes,both,275,41100,2023-04-20T14:46:26Z,2023-04-20T17:01:18Z
SU-BTT,2023-04-21,SU-BTT,KILG,Wilmington,DE,L 30.57802 30.73222,Cairo,,2023-04-21T11:59:38Z,2023-04-21T11:59:38Z,result unknown,yes,departure,869,45000,2023-04-21T11:59:38Z,2023-04-21T22:27:39Z
SU-BTU,2023-05-01,SU-BTU,LFPB,Paris,IDF,KBGR,Bangor,ME,2023-05-01T11:13:02Z,2023-05-01T17:50:15Z,Arrived,yes,arrival,487,40100,2023-05-01T11:13:02Z,2023-05-01T17:49:20Z
SU-BTU,2023-05-01,SU-BTU,KBGR,Bangor,ME,KSUS,St Louis,MO,2023-05-01T18:45:38Z,2023-05-01T21:16:37Z,Arrived,yes,both,315,43000,2023-05-01T18:45:38Z,2023-05-01T21:16:01Z
SU-BND,2023-05-03,SU-BND,KCPS,Cahokia/St Louis,IL,KCPS,Cahokia/St Louis,IL,2023-05-03T15:28:29Z,2023-05-03T16:36:30Z,Arrived,yes,both,145,40000,2023-05-03T15:28:29Z,2023-05-03T16:35:35Z
SU-BTU,2023-05-06,SU-BTU,KSUS,St Louis,MO,KILG,Wilmington,DE,2023-05-06T13:36:37Z,2023-05-06T15:14:30Z,Arrived,yes,both,206,41000,2023-05-06T13:36:37Z,2023-05-06T15:13:52Z
SU-BTU,2023-05-08,SU-BTU,KILG,Wilmington,DE,L 29.72122 30.01454,Amreya,,2023-05-08T11:54:06Z,2023-05-08T11:54:06Z,result unknown,yes,departure,816,45000,2023-05-08T11:54:06Z,2023-05-08T21:39:26Z
SU-BND,2023-05-09,SU-BND,KCPS,Cahokia/St Louis,IL,CYYR,Goose Bay,NL,2023-05-09T20:02:01Z,2023-05-09T23:40:11Z,Arrived,yes,departure,444,41000,2023-05-09T20:02:01Z,2023-05-09T23:39:32Z
SU-BTU,2023-05-21,SU-BTU,LFPB,Paris,IDF,KSUS,St Louis,MO,2023-05-21T08:58:26Z,2023-05-21T18:10:22Z,Arrived,yes,arrival,773,43000,2023-05-21T08:58:26Z,2023-05-21T18:09:13Z
SU-BTU,2023-05-26,SU-BTU,KSUS,St Louis,MO,KILG,Wilmington,DE,2023-05-26T14:19:44Z,2023-05-26T16:05:39Z,Arrived,yes,both,213,41000,2023-05-26T14:19:44Z,2023-05-26T16:02:48Z
SU-BTU,2023-05-28,SU-BTU,KILG,Wilmington,DE,L 30.56012 30.92921,Cairo,,2023-05-28T11:34:37Z,2023-05-28T11:34:37Z,result unknown,yes,departure,919,45000,2023-05-28T11:34:37Z,2023-05-28T22:28:35Z
SU-BTV,2023-06-30,SU-BTV,LFPB,Paris,IDF,KSUS,St Louis,MO,2023-06-30T07:00:30Z,2023-06-30T15:45:05Z,Arrived,yes,arrival,742,43000,2023-06-30T07:00:30Z,2023-06-30T15:44:11Z
SU-BTV,2023-07-05,SU-BTV,KSUS,St Louis,MO,KILG,Wilmington,DE,2023-07-05T13:47:53Z,2023-07-05T15:39:26Z,Arrived,yes,both,237,41100,2023-07-05T13:47:53Z,2023-07-05T15:38:39Z
SU-BTV,2023-07-07,SU-BTV,KILG,Wilmington,DE,HEAZ,El Nozha,C,2023-07-07T12:06:59Z,2023-07-07T12:06:59Z,result unknown,yes,departure,913,43000,2023-07-07T12:06:59Z,2023-07-07T22:45:24Z
SU-BTU,2023-07-10,SU-BTU,LFPB,Paris,IDF,KSUS,St Louis,MO,2023-07-10T08:43:52Z,2023-07-10T17:23:32Z,Arrived,yes,arrival,722,43000,2023-07-10T08:43:52Z,2023-07-10T17:22:39Z
SU-BGM,2023-07-14,SU-BGM,KCPS,Cahokia/St Louis,IL,KCPS,Cahokia/St Louis,IL,2023-07-14T15:09:20Z,2023-07-14T16:18:34Z,Arrived,yes,both,161,45100,2023-07-14T15:09:20Z,2023-07-14T16:17:45Z
SU-BTU,2023-07-14,SU-BTU,KSUS,St Louis,MO,KILG,Wilmington,DE,2023-07-14T14:00:52Z,2023-07-14T15:47:21Z,Arrived,yes,both,219,41000,2023-07-14T14:00:52Z,2023-07-14T15:41:57Z
SU-BTU,2023-07-17,SU-BTU,KILG,Wilmington,DE,HEAZ,El Nozha,C,2023-07-17T11:50:08Z,2023-07-17T11:50:08Z,result unknown,yes,departure,937,45100,2023-07-17T11:50:08Z,2023-07-17T22:16:39Z
SU-BGM,2023-07-18,SU-BGM,KCPS,Cahokia/St Louis,IL,CYYR,Goose Bay,NL,2023-07-18T19:55:16Z,2023-07-18T23:08:21Z,Arrived,yes,departure,393,43000,2023-07-18T19:55:16Z,2023-07-18T23:07:28Z
SU-BTV,2023-07-24,SU-BTV,LFPB,Paris,IDF,KSUS,St Louis,MO,2023-07-24T09:15:16Z,2023-07-24T18:25:12Z,Arrived,yes,arrival,610,43000,2023-07-24T09:15:16Z,2023-07-24T18:24:03Z
SU-BTV,2023-07-28,SU-BTV,KSUS,St Louis,MO,KILG,Wilmington,DE,2023-07-28T14:49:26Z,2023-07-28T16:39:56Z,Arrived,yes,both,227,45100,2023-07-28T14:49:26Z,2023-07-28T16:36:17Z
SU-BTV,2023-07-31,SU-BTV,KILG,Wilmington,DE,HEAZ,El Nozha,C,2023-07-31T12:08:55Z,2023-07-31T21:50:11Z,Arrived,yes,departure,852,45000,2023-07-31T12:08:55Z,2023-07-31T21:48:31Z
SU-BTU,2023-08-11,SU-BTU,LFPB,Paris,IDF,KSUS,St Louis,MO,2023-08-11T06:50:03Z,2023-08-11T15:11:58Z,Arrived,yes,arrival,545,43100,2023-08-11T06:50:03Z,2023-08-11T15:11:20Z
SU-BTU,2023-08-16,SU-BTU,KSUS,St Louis,MO,KILG,Wilmington,DE,2023-08-16T13:48:19Z,2023-08-16T15:41:29Z,Arrived,yes,both,234,41000,2023-08-16T13:48:19Z,2023-08-16T15:34:06Z
SU-BTU,2023-08-18,SU-BTU,KILG,Wilmington,DE,HEAZ,El Nozha,C,2023-08-18T12:28:21Z,2023-08-18T23:03:18Z,Arrived,yes,departure,911,43000,2023-08-18T12:28:21Z,2023-08-18T23:01:08Z
SU-BTV,2023-09-19,SU-BTV,LFPB,Paris,IDF,KSUS,St Louis,MO,2023-09-19T06:41:19Z,2023-09-19T15:32:47Z,Arrived,yes,arrival,576,43000,2023-09-19T06:41:19Z,2023-09-19T15:31:52Z
SU-BTV,2023-09-19,SU-BTV,KSUS,St Louis,MO,KICT,Wichita,KS,2023-09-19T16:38:04Z,2023-09-19T17:34:48Z,Arrived,yes,both,135,32000,2023-09-19T16:38:04Z,2023-09-19T17:34:27Z
SU-BTV,2023-09-24,SU-BTV,KICT,Wichita,KS,KILG,Wilmington,DE,2023-09-24T12:55:57Z,2023-09-24T15:16:20Z,Arrived,yes,both,296,39000,2023-09-24T12:55:57Z,2023-09-24T15:15:04Z
SU-BTV,2023-09-26,SU-BTV,KILG,Wilmington,DE,HEAZ,El Nozha,C,2023-09-26T12:02:07Z,2023-09-26T12:02:07Z,result unknown,yes,departure,901,43000,2023-09-26T12:02:07Z,2023-09-26T22:26:08Z
SU-BTU,2023-10-08,SU-BTU,LFPB,Paris,IDF,KSUS,St Louis,MO,2023-10-08T09:35:13Z,2023-10-08T18:38:42Z,Arrived,yes,arrival,660,43000,2023-10-08T09:35:13Z,2023-10-08T18:37:40Z
SU-BTU,2023-10-13,SU-BTU,KSUS,St Louis,MO,KILG,Wilmington,DE,2023-10-13T14:52:59Z,2023-10-13T16:26:36Z,Arrived,yes,both,198,41000,2023-10-13T14:52:59Z,2023-10-13T16:22:39Z
SU-BTU,2023-10-15,SU-BTU,KILG,Wilmington,DE,L 30.88718 30.31271,Amreya,,2023-10-15T12:10:25Z,2023-10-15T12:10:25Z,result unknown,yes,departure,833,45000,2023-10-15T12:10:25Z,2023-10-15T22:05:42Z
SU-BTV,2023-10-30,SU-BTV,LFPB,Paris,IDF,KDTW,Detroit,MI,2023-10-30T16:50:14Z,2023-10-31T01:05:02Z,Arrived,yes,arrival,485,43000,2023-10-30T16:50:14Z,2023-10-31T01:04:09Z
SU-BTV,2023-10-31,SU-BTV,KDTW,Detroit,MI,KSUS,St Louis,MO,2023-10-31T02:10:22Z,2023-10-31T03:31:24Z,Arrived,yes,both,182,43000,2023-10-31T02:10:22Z,2023-10-31T03:30:46Z
SU-BTV,2023-11-02,SU-BTV,KSUS,St Louis,MO,KILG,Wilmington,DE,2023-11-02T14:42:16Z,2023-11-02T16:15:58Z,Arrived,yes,both,207,41000,2023-11-02T14:42:16Z,2023-11-02T16:15:23Z
SU-BTV,2023-11-05,SU-BTV,KILG,Wilmington,DE,HEAZ,El Nozha,C,2023-11-05T15:07:29Z,2023-11-06T00:45:52Z,Arrived,yes,departure,778,41100,2023-11-05T15:07:29Z,2023-11-06T00:45:11Z
SU-BTU,2023-11-23,SU-BTU,LFPB,Paris,IDF,KDTW,Detroit,MI,2023-11-23T08:40:08Z,2023-11-23T16:49:11Z,Arrived,yes,arrival,634,43000,2023-11-23T08:40:08Z,2023-11-23T16:48:17Z
SU-BTU,2023-11-23,SU-BTU,KDTW,Detroit,MI,KICT,Wichita,KS,2023-11-23T18:19:03Z,2023-11-23T20:13:20Z,Arrived,yes,both,238,43000,2023-11-23T18:19:03Z,2023-11-23T20:12:43Z
SU-BTU,2023-11-27,SU-BTU,KICT,Wichita,KS,KILG,Wilmington,DE,2023-11-27T16:12:58Z,2023-11-27T18:10:46Z,Arrived,yes,both,246,41000,2023-11-27T16:12:58Z,2023-11-27T18:08:35Z
SU-BTU,2023-11-30,SU-BTU,KILG,Wilmington,DE,L 29.95784 31.28077,Cairo,,2023-11-30T13:03:53Z,2023-11-30T13:03:53Z,result unknown,yes,departure,809,43100,2023-11-30T13:03:53Z,2023-11-30T23:07:45Z
SU-BTT,2024-02-09,SU-BTT,LFPB,Paris,IDF,KOMA,Omaha,NE,2024-02-09T07:52:37Z,2024-02-09T16:58:04Z,Arrived,yes,arrival,725,43000,2024-02-09T07:52:37Z,2024-02-09T16:56:53Z
SU-BTT,2024-02-09,SU-BTT,KOMA,Omaha,NE,KLNK,Lincoln,NE,2024-02-09T18:16:16Z,2024-02-09T18:40:06Z,Arrived,yes,both,61,8100,2024-02-09T18:16:16Z,2024-02-09T18:39:12Z
SU-BTT,2024-02-14,SU-BTT,KLNK,Lincoln,NE,KILG,Wilmington,DE,2024-02-14T14:38:35Z,2024-02-14T16:41:54Z,Arrived,yes,both,253,41000,2024-02-14T14:38:35Z,2024-02-14T16:38:44Z
SU-BTT,2024-02-16,SU-BTT,KILG,Wilmington,DE,HEAZ,El Nozha,C,2024-02-16T13:04:09Z,2024-02-16T13:04:09Z,result unknown,yes,departure,845,43000,2024-02-16T13:04:09Z,2024-02-16T23:05:17Z
SU-BTT,2024-03-29,SU-BTT,LFPB,Paris,IDF,KICT,Wichita,KS,2024-03-29T10:02:06Z,2024-03-29T19:20:11Z,Arrived,yes,arrival,575,43000,2024-03-29T10:02:06Z,2024-03-29T19:19:33Z
SU-BTT,2024-04-03,SU-BTT,KICT,Wichita,KS,KILG,Wilmington,DE,2024-04-03T13:43:22Z,2024-04-03T16:06:22Z,Arrived,yes,both,300,41000,2024-04-03T13:43:22Z,2024-04-03T16:05:33Z
SU-BTT,2024-04-05,SU-BTT,KILG,Wilmington,DE,HEMM,Marsa Matruh,MT,2024-04-05T11:56:31Z,2024-04-05T11:56:31Z,result unknown,yes,departure,857,45000,2024-04-05T11:56:31Z,2024-04-05T22:11:05Z
SU-BND,2024-04-19,SU-BND,CYYR,Goose Bay,NL,KSLC,Salt Lake City,UT,2024-04-19T14:41:52Z,2024-04-19T20:02:39Z,Arrived,yes,arrival,586,43000,2024-04-19T14:41:52Z,2024-04-19T20:02:02Z
SU-BND,2024-04-19,SU-BND,KSLC,Salt Lake City,UT,KPVU,Provo,UT,2024-04-19T21:10:22Z,2024-04-19T21:34:07Z,Arrived,yes,both,63,11900,2024-04-19T21:10:22Z,2024-04-19T21:33:14Z
SU-BTT,2024-04-23,SU-BTT,LFPB,Paris,IDF,KXWA,Williston,ND,2024-04-23T06:52:34Z,2024-04-23T15:18:13Z,Arrived,yes,arrival,528,43000,2024-04-23T06:52:34Z,2024-04-23T15:17:16Z
SU-BTT,2024-04-23,SU-BTT,KXWA,Williston,ND,KPVU,Provo,UT,2024-04-23T16:36:49Z,2024-04-23T18:13:20Z,Arrived,yes,both,208,38000,2024-04-23T16:36:49Z,2024-04-23T18:12:43Z
SU-BTT,2024-04-28,SU-BTT,KPVU,Provo,UT,KILG,Wilmington,DE,2024-04-28T13:55:09Z,2024-04-28T17:42:05Z,Arrived,yes,both,473,45000,2024-04-28T13:55:09Z,2024-04-28T17:41:20Z
SU-BTT,2024-04-30,SU-BTT,KILG,Wilmington,DE,L 29.98877 31.35811,Cairo,,2024-04-30T12:01:55Z,2024-04-30T12:01:55Z,result unknown,yes,departure,989,43000,2024-04-30T12:01:55Z,2024-04-30T22:57:57Z
SU-BGM,2024-07-08,SU-BGM,CYYR,Goose Bay,NL,KMOT,Minot,ND,2024-07-08T14:28:27Z,2024-07-08T18:21:28Z,Arrived,yes,arrival,405,43000,2024-07-08T14:28:27Z,2024-07-08T18:20:34Z
SU-BGM,2024-07-08,SU-BGM,KMOT,Minot,ND,KPVU,Provo,UT,2024-07-08T19:02:20Z,2024-07-08T20:41:04Z,Arrived,yes,both,209,43000,2024-07-08T19:02:20Z,2024-07-08T20:40:11Z
SU-BND,2024-07-12,SU-BND,KPVU,Provo,UT,KPVU,Provo,UT,2024-07-12T23:32:02Z,2024-07-13T00:35:35Z,Arrived,yes,both,148,44700,2024-07-12T23:32:02Z,2024-07-13T00:34:41Z
SU-BND,2024-07-17,SU-BND,KPVU,Provo,UT,CYYR,Goose Bay,NL,2024-07-17T15:55:11Z,2024-07-17T20:50:11Z,Arrived,yes,departure,541,41000,2024-07-17T15:55:11Z,2024-07-17T20:49:38Z
SU-BTU,2024-08-14,SU-BTU,LFPB,Paris,IDF,KICT,Wichita,KS,2024-08-14T07:58:43Z,2024-08-14T17:05:21Z,Arrived,yes,arrival,693,43000,2024-08-14T07:58:43Z,2024-08-14T17:04:27Z
SU-BTU,2024-08-18,SU-BTU,KICT,Wichita,KS,KILG,Wilmington,DE,2024-08-18T13:04:15Z,2024-08-18T15:26:52Z,Arrived,yes,both,302,41000,2024-08-18T13:04:15Z,2024-08-18T15:25:58Z
SU-BTU,2024-08-21,SU-BTU,KILG,Wilmington,DE,HEAZ,El Nozha,C,2024-08-21T12:01:59Z,2024-08-21T12:01:59Z,result unknown,yes,departure,903,43000,2024-08-21T12:01:59Z,2024-08-21T22:07:06Z
SU-BTV,2024-09-23,SU-BTV,LFPB,Paris,IDF,KICT,Wichita,KS,2024-09-23T09:04:40Z,2024-09-23T18:32:24Z,Arrived,yes,arrival,634,43000,2024-09-23T09:04:40Z,2024-09-23T18:31:46Z
SU-BTV,2024-09-28,SU-BTV,KICT,Wichita,KS,KILG,Wilmington,DE,2024-09-28T13:50:58Z,2024-09-28T16:20:14Z,Arrived,yes,both,316,43000,2024-09-28T13:50:58Z,2024-09-28T16:19:36Z
SU-BTV,2024-09-30,SU-BTV,KILG,Wilmington,DE,L 30.78319 31.14473,Cairo,,2024-09-30T11:59:34Z,2024-09-30T11:59:34Z,result unknown,yes,departure,931,45000,2024-09-30T11:59:34Z,2024-09-30T22:15:51Z
SU-BTU,2024-11-10,SU-BTU,LFPB,Paris,IDF,KOMA,Omaha,NE,2024-11-10T07:09:23Z,2024-11-10T16:44:06Z,Arrived,yes,arrival,756,43100,2024-11-10T07:09:23Z,2024-11-10T16:43:12Z
SU-BTU,2024-11-10,SU-BTU,KOMA,Omaha,NE,KLNK,Lincoln,NE,2024-11-10T17:49:25Z,2024-11-10T18:11:29Z,Arrived,yes,both,55,6000,2024-11-10T17:49:25Z,2024-11-10T18:10:52Z
SU-BTU,2024-11-14,SU-BTU,KLNK,Lincoln,NE,KILG,Wilmington,DE,2024-11-14T13:40:59Z,2024-11-14T15:59:19Z,Arrived,yes,both,296,43000,2024-11-14T13:40:59Z,2024-11-14T15:58:35Z
SU-BTU,2024-11-17,SU-BTU,KILG,Wilmington,DE,L 31.08777 31.12537,Cairo,,2024-11-17T12:54:05Z,2024-11-17T12:54:05Z,result unknown,yes,departure,916,45100,2024-11-17T12:54:05Z,2024-11-17T22:57:09Z
SU-BTU,2024-11-26,SU-BTU,LFPB,Paris,IDF,KOMA,Omaha,NE,2024-11-26T08:09:00Z,2024-11-26T17:30:32Z,Arrived,yes,arrival,814,43000,2024-11-26T08:09:00Z,2024-11-26T17:29:38Z
SU-BTU,2024-11-26,SU-BTU,KOMA,Omaha,NE,KLNK,Lincoln,NE,2024-11-26T18:42:11Z,2024-11-26T19:00:05Z,Arrived,yes,both,49,5800,2024-11-26T18:42:11Z,2024-11-26T18:59:24Z
SU-BTU,2024-12-01,SU-BTU,KLNK,Lincoln,NE,KILG,Wilmington,DE,2024-12-01T14:18:18Z,2024-12-01T16:21:48Z,Arrived,yes,both,261,41000,2024-12-01T14:18:18Z,2024-12-01T16:20:43Z
SU-BTU,2024-12-03,SU-BTU,KILG,Wilmington,DE,L 30.87767 31.24404,Cairo,,2024-12-03T13:17:28Z,2024-12-03T13:17:28Z,result unknown,yes,departure,916,43000,2024-12-03T13:17:28Z,2024-12-03T23:16:54Z
SU-BTV,2024-12-08,SU-BTV,LFPB,Paris,IDF,KICT,Wichita,KS,2024-12-08T08:58:37Z,2024-12-08T18:55:34Z,Arrived,yes,arrival,749,43000,2024-12-08T08:58:37Z,2024-12-08T18:54:17Z
SU-BTV,2024-12-10,SU-BTV,KICT,Wichita,KS,KILG,Wilmington,DE,2024-12-10T15:00:02Z,2024-12-10T17:08:42Z,Arrived,yes,both,270,41000,2024-12-10T15:00:02Z,2024-12-10T17:07:44Z
SU-BTV,2024-12-15,SU-BTV,KILG,Wilmington,DE,L 30.95249 31.16552,Cairo,,2024-12-15T13:12:12Z,2024-12-15T13:12:12Z,result unknown,yes,departure,917,45000,2024-12-15T13:12:12Z,2024-12-15T23:33:24Z
SU-BTU,2025-01-17,SU-BTU,LFPB,Paris,IDF,KOMA,Omaha,NE,2025-01-17T10:33:23Z,2025-01-17T19:48:42Z,Arrived,yes,arrival,750,40000,2025-01-17T10:33:23Z,2025-01-17T19:44:34Z
SU-BTU,2025-01-17,SU-BTU,KOMA,Omaha,NE,KLNK,Lincoln,NE,2025-01-17T21:09:57Z,2025-01-17T21:28:34Z,Arrived,yes,both,53,5400,2025-01-17T21:09:57Z,2025-01-17T21:27:41Z
SU-BTU,2025-01-23,SU-BTU,KLNK,Lincoln,NE,KILG,Wilmington,DE,2025-01-23T14:31:49Z,2025-01-23T16:33:29Z,Arrived,yes,both,257,41000,2025-01-23T14:31:49Z,2025-01-23T16:33:13Z
SU-BTU,2025-01-24,SU-BTU,KILG,Wilmington,DE,HEAZ,El Nozha,C,2025-01-24T13:03:44Z,2025-01-24T13:03:44Z,result unknown,yes,departure,822,43100,2025-01-24T13:03:44Z,2025-01-24T22:21:24Z
SU-BTV,2025-02-03,SU-BTV,LFPB,Paris,IDF,KDTW,Detroit,MI,2025-02-03T08:13:01Z,2025-02-03T16:41:31Z,Arrived,yes,arrival,644,43000,2025-02-03T08:13:01Z,2025-02-03T16:40:51Z
SU-BTV,2025-02-03,SU-BTV,KDTW,Detroit,MI,KLNK,Lincoln,NE,2025-02-03T18:01:21Z,2025-02-03T19:46:33Z,Arrived,yes,both,224,28000,2025-02-03T18:01:21Z,2025-02-03T19:46:01Z
SU-BTV,2025-02-09,SU-BTV,KLNK,Lincoln,NE,KILG,Wilmington,DE,2025-02-09T13:20:44Z,2025-02-09T15:12:14Z,Arrived,yes,both,237,41000,2025-02-09T13:20:44Z,2025-02-09T15:11:12Z
SU-BTV,2025-02-10,SU-BTV,KILG,Wilmington,DE,L 30.74529 31.26682,Cairo,,2025-02-10T13:02:11Z,2025-02-10T13:02:11Z,result unknown,yes,departure,817,45000,2025-02-10T13:02:11Z,2025-02-10T23:00:05Z
SU-BTU,2025-02-16,SU-BTU,LFPB,Paris,IDF,KSTL,St Louis,MO,2025-02-16T09:57:37Z,2025-02-16T19:07:57Z,Arrived,yes,arrival,593,43000,2025-02-16T09:57:37Z,2025-02-16T19:06:27Z
SU-BTU,2025-02-16,SU-BTU,KSTL,St Louis,MO,KCPS,Cahokia/St Louis,IL,2025-02-16T20:12:09Z,2025-02-16T20:27:43Z,Arrived,yes,both,45,3900,2025-02-16T20:12:09Z,2025-02-16T20:27:04Z
SU-BTU,2025-02-22,SU-BTU,KCPS,Cahokia/St Louis,IL,KILG,Wilmington,DE,2025-02-22T15:44:36Z,2025-02-22T17:22:03Z,Arrived,yes,both,214,39000,2025-02-22T15:44:36Z,2025-02-22T17:21:29Z
SU-BTU,2025-02-23,SU-BTU,KILG,Wilmington,DE,L 30.90811 30.86593,Cairo,,2025-02-23T13:05:30Z,2025-02-23T13:05:30Z,result unknown,yes,departure,800,45100,2025-02-23T13:05:30Z,2025-02-23T22:34:50Z
SU-BTV,2025-03-17,SU-BTV,LFPB,Paris,IDF,KOMA,Omaha,NE,2025-03-17T07:54:04Z,2025-03-17T16:32:47Z,Arrived,yes,arrival,525,43000,2025-03-17T07:54:04Z,2025-03-17T16:31:54Z
SU-BTV,2025-03-17,SU-BTV,KOMA,Omaha,NE,KLNK,Lincoln,NE,2025-03-17T17:57:26Z,2025-03-17T18:15:02Z,Arrived,yes,both,47,6200,2025-03-17T17:57:26Z,2025-03-17T18:14:09Z
SU-BTV,2025-03-23,SU-BTV,KLNK,Lincoln,NE,KILG,Wilmington,DE,2025-03-23T12:57:29Z,2025-03-23T14:58:41Z,Arrived,yes,both,255,41000,2025-03-23T12:57:29Z,2025-03-23T14:57:58Z
SU-BTV,2025-03-24,SU-BTV,KILG,Wilmington,DE,HEAZ,El Nozha,C,2025-03-24T11:48:47Z,2025-03-24T22:17:32Z,Arrived,yes,departure,898,45000,2025-03-24T11:48:47Z,2025-03-24T22:16:59Z
SU-BTV,2025-03-30,SU-BTV,LFPB,Paris,IDF,KDTW,Detroit,MI,2025-03-30T06:59:49Z,2025-03-30T15:02:30Z,Arrived,yes,arrival,608,40000,2025-03-30T06:59:49Z,2025-03-30T15:01:53Z
SU-BTV,2025-03-30,SU-BTV,KDTW,Detroit,MI,KICT,Wichita,KS,2025-03-30T16:13:42Z,2025-03-30T18:08:29Z,Arrived,yes,both,247,43000,2025-03-30T16:13:42Z,2025-03-30T18:07:56Z
SU-BTV,2025-04-03,SU-BTV,KICT,Wichita,KS,KILG,Wilmington,DE,2025-04-03T13:46:56Z,2025-04-03T15:57:58Z,Arrived,yes,both,272,39000,2025-04-03T13:46:56Z,2025-04-03T15:56:45Z
SU-BTV,2025-04-06,SU-BTV,KILG,Wilmington,DE,HEAZ,El Nozha,C,2025-04-06T11:55:55Z,2025-04-06T11:55:55Z,result unknown,yes,departure,883,43000,2025-04-06T11:55:55Z,2025-04-06T23:03:34Z
SU-BTU,2025-04-08,SU-BTU,LFPB,Paris,IDF,KMOT,Minot,ND,2025-04-08T07:04:16Z,2025-04-08T15:15:08Z,Arrived,yes,arrival,512,40000,2025-04-08T07:04:16Z,2025-04-08T15:13:52Z
SU-BTU,2025-04-08,SU-BTU,KMOT,Minot,ND,KPVU,Provo,UT,2025-04-08T16:50:16Z,2025-04-08T18:33:10Z,Arrived,yes,both,214,34000,2025-04-08T16:50:16Z,2025-04-08T18:32:00Z
SU-BGM,2025-04-10,SU-BGM,KPVU,Provo,UT,KPVU,Provo,UT,2025-04-10T21:17:46Z,2025-04-10T22:11:33Z,Arrived,yes,both,128,41000,2025-04-10T21:17:46Z,2025-04-10T22:10:56Z
SU-BTU,2025-04-14,SU-BTU,KPVU,Provo,UT,KILG,Wilmington,DE,2025-04-14T12:03:37Z,2025-04-14T15:23:10Z,Arrived,yes,both,417,41000,2025-04-14T12:03:37Z,2025-04-14T15:22:12Z
SU-BTU,2025-04-15,SU-BTU,KILG,Wilmington,DE,L 29.94398 31.28423,Cairo,,2025-04-15T12:31:09Z,2025-04-15T12:31:09Z,result unknown,yes,departure,897,45000,2025-04-15T12:31:09Z,2025-04-15T22:31:53Z
SU-BGM,2025-04-16,SU-BGM,KPVU,Provo,UT,CYYR,Goose Bay,NL,2025-04-16T18:15:24Z,2025-04-16T23:10:15Z,Arrived,yes,departure,565,43000,2025-04-16T18:15:24Z,2025-04-16T23:09:38Z
SU-BTU,2025-04-24,SU-BTU,LFPB,Paris,IDF,KOMA,Omaha,NE,2025-04-24T06:58:04Z,2025-04-24T15:49:53Z,Arrived,yes,arrival,716,43000,2025-04-24T06:58:04Z,2025-04-24T15:48:59Z
SU-BTU,2025-04-24,SU-BTU,KOMA,Omaha,NE,KLNK,Lincoln,NE,2025-04-24T16:54:55Z,2025-04-24T17:10:42Z,Arrived,yes,both,42,7900,2025-04-24T16:54:55Z,2025-04-24T17:10:01Z
SU-BTU,2025-04-30,SU-BTU,KLNK,Lincoln,NE,KILG,Wilmington,DE,2025-04-30T12:35:37Z,2025-04-30T14:42:08Z,Arrived,yes,both,264,43100,2025-04-30T12:35:37Z,2025-04-30T14:41:17Z
SU-BTU,2025-05-01,SU-BTU,KILG,Wilmington,DE,L 30.28761 31.26267,Cairo,,2025-05-01T11:53:17Z,2025-05-01T11:53:17Z,result unknown,yes,departure,885,45000,2025-05-01T11:53:17Z,2025-05-01T22:36:29Z
SU-BND,2025-05-23,SU-BND,CYYR,Goose Bay,NL,KMOT,Minot,ND,2025-05-23T14:06:15Z,2025-05-23T17:50:46Z,Arrived,yes,arrival,404,40000,2025-05-23T14:06:15Z,2025-05-23T17:49:52Z
SU-BND,2025-05-23,SU-BND,KMOT,Minot,ND,KPVU,Provo,UT,2025-05-23T18:46:40Z,2025-05-23T20:38:36Z,Arrived,yes,both,235,43000,2025-05-23T18:46:40Z,2025-05-23T20:37:43Z
SU-BTV,2025-05-27,SU-BTV,LFPB,Paris,IDF,KMOT,Minot,ND,2025-05-27T07:13:15Z,2025-05-27T15:34:35Z,Arrived,yes,arrival,592,43000,2025-05-27T07:13:15Z,2025-05-27T15:33:38Z
SU-BTV,2025-05-27,SU-BTV,KMOT,Minot,ND,KPVU,Provo,UT,2025-05-27T16:27:13Z,2025-05-27T18:02:08Z,Arrived,yes,both,194,40000,2025-05-27T16:27:13Z,2025-05-27T18:01:31Z
SU-BTV,2025-06-02,SU-BTV,KPVU,Provo,UT,KILG,Wilmington,DE,2025-06-02T13:14:55Z,2025-06-02T16:51:35Z,Arrived,yes,both,451,43000,2025-06-02T13:14:55Z,2025-06-02T16:50:54Z
SU-BTV,2025-06-03,SU-BTV,KILG,Wilmington,DE,HEAZ,El Nozha,C,2025-06-03T11:58:26Z,2025-06-03T11:58:26Z,result unknown,yes,departure,922,43000,2025-06-03T11:58:26Z,2025-06-03T22:19:31Z
SU-BTT,2025-07-20,SU-BTT,LFPB,Paris,IDF,KOMA,Omaha,NE,2025-07-20T07:28:01Z,2025-07-20T16:37:30Z,Arrived,yes,arrival,727,43000,2025-07-20T07:28:01Z,2025-07-20T16:36:19Z
SU-BTT,2025-07-20,SU-BTT,KOMA,Omaha,NE,KLNK,Lincoln,NE,2025-07-20T22:06:02Z,2025-07-20T22:20:46Z,Arrived,yes,both,41,6100,2025-07-20T22:06:02Z,2025-07-20T22:20:09Z
SU-BTT,2025-07-26,SU-BTT,KLNK,Lincoln,NE,KILG,Wilmington,DE,2025-07-26T12:29:48Z,2025-07-26T14:37:12Z,Arrived,yes,both,276,41000,2025-07-26T12:29:48Z,2025-07-26T14:36:16Z
SU-BTT,2025-07-27,SU-BTT,KILG,Wilmington,DE,HEAZ,El Nozha,C,2025-07-27T12:02:31Z,2025-07-27T22:20:58Z,Arrived,yes,departure,880,45000,2025-07-27T12:02:31Z,2025-07-27T22:20:19Z
SU-BTV,2025-07-30,SU-BTV,LFPB,Paris,IDF,KICT,Wichita,KS,2025-07-30T09:00:12Z,2025-07-30T18:58:13Z,Arrived,yes,arrival,767,47000,2025-07-30T09:00:12Z,2025-07-30T18:57:35Z
SU-BTV,2025-08-03,SU-BTV,KICT,Wichita,KS,KILG,Wilmington,DE,2025-08-03T13:39:16Z,2025-08-03T16:01:25Z,Arrived,yes,both,298,43000,2025-08-03T13:39:16Z,2025-08-03T16:00:30Z
SU-BTV,2025-08-06,SU-BTV,KILG,Wilmington,DE,HEAZ,El Nozha,C,2025-08-06T11:55:40Z,2025-08-06T11:55:40Z,result unknown,yes,departure,803,45000,2025-08-06T11:55:40Z,2025-08-06T21:54:11Z
SU-BTT,2025-08-17,SU-BTT,L 50.20679 1.94393,Buigny,,KOMA,Omaha,NE,2025-08-17T07:22:07Z,2025-08-17T15:50:21Z,Arrived,yes,arrival,647,43000,2025-08-17T07:24:07Z,2025-08-17T15:49:12Z
SU-BTT,2025-08-17,SU-BTT,KOMA,Omaha,NE,KLNK,Lincoln,NE,2025-08-17T16:45:16Z,2025-08-17T17:00:23Z,Arrived,yes,both,44,5000,2025-08-17T16:45:16Z,2025-08-17T16:59:51Z
SU-BTT,2025-08-23,SU-BTT,KLNK,Lincoln,NE,KILG,Wilmington,DE,2025-08-23T12:39:09Z,2025-08-23T14:44:54Z,Arrived,yes,both,258,41000,2025-08-23T12:39:09Z,2025-08-23T14:43:09Z
SU-BTT,2025-08-24,SU-BTT,KILG,Wilmington,DE,HEAZ,El Nozha,C,2025-08-24T11:47:48Z,2025-08-24T21:55:29Z,Arrived,yes,departure,860,43000,2025-08-24T11:47:48Z,2025-08-24T21:53:24Z
SU-BTT,2025-09-04,SU-BTT,LFPB,Paris,IDF,KMOT,Minot,ND,2025-09-04T07:11:54Z,2025-09-04T16:04:07Z,Arrived,yes,arrival,528,43000,2025-09-04T07:11:54Z,2025-09-04T16:02:29Z
SU-BTT,2025-09-04,SU-BTT,KMOT,Minot,ND,KPVU,Provo,UT,2025-09-04T17:07:37Z,2025-09-04T18:46:19Z,Arrived,yes,both,204,40000,2025-09-04T17:07:37Z,2025-09-04T18:45:42Z
SU-BND,2025-09-05,SU-BND,KPVU,Provo,UT,KPVU,Provo,UT,2025-09-05T18:06:31Z,2025-09-05T19:14:29Z,Arrived,yes,both,149,45000,2025-09-05T18:06:31Z,2025-09-05T19:13:52Z
SU-BTT,2025-09-10,SU-BTT,KPVU,Provo,UT,KILG,Wilmington,DE,2025-09-10T13:14:14Z,2025-09-10T16:51:36Z,Arrived,yes,both,456,41100,2025-09-10T13:14:14Z,2025-09-10T16:50:46Z
SU-BTT,2025-09-11,SU-BTT,KILG,Wilmington,DE,HEAZ,El Nozha,C,2025-09-11T11:56:26Z,2025-09-11T21:36:19Z,Arrived,yes,departure,833,43000,2025-09-11T11:56:26Z,2025-09-11T21:35:29Z
SU-BND,2025-09-13,SU-BND,KPVU,Provo,UT,CYYR,Goose Bay,NL,2025-09-13T18:57:48Z,2025-09-14T00:07:51Z,Arrived,yes,departure,583,41000,2025-09-13T18:57:48Z,2025-09-14T00:07:03Z
SU-BTV,2025-10-05,SU-BTV,LFPB,Paris,IDF,KOMA,Omaha,NE,2025-10-05T06:54:50Z,2025-10-05T16:15:41Z,Arrived,yes,arrival,780,43000,2025-10-05T06:54:50Z,2025-10-05T16:14:31Z
SU-BTV,2025-10-05,SU-BTV,KOMA,Omaha,NE,KLNK,Lincoln,NE,2025-10-05T17:07:46Z,2025-10-05T17:25:53Z,Arrived,yes,both,50,5100,2025-10-05T17:07:46Z,2025-10-05T17:25:21Z
SU-BTV,2025-10-11,SU-BTV,KLNK,Lincoln,NE,KILG,Wilmington,DE,2025-10-11T12:51:53Z,2025-10-11T15:06:36Z,Arrived,yes,both,287,43000,2025-10-11T12:51:53Z,2025-10-11T15:05:42Z
SU-BTV,2025-10-12,SU-BTV,KILG,Wilmington,DE,L 30.76312 30.94733,Cairo,,2025-10-12T11:58:13Z,2025-10-12T11:58:13Z,result unknown,yes,departure,878,45000,2025-10-12T11:58:13Z,2025-10-12T22:28:38Z
SU-BTV,2025-11-12,SU-BTV,LFPB,Paris,IDF,KOMA,Omaha,NE,2025-11-12T07:58:30Z,2025-11-12T16:51:22Z,Arrived,yes,arrival,527,43000,2025-11-12T07:58:30Z,2025-11-12T16:50:29Z
SU-BTV,2025-11-12,SU-BTV,KOMA,Omaha,NE,KLNK,Lincoln,NE,2025-11-12T17:52:30Z,2025-11-12T18:10:25Z,Arrived,yes,both,51,7800,2025-11-12T17:52:30Z,2025-11-12T18:09:47Z
SU-BTV,2025-11-18,SU-BTV,KLNK,Lincoln,NE,KILG,Wilmington,DE,2025-11-18T18:45:43Z,2025-11-18T20:49:51Z,Arrived,yes,both,260,41000,2025-11-18T18:45:43Z,2025-11-18T20:49:02Z
SU-BTV,2025-11-19,SU-BTV,KILG,Wilmington,DE,HEAZ,El Nozha,C,2025-11-19T13:07:37Z,2025-11-19T23:28:33Z,Arrived,yes,departure,863,45000,2025-11-19T13:07:37Z,2025-11-19T23:28:06Z
