tail,date,group,classification,adsb_lol_http,tails_asked_of_adsb_lol_that_day,tails_adsb_lol_served_that_day,al_trace_points,region,median_lat,median_lon,adsb_lol_github_release,aircraft_in_that_release,al_file,adsb_lol_url,retrieved_utc
CONTROL-LUFTHANSA,2023-02-07,CONTROL_AIRLINER,ADSB_LOL_ARCHIVE_ABSENT_THAT_DAY,404,14,0,2530,EUROPE,49.171,10.206,NO_RELEASE_FOR_THIS_DATE,0,CONTROL-LUFTHANSA/data/recovered/CONTROL-LUFTHANSA_2023-02-07_airplanes-live_trace_full.json.gz,https://adsb.lol/globe_history/2023/02/07/traces/44/trace_full_3c6444.json,2026-08-24T22:34:49Z
CONTROL-LUFTHANSA,2023-02-09,CONTROL_AIRLINER,ADSB_LOL_ARCHIVE_ABSENT_THAT_DAY,404,14,0,3513,EUROPE,50.781,10.783,NO_RELEASE_FOR_THIS_DATE,0,CONTROL-LUFTHANSA/data/recovered/CONTROL-LUFTHANSA_2023-02-09_airplanes-live_trace_full.json.gz,https://adsb.lol/globe_history/2023/02/09/traces/44/trace_full_3c6444.json,2026-08-26T18:10:59Z
CONTROL-LUFTHANSA,2023-02-10,CONTROL_AIRLINER,ARCHIVE_COVERAGE_GAP_WHOLE_DAY,404,14,0,3357,EUROPE,51.878,11.009,NOT_SWEPT,,CONTROL-LUFTHANSA/data/recovered/CONTROL-LUFTHANSA_2023-02-10_airplanes-live_trace_full.json.gz,https://adsb.lol/globe_history/2023/02/10/traces/44/trace_full_3c6444.json,2026-08-26T18:11:01Z
CONTROL-LUFTHANSA,2023-02-11,CONTROL_AIRLINER,ARCHIVE_COVERAGE_GAP_WHOLE_DAY,404,8,0,1453,EUROPE,48.102,11.809,NOT_SWEPT,,CONTROL-LUFTHANSA/data/recovered/CONTROL-LUFTHANSA_2023-02-11_airplanes-live_trace_full.json.gz,https://adsb.lol/globe_history/2023/02/11/traces/44/trace_full_3c6444.json,2026-08-26T18:11:03Z
CONTROL-LUFTHANSA,2024-03-22,CONTROL_AIRLINER,ONE_ARCHIVE_ONLY,404,14,3,354,EUROPE,46.671,11.199,SWEPT,19803,CONTROL-LUFTHANSA/data/recovered/CONTROL-LUFTHANSA_2024-03-22_airplanes-live_trace_full.json.gz,https://adsb.lol/globe_history/2024/03/22/traces/44/trace_full_3c6444.json,2026-08-26T18:14:25Z
CONTROL-LUFTHANSA,2025-10-14,CONTROL_AIRLINER,RETENTION_SERVING_BOUNDARY,403,14,0,4656,EUROPE,49.995,9.287,NOT_SWEPT,,CONTROL-LUFTHANSA/data/recovered/CONTROL-LUFTHANSA_2025-10-14_airplanes-live_trace_full.json.gz,https://adsb.lol/globe_history/2025/10/14/traces/44/trace_full_3c6444.json,2026-08-24T22:37:32Z
CONTROL-LUFTHANSA,2025-10-22,CONTROL_AIRLINER,RETENTION_SERVING_BOUNDARY,403,14,0,3982,EUROPE,50.204,11.107,SWEPT,73154,CONTROL-LUFTHANSA/data/recovered/CONTROL-LUFTHANSA_2025-10-22_airplanes-live_trace_full.json.gz,https://adsb.lol/globe_history/2025/10/22/traces/44/trace_full_3c6444.json,2026-08-24T22:37:34Z
CONTROL-LUFTHANSA,2025-10-31,CONTROL_AIRLINER,RETENTION_SERVING_BOUNDARY,403,14,0,6055,EUROPE,50.059,9.018,NOT_SWEPT,,CONTROL-LUFTHANSA/data/recovered/CONTROL-LUFTHANSA_2025-10-31_airplanes-live_trace_full.json.gz,https://adsb.lol/globe_history/2025/10/31/traces/44/trace_full_3c6444.json,2026-08-24T22:37:37Z
CONTROL-RYANAIR,2023-02-09,CONTROL_AIRLINER,ADSB_LOL_ARCHIVE_ABSENT_THAT_DAY,404,14,0,370,EUROPE,39.589,2.035,NO_RELEASE_FOR_THIS_DATE,0,CONTROL-RYANAIR/data/recovered/CONTROL-RYANAIR_2023-02-09_airplanes-live_trace_full.json.gz,https://adsb.lol/globe_history/2023/02/09/traces/b5/trace_full_4ca7b5.json,2026-08-26T18:01:30Z
CONTROL-RYANAIR,2023-02-10,CONTROL_AIRLINER,ARCHIVE_COVERAGE_GAP_WHOLE_DAY,404,14,0,1311,EUROPE,40.078,0.932,NOT_SWEPT,,CONTROL-RYANAIR/data/recovered/CONTROL-RYANAIR_2023-02-10_airplanes-live_trace_full.json.gz,https://adsb.lol/globe_history/2023/02/10/traces/b5/trace_full_4ca7b5.json,2026-08-26T18:01:32Z
CONTROL-RYANAIR,2023-02-11,CONTROL_AIRLINER,ARCHIVE_COVERAGE_GAP_WHOLE_DAY,404,8,0,49,EUROPE,38.626,-1.868,NOT_SWEPT,,CONTROL-RYANAIR/data/recovered/CONTROL-RYANAIR_2023-02-11_airplanes-live_trace_full.json.gz,https://adsb.lol/globe_history/2023/02/11/traces/b5/trace_full_4ca7b5.json,2026-08-26T18:01:34Z
CONTROL-RYANAIR,2023-03-31,CONTROL_AIRLINER,ONE_ARCHIVE_ONLY,404,14,2,2217,EUROPE,49.356,4.622,NOT_SWEPT,,CONTROL-RYANAIR/data/recovered/CONTROL-RYANAIR_2023-03-31_airplanes-live_trace_full.json.gz,https://adsb.lol/globe_history/2023/03/31/traces/b5/trace_full_4ca7b5.json,2026-08-26T18:02:05Z
CONTROL-RYANAIR,2025-06-19,CONTROL_AIRLINER,ONE_ARCHIVE_ONLY,404,8,1,1800,EUROPE,49.704,6.586,NOT_SWEPT,,CONTROL-RYANAIR/data/recovered/CONTROL-RYANAIR_2025-06-19_airplanes-live_trace_full.json.gz,https://adsb.lol/globe_history/2025/06/19/traces/b5/trace_full_4ca7b5.json,2026-08-26T18:08:59Z
N102DZ,2023-02-06,US_PRIVATE,ARCHIVE_COVERAGE_GAP_WHOLE_DAY,404,12,0,330,USA,30.7,-81.847,NOT_SWEPT,,N102DZ/data/recovered/N102DZ_2023-02-06_airplanes-live_trace_full.json.gz,https://adsb.lol/globe_history/2023/02/06/traces/85/trace_full_a00c85.json,2026-08-24T20:47:41Z
N102DZ,2023-02-08,US_PRIVATE,ADSB_LOL_ARCHIVE_ABSENT_THAT_DAY,404,12,0,335,USA,29.719,-81.54,NO_RELEASE_FOR_THIS_DATE,0,N102DZ/data/recovered/N102DZ_2023-02-08_airplanes-live_trace_full.json.gz,https://adsb.lol/globe_history/2023/02/08/traces/85/trace_full_a00c85.json,2026-08-24T20:47:44Z
N102DZ,2023-03-25,US_PRIVATE,ONE_ARCHIVE_ONLY,404,12,2,101,OTHER,35.989,139.013,NOT_SWEPT,,N102DZ/data/recovered/N102DZ_2023-03-25_airplanes-live_trace_full.json.gz,https://adsb.lol/globe_history/2023/03/25/traces/85/trace_full_a00c85.json,2026-08-24T20:48:30Z
N102DZ,2023-03-31,US_PRIVATE,ONE_ARCHIVE_ONLY,404,14,2,101,OTHER,34.957,138.412,NOT_SWEPT,,N102DZ/data/recovered/N102DZ_2023-03-31_airplanes-live_trace_full.json.gz,https://adsb.lol/globe_history/2023/03/31/traces/85/trace_full_a00c85.json,2026-08-24T20:48:38Z
N102DZ,2024-02-04,US_PRIVATE,ARCHIVE_COVERAGE_GAP_WHOLE_DAY,404,12,0,297,OTHER,-34.409,-59.254,SWEPT,45226,N102DZ/data/recovered/N102DZ_2024-02-04_airplanes-live_trace_full.json.gz,https://adsb.lol/globe_history/2024/02/04/traces/85/trace_full_a00c85.json,2026-08-24T20:52:42Z
N102DZ,2024-03-04,US_PRIVATE,ONE_ARCHIVE_ONLY,404,12,1,357,OTHER,-17.096,-149.581,NOT_SWEPT,,N102DZ/data/recovered/N102DZ_2024-03-04_airplanes-live_trace_full.json.gz,https://adsb.lol/globe_history/2024/03/04/traces/85/trace_full_a00c85.json,2026-08-24T20:52:47Z
N102DZ,2024-09-16,US_PRIVATE,ONE_ARCHIVE_ONLY,404,12,1,1310,USA,39.663,-99.078,NOT_SWEPT,,N102DZ/data/recovered/N102DZ_2024-09-16_airplanes-live_trace_full.json.gz,https://adsb.lol/globe_history/2024/09/16/traces/85/trace_full_a00c85.json,2026-08-24T20:55:38Z
N102DZ,2024-09-21,US_PRIVATE,ONE_ARCHIVE_ONLY,404,12,3,19,USA,34.207,-118.494,NOT_SWEPT,,N102DZ/data/recovered/N102DZ_2024-09-21_airplanes-live_trace_full.json.gz,https://adsb.lol/globe_history/2024/09/21/traces/85/trace_full_a00c85.json,2026-08-24T20:55:48Z
N102DZ,2024-10-23,US_PRIVATE,ONE_ARCHIVE_ONLY,404,12,4,131,USA,34.219,-118.494,SWEPT,67547,N102DZ/data/recovered/N102DZ_2024-10-23_airplanes-live_trace_full.json.gz,https://adsb.lol/globe_history/2024/10/23/traces/85/trace_full_a00c85.json,2026-08-24T20:56:32Z
N102DZ,2025-05-02,US_PRIVATE,ONE_ARCHIVE_ONLY,404,14,6,1,USA,40.84,-74.064,SWEPT,68931,N102DZ/data/recovered/N102DZ_2025-05-02_airplanes-live_trace_full.json.gz,https://adsb.lol/globe_history/2025/05/02/traces/85/trace_full_a00c85.json,2026-08-24T20:58:57Z
N102DZ,2025-10-15,US_PRIVATE,RETENTION_SERVING_BOUNDARY,403,12,0,1492,USA,38.934,-87.947,TRUNCATED,54488,N102DZ/data/recovered/N102DZ_2025-10-15_airplanes-live_trace_full.json,https://adsb.lol/globe_history/2025/10/15/traces/85/trace_full_a00c85.json,2026-08-24T21:01:00Z
N102DZ,2025-10-16,US_PRIVATE,RETENTION_SERVING_BOUNDARY,403,12,0,596,USA,34.703,-111.256,SWEPT,77386,N102DZ/data/recovered/N102DZ_2025-10-16_airplanes-live_trace_full.json,https://adsb.lol/globe_history/2025/10/16/traces/85/trace_full_a00c85.json,2026-08-24T21:01:01Z
N102DZ,2025-10-20,US_PRIVATE,RETENTION_SERVING_BOUNDARY,403,12,0,1804,USA,42.136,-91.893,SWEPT,65966,N102DZ/data/recovered/N102DZ_2025-10-20_airplanes-live_trace_full.json.gz,https://adsb.lol/globe_history/2025/10/20/traces/85/trace_full_a00c85.json,2026-08-24T21:01:09Z
N102DZ,2025-10-21,US_PRIVATE,RETENTION_SERVING_BOUNDARY,403,12,0,980,USA,42.13,-79.349,SWEPT,71421,N102DZ/data/recovered/N102DZ_2025-10-21_airplanes-live_trace_full.json.gz,https://adsb.lol/globe_history/2025/10/21/traces/85/trace_full_a00c85.json,2026-08-24T21:01:11Z
N102DZ,2025-10-22,US_PRIVATE,RETENTION_SERVING_BOUNDARY,403,14,0,3032,USA,41.957,-86.327,SWEPT,73154,N102DZ/data/recovered/N102DZ_2025-10-22_airplanes-live_trace_full.json.gz,https://adsb.lol/globe_history/2025/10/22/traces/85/trace_full_a00c85.json,2026-08-24T21:01:13Z
N102DZ,2025-10-29,US_PRIVATE,RETENTION_SERVING_BOUNDARY,403,12,0,1124,USA,33.132,-102.217,SWEPT,67108,N102DZ/data/recovered/N102DZ_2025-10-29_airplanes-live_trace_full.json.gz,https://adsb.lol/globe_history/2025/10/29/traces/85/trace_full_a00c85.json,2026-08-24T21:01:24Z
N102DZ,2025-10-30,US_PRIVATE,RETENTION_SERVING_BOUNDARY,403,12,0,1293,USA,35.025,-102.15,SWEPT,71447,N102DZ/data/recovered/N102DZ_2025-10-30_airplanes-live_trace_full.json.gz,https://adsb.lol/globe_history/2025/10/30/traces/85/trace_full_a00c85.json,2026-08-24T21:01:26Z
N40JD,2023-08-24,US_PRIVATE,ONE_ARCHIVE_ONLY,404,14,4,1,USA,30.395,-85.829,SWEPT,55348,N40JD/data/recovered/N40JD_2023-08-24_airplanes-live_trace_full.json.gz,https://adsb.lol/globe_history/2023/08/24/traces/14/trace_full_a4ab14.json,2026-08-24T22:17:56Z
N40JD,2025-10-15,US_PRIVATE,RETENTION_SERVING_BOUNDARY,403,12,0,425,USA,34.322,-112.784,TRUNCATED,54488,N40JD/data/recovered/N40JD_2025-10-15_airplanes-live_trace_full.json,https://adsb.lol/globe_history/2025/10/15/traces/14/trace_full_a4ab14.json,2026-08-24T22:28:14Z
N40JD,2025-10-16,US_PRIVATE,RETENTION_SERVING_BOUNDARY,403,12,0,502,USA,35.987,-120.837,SWEPT,77386,N40JD/data/recovered/N40JD_2025-10-16_airplanes-live_trace_full.json,https://adsb.lol/globe_history/2025/10/16/traces/14/trace_full_a4ab14.json,2026-08-24T22:28:15Z
N40JD,2025-10-17,US_PRIVATE,RETENTION_SERVING_BOUNDARY,403,12,0,1987,USA,36.024,-120.781,SWEPT,80766,N40JD/data/recovered/N40JD_2025-10-17_airplanes-live_trace_full.json.gz,https://adsb.lol/globe_history/2025/10/17/traces/14/trace_full_a4ab14.json,2026-08-24T22:28:17Z
N40JD,2025-10-18,US_PRIVATE,RETENTION_SERVING_BOUNDARY,403,12,0,902,USA,36.074,-115.387,NOT_SWEPT,,N40JD/data/recovered/N40JD_2025-10-18_airplanes-live_trace_full.json.gz,https://adsb.lol/globe_history/2025/10/18/traces/14/trace_full_a4ab14.json,2026-08-24T22:28:19Z
N40JD,2025-10-19,US_PRIVATE,RETENTION_SERVING_BOUNDARY,403,12,0,1986,USA,35.539,-116.886,NOT_SWEPT,,N40JD/data/recovered/N40JD_2025-10-19_airplanes-live_trace_full.json.gz,https://adsb.lol/globe_history/2025/10/19/traces/14/trace_full_a4ab14.json,2026-08-24T22:28:22Z
N40JD,2025-10-20,US_PRIVATE,RETENTION_SERVING_BOUNDARY,403,12,0,1517,USA,34.259,-111.333,SWEPT,65966,N40JD/data/recovered/N40JD_2025-10-20_airplanes-live_trace_full.json.gz,https://adsb.lol/globe_history/2025/10/20/traces/14/trace_full_a4ab14.json,2026-08-24T22:28:24Z
N40JD,2025-10-23,US_PRIVATE,RETENTION_SERVING_BOUNDARY,403,12,0,3296,USA,37.637,-111.913,NOT_SWEPT,,N40JD/data/recovered/N40JD_2025-10-23_airplanes-live_trace_full.json.gz,https://adsb.lol/globe_history/2025/10/23/traces/14/trace_full_a4ab14.json,2026-08-24T22:28:30Z
N40JD,2025-10-25,US_PRIVATE,RETENTION_SERVING_BOUNDARY,403,12,0,1383,USA,36.001,-110.47,NOT_SWEPT,,N40JD/data/recovered/N40JD_2025-10-25_airplanes-live_trace_full.json.gz,https://adsb.lol/globe_history/2025/10/25/traces/14/trace_full_a4ab14.json,2026-08-24T22:28:32Z
N40JD,2025-10-26,US_PRIVATE,RETENTION_SERVING_BOUNDARY,403,12,0,983,USA,34.6,-116.036,SWEPT,57963,N40JD/data/recovered/N40JD_2025-10-26_airplanes-live_trace_full.json.gz,https://adsb.lol/globe_history/2025/10/26/traces/14/trace_full_a4ab14.json,2026-08-24T22:28:34Z
N40JD,2025-10-27,US_PRIVATE,RETENTION_SERVING_BOUNDARY,403,12,0,2788,USA,33.684,-116.559,SWEPT,62074,N40JD/data/recovered/N40JD_2025-10-27_airplanes-live_trace_full.json.gz,https://adsb.lol/globe_history/2025/10/27/traces/14/trace_full_a4ab14.json,2026-08-24T22:28:36Z
N40JD,2025-10-29,US_PRIVATE,RETENTION_SERVING_BOUNDARY,403,12,0,1808,USA,34.187,-115.05,SWEPT,67108,N40JD/data/recovered/N40JD_2025-10-29_airplanes-live_trace_full.json.gz,https://adsb.lol/globe_history/2025/10/29/traces/14/trace_full_a4ab14.json,2026-08-24T22:28:40Z
N560TW,2023-03-09,US_PRIVATE,ADSB_LOL_ARCHIVE_ABSENT_THAT_DAY,404,12,1,208,USA,37.794,-84.654,NO_RELEASE_FOR_THIS_DATE,0,N560TW/data/recovered/N560TW_2023-03-09_airplanes-live_trace_full.json.gz,https://adsb.lol/globe_history/2023/03/09/traces/a8/trace_full_a728a8.json,2026-08-24T21:21:32Z
N560TW,2024-03-22,US_PRIVATE,ONE_ARCHIVE_ONLY,404,14,3,724,USA,32.885,-98.138,SWEPT,19803,N560TW/data/recovered/N560TW_2024-03-22_airplanes-live_trace_full.json.gz,https://adsb.lol/globe_history/2024/03/22/traces/a8/trace_full_a728a8.json,2026-08-24T21:27:00Z
N560TW,2025-10-14,US_PRIVATE,RETENTION_SERVING_BOUNDARY,403,14,0,2051,USA,34.419,-112.045,NOT_SWEPT,,N560TW/data/recovered/N560TW_2025-10-14_airplanes-live_trace_full.json,https://adsb.lol/globe_history/2025/10/14/traces/a8/trace_full_a728a8.json,2026-08-24T21:34:31Z
N560TW,2025-10-17,US_PRIVATE,RETENTION_SERVING_BOUNDARY,403,12,0,1627,USA,38.37,-98.88,SWEPT,80766,N560TW/data/recovered/N560TW_2025-10-17_airplanes-live_trace_full.json.gz,https://adsb.lol/globe_history/2025/10/17/traces/a8/trace_full_a728a8.json,2026-08-24T21:34:37Z
N560TW,2025-10-19,US_PRIVATE,RETENTION_SERVING_BOUNDARY,403,12,0,2166,USA,36.308,-98.093,NOT_SWEPT,,N560TW/data/recovered/N560TW_2025-10-19_airplanes-live_trace_full.json.gz,https://adsb.lol/globe_history/2025/10/19/traces/a8/trace_full_a728a8.json,2026-08-24T21:34:41Z
N560TW,2025-10-28,US_PRIVATE,RETENTION_SERVING_BOUNDARY,403,12,0,450,USA,37.934,-84.484,TRUNCATED,0,N560TW/data/recovered/N560TW_2025-10-28_airplanes-live_trace_full.json.gz,https://adsb.lol/globe_history/2025/10/28/traces/a8/trace_full_a728a8.json,2026-08-24T21:34:55Z
N560TW,2025-10-30,US_PRIVATE,RETENTION_SERVING_BOUNDARY,403,12,0,1213,USA,37.751,-81.894,SWEPT,71447,N560TW/data/recovered/N560TW_2025-10-30_airplanes-live_trace_full.json.gz,https://adsb.lol/globe_history/2025/10/30/traces/a8/trace_full_a728a8.json,2026-08-24T21:34:59Z
N560TW,2025-10-31,US_PRIVATE,RETENTION_SERVING_BOUNDARY,403,14,0,770,USA,33.924,-85.281,NOT_SWEPT,,N560TW/data/recovered/N560TW_2025-10-31_airplanes-live_trace_full.json.gz,https://adsb.lol/globe_history/2025/10/31/traces/a8/trace_full_a728a8.json,2026-08-24T21:35:01Z
N582MM,2023-02-06,US_PRIVATE,ARCHIVE_COVERAGE_GAP_WHOLE_DAY,404,12,0,959,USA,36.088,-90.881,NOT_SWEPT,,N582MM/data/recovered/N582MM_2023-02-06_airplanes-live_trace_full.json.gz,https://adsb.lol/globe_history/2023/02/06/traces/75/trace_full_a77e75.json,2026-08-24T21:38:13Z
N582MM,2023-02-08,US_PRIVATE,ADSB_LOL_ARCHIVE_ABSENT_THAT_DAY,404,12,0,418,USA,35.794,-110.104,NO_RELEASE_FOR_THIS_DATE,0,N582MM/data/recovered/N582MM_2023-02-08_airplanes-live_trace_full.json.gz,https://adsb.lol/globe_history/2023/02/08/traces/75/trace_full_a77e75.json,2026-08-24T21:38:17Z
N582MM,2024-03-22,US_PRIVATE,ONE_ARCHIVE_ONLY,404,14,3,874,USA,33.795,-111.956,SWEPT,19803,N582MM/data/recovered/N582MM_2024-03-22_airplanes-live_trace_full.json.gz,https://adsb.lol/globe_history/2024/03/22/traces/75/trace_full_a77e75.json,2026-08-24T21:44:21Z
N582MM,2024-09-16,US_PRIVATE,ONE_ARCHIVE_ONLY,404,12,1,1066,USA,35.957,-111.784,NOT_SWEPT,,N582MM/data/recovered/N582MM_2024-09-16_airplanes-live_trace_full.json.gz,https://adsb.lol/globe_history/2024/09/16/traces/75/trace_full_a77e75.json,2026-08-24T21:47:04Z
N582MM,2025-10-14,US_PRIVATE,RETENTION_SERVING_BOUNDARY,403,14,0,5095,USA,33.745,-81.722,NOT_SWEPT,,N582MM/data/recovered/N582MM_2025-10-14_airplanes-live_trace_full.json,https://adsb.lol/globe_history/2025/10/14/traces/75/trace_full_a77e75.json,2026-08-24T21:53:15Z
N582MM,2025-10-15,US_PRIVATE,RETENTION_SERVING_BOUNDARY,403,12,0,3039,USA,34.334,-101.358,TRUNCATED,54488,N582MM/data/recovered/N582MM_2025-10-15_airplanes-live_trace_full.json,https://adsb.lol/globe_history/2025/10/15/traces/75/trace_full_a77e75.json,2026-08-24T21:53:16Z
N582MM,2025-10-16,US_PRIVATE,RETENTION_SERVING_BOUNDARY,403,12,0,4835,USA,32.244,-82.296,SWEPT,77386,N582MM/data/recovered/N582MM_2025-10-16_airplanes-live_trace_full.json,https://adsb.lol/globe_history/2025/10/16/traces/75/trace_full_a77e75.json,2026-08-24T21:53:17Z
N582MM,2025-10-17,US_PRIVATE,RETENTION_SERVING_BOUNDARY,403,12,0,4256,USA,35.897,-80.496,SWEPT,80766,N582MM/data/recovered/N582MM_2025-10-17_airplanes-live_trace_full.json.gz,https://adsb.lol/globe_history/2025/10/17/traces/75/trace_full_a77e75.json,2026-08-24T21:53:20Z
N582MM,2025-10-18,US_PRIVATE,RETENTION_SERVING_BOUNDARY,403,12,0,4229,USA,36.771,-84.292,NOT_SWEPT,,N582MM/data/recovered/N582MM_2025-10-18_airplanes-live_trace_full.json.gz,https://adsb.lol/globe_history/2025/10/18/traces/75/trace_full_a77e75.json,2026-08-24T21:53:23Z
N582MM,2025-10-19,US_PRIVATE,RETENTION_SERVING_BOUNDARY,403,12,0,3209,USA,31.53,-80.111,NOT_SWEPT,,N582MM/data/recovered/N582MM_2025-10-19_airplanes-live_trace_full.json.gz,https://adsb.lol/globe_history/2025/10/19/traces/75/trace_full_a77e75.json,2026-08-24T21:53:25Z
N582MM,2025-10-20,US_PRIVATE,RETENTION_SERVING_BOUNDARY,403,12,0,4596,USA,35.685,-78.111,SWEPT,65966,N582MM/data/recovered/N582MM_2025-10-20_airplanes-live_trace_full.json.gz,https://adsb.lol/globe_history/2025/10/20/traces/75/trace_full_a77e75.json,2026-08-24T21:53:28Z
N582MM,2025-10-21,US_PRIVATE,RETENTION_SERVING_BOUNDARY,403,12,0,3469,USA,30.804,-87.794,SWEPT,71421,N582MM/data/recovered/N582MM_2025-10-21_airplanes-live_trace_full.json.gz,https://adsb.lol/globe_history/2025/10/21/traces/75/trace_full_a77e75.json,2026-08-24T21:53:30Z
N582MM,2025-10-22,US_PRIVATE,RETENTION_SERVING_BOUNDARY,403,14,0,4539,USA,32.636,-90.962,SWEPT,73154,N582MM/data/recovered/N582MM_2025-10-22_airplanes-live_trace_full.json.gz,https://adsb.lol/globe_history/2025/10/22/traces/75/trace_full_a77e75.json,2026-08-24T21:53:33Z
N582MM,2025-10-23,US_PRIVATE,RETENTION_SERVING_BOUNDARY,403,12,0,3418,USA,35.958,-87.824,NOT_SWEPT,,N582MM/data/recovered/N582MM_2025-10-23_airplanes-live_trace_full.json.gz,https://adsb.lol/globe_history/2025/10/23/traces/75/trace_full_a77e75.json,2026-08-24T21:53:35Z
N582MM,2025-10-25,US_PRIVATE,RETENTION_SERVING_BOUNDARY,403,12,0,1167,USA,31.527,-104.735,NOT_SWEPT,,N582MM/data/recovered/N582MM_2025-10-25_airplanes-live_trace_full.json.gz,https://adsb.lol/globe_history/2025/10/25/traces/75/trace_full_a77e75.json,2026-08-24T21:53:37Z
N582MM,2025-10-26,US_PRIVATE,RETENTION_SERVING_BOUNDARY,403,12,0,5107,USA,36.865,-97.548,SWEPT,57963,N582MM/data/recovered/N582MM_2025-10-26_airplanes-live_trace_full.json.gz,https://adsb.lol/globe_history/2025/10/26/traces/75/trace_full_a77e75.json,2026-08-24T21:53:40Z
N582MM,2025-10-27,US_PRIVATE,RETENTION_SERVING_BOUNDARY,403,12,0,4826,USA,38.922,-101.487,SWEPT,62074,N582MM/data/recovered/N582MM_2025-10-27_airplanes-live_trace_full.json.gz,https://adsb.lol/globe_history/2025/10/27/traces/75/trace_full_a77e75.json,2026-08-24T21:53:43Z
N582MM,2025-10-28,US_PRIVATE,RETENTION_SERVING_BOUNDARY,403,12,0,3216,USA,40.449,-105.008,TRUNCATED,0,N582MM/data/recovered/N582MM_2025-10-28_airplanes-live_trace_full.json.gz,https://adsb.lol/globe_history/2025/10/28/traces/75/trace_full_a77e75.json,2026-08-24T21:53:45Z
N582MM,2025-10-29,US_PRIVATE,RETENTION_SERVING_BOUNDARY,403,12,0,2104,USA,39.312,-115.932,SWEPT,67108,N582MM/data/recovered/N582MM_2025-10-29_airplanes-live_trace_full.json.gz,https://adsb.lol/globe_history/2025/10/29/traces/75/trace_full_a77e75.json,2026-08-24T21:53:48Z
N582MM,2025-10-30,US_PRIVATE,RETENTION_SERVING_BOUNDARY,403,12,0,4025,USA,29.693,-91.737,SWEPT,71447,N582MM/data/recovered/N582MM_2025-10-30_airplanes-live_trace_full.json.gz,https://adsb.lol/globe_history/2025/10/30/traces/75/trace_full_a77e75.json,2026-08-24T21:53:50Z
N582MM,2025-10-31,US_PRIVATE,RETENTION_SERVING_BOUNDARY,403,14,0,1416,USA,32.66,-111.137,NOT_SWEPT,,N582MM/data/recovered/N582MM_2025-10-31_airplanes-live_trace_full.json.gz,https://adsb.lol/globe_history/2025/10/31/traces/75/trace_full_a77e75.json,2026-08-24T21:53:52Z
N872RA,2023-02-06,US_PRIVATE,ARCHIVE_COVERAGE_GAP_WHOLE_DAY,404,12,0,1429,USA,33.966,-118.313,NOT_SWEPT,,N872RA/data/recovered/N872RA_2023-02-06_airplanes-live_trace_full.json.gz,https://adsb.lol/globe_history/2023/02/06/traces/3c/trace_full_abff3c.json,2026-08-24T21:57:12Z
N872RA,2023-02-07,US_PRIVATE,ADSB_LOL_ARCHIVE_ABSENT_THAT_DAY,404,14,0,962,USA,33.731,-116.425,NO_RELEASE_FOR_THIS_DATE,0,N872RA/data/recovered/N872RA_2023-02-07_airplanes-live_trace_full.json.gz,https://adsb.lol/globe_history/2023/02/07/traces/3c/trace_full_abff3c.json,2026-08-24T21:57:14Z
N872RA,2023-02-08,US_PRIVATE,ADSB_LOL_ARCHIVE_ABSENT_THAT_DAY,404,12,0,305,USA,33.679,-117.954,NO_RELEASE_FOR_THIS_DATE,0,N872RA/data/recovered/N872RA_2023-02-08_airplanes-live_trace_full.json.gz,https://adsb.lol/globe_history/2023/02/08/traces/3c/trace_full_abff3c.json,2026-08-24T21:57:16Z
N872RA,2023-02-09,US_PRIVATE,ADSB_LOL_ARCHIVE_ABSENT_THAT_DAY,404,14,0,1415,USA,37.522,-121.258,NO_RELEASE_FOR_THIS_DATE,0,N872RA/data/recovered/N872RA_2023-02-09_airplanes-live_trace_full.json.gz,https://adsb.lol/globe_history/2023/02/09/traces/3c/trace_full_abff3c.json,2026-08-24T21:57:18Z
N872RA,2023-02-10,US_PRIVATE,ARCHIVE_COVERAGE_GAP_WHOLE_DAY,404,14,0,1158,USA,34.281,-118.526,NOT_SWEPT,,N872RA/data/recovered/N872RA_2023-02-10_airplanes-live_trace_full.json.gz,https://adsb.lol/globe_history/2023/02/10/traces/3c/trace_full_abff3c.json,2026-08-24T21:57:20Z
N872RA,2023-05-15,US_PRIVATE,ARCHIVE_COVERAGE_GAP_WHOLE_DAY,404,12,0,12,USA,33.677,-117.871,NOT_SWEPT,,N872RA/data/recovered/N872RA_2023-05-15_airplanes-live_trace_full.json.gz,https://adsb.lol/globe_history/2023/05/15/traces/3c/trace_full_abff3c.json,2026-08-24T21:59:11Z
N872RA,2023-05-18,US_PRIVATE,ONE_ARCHIVE_ONLY,404,12,1,144,USA,33.677,-117.871,NOT_SWEPT,,N872RA/data/recovered/N872RA_2023-05-18_airplanes-live_trace_full.json.gz,https://adsb.lol/globe_history/2023/05/18/traces/3c/trace_full_abff3c.json,2026-08-24T21:59:16Z
N872RA,2023-07-14,US_PRIVATE,ONE_ARCHIVE_ONLY,404,12,4,42,USA,33.677,-117.871,SWEPT,46937,N872RA/data/recovered/N872RA_2023-07-14_airplanes-live_trace_full.json.gz,https://adsb.lol/globe_history/2023/07/14/traces/3c/trace_full_abff3c.json,2026-08-24T22:00:15Z
N872RA,2023-08-24,US_PRIVATE,ONE_ARCHIVE_ONLY,404,14,4,207,USA,33.677,-117.871,SWEPT,55348,N872RA/data/recovered/N872RA_2023-08-24_airplanes-live_trace_full.json.gz,https://adsb.lol/globe_history/2023/08/24/traces/3c/trace_full_abff3c.json,2026-08-24T22:00:25Z
N872RA,2024-03-18,US_PRIVATE,ONE_ARCHIVE_ONLY,404,14,6,2,USA,33.669,-117.875,SWEPT,52304,N872RA/data/recovered/N872RA_2024-03-18_airplanes-live_trace_full.json.gz,https://adsb.lol/globe_history/2024/03/18/traces/3c/trace_full_abff3c.json,2026-08-24T22:02:50Z
N872RA,2025-09-09,US_PRIVATE,ONE_ARCHIVE_ONLY,404,15,5,494,USA,33.748,-115.653,SWEPT,75290,N872RA/data/recovered/N872RA_2025-09-09_airplanes-live_trace_full.json,https://adsb.lol/globe_history/2025/09/09/traces/3c/trace_full_abff3c.json,2026-08-24T22:10:31Z
N872RA,2025-10-21,US_PRIVATE,RETENTION_SERVING_BOUNDARY,403,12,0,260,USA,33.687,-117.876,SWEPT,71421,N872RA/data/recovered/N872RA_2025-10-21_airplanes-live_trace_full.json.gz,https://adsb.lol/globe_history/2025/10/21/traces/3c/trace_full_abff3c.json,2026-08-24T22:11:23Z
N872RA,2025-10-22,US_PRIVATE,RETENTION_SERVING_BOUNDARY,403,14,0,2011,USA,34.197,-111.796,SWEPT,73154,N872RA/data/recovered/N872RA_2025-10-22_airplanes-live_trace_full.json.gz,https://adsb.lol/globe_history/2025/10/22/traces/3c/trace_full_abff3c.json,2026-08-24T22:11:25Z
N872RA,2025-10-23,US_PRIVATE,RETENTION_SERVING_BOUNDARY,403,12,0,929,USA,46.657,-120.625,NOT_SWEPT,,N872RA/data/recovered/N872RA_2025-10-23_airplanes-live_trace_full.json.gz,https://adsb.lol/globe_history/2025/10/23/traces/3c/trace_full_abff3c.json,2026-08-24T22:11:27Z
N872RA,2025-10-25,US_PRIVATE,RETENTION_SERVING_BOUNDARY,403,12,0,649,USA,33.706,-115.702,NOT_SWEPT,,N872RA/data/recovered/N872RA_2025-10-25_airplanes-live_trace_full.json.gz,https://adsb.lol/globe_history/2025/10/25/traces/3c/trace_full_abff3c.json,2026-08-24T22:11:29Z
N872RA,2025-10-26,US_PRIVATE,RETENTION_SERVING_BOUNDARY,403,12,0,1350,USA,34.164,-119.492,SWEPT,57963,N872RA/data/recovered/N872RA_2025-10-26_airplanes-live_trace_full.json.gz,https://adsb.lol/globe_history/2025/10/26/traces/3c/trace_full_abff3c.json,2026-08-24T22:11:31Z
N872RA,2025-10-27,US_PRIVATE,RETENTION_SERVING_BOUNDARY,403,12,0,1220,USA,34.905,-116.425,SWEPT,62074,N872RA/data/recovered/N872RA_2025-10-27_airplanes-live_trace_full.json.gz,https://adsb.lol/globe_history/2025/10/27/traces/3c/trace_full_abff3c.json,2026-08-24T22:11:33Z
N872RA,2025-10-28,US_PRIVATE,RETENTION_SERVING_BOUNDARY,403,12,0,740,USA,36.262,-120.165,TRUNCATED,0,N872RA/data/recovered/N872RA_2025-10-28_airplanes-live_trace_full.json.gz,https://adsb.lol/globe_history/2025/10/28/traces/3c/trace_full_abff3c.json,2026-08-24T22:11:36Z
N872RA,2025-10-29,US_PRIVATE,RETENTION_SERVING_BOUNDARY,403,12,0,2082,USA,33.625,-116.496,SWEPT,67108,N872RA/data/recovered/N872RA_2025-10-29_airplanes-live_trace_full.json.gz,https://adsb.lol/globe_history/2025/10/29/traces/3c/trace_full_abff3c.json,2026-08-24T22:11:38Z
N872RA,2025-10-30,US_PRIVATE,RETENTION_SERVING_BOUNDARY,403,12,0,1882,USA,34.932,-114.325,SWEPT,71447,N872RA/data/recovered/N872RA_2025-10-30_airplanes-live_trace_full.json.gz,https://adsb.lol/globe_history/2025/10/30/traces/3c/trace_full_abff3c.json,2026-08-24T22:11:40Z
N872RA,2025-10-31,US_PRIVATE,RETENTION_SERVING_BOUNDARY,403,14,0,2282,USA,36.165,-112.339,NOT_SWEPT,,N872RA/data/recovered/N872RA_2025-10-31_airplanes-live_trace_full.json.gz,https://adsb.lol/globe_history/2025/10/31/traces/3c/trace_full_abff3c.json,2026-08-24T22:11:43Z
N888KG,2023-02-09,US_PRIVATE,ADSB_LOL_ARCHIVE_ABSENT_THAT_DAY,404,14,0,617,USA,34.356,-100.358,NO_RELEASE_FOR_THIS_DATE,0,N888KG/data/recovered/N888KG_2023-02-09_airplanes-live_trace_full.json.gz,https://adsb.lol/globe_history/2023/02/09/traces/75/trace_full_ac3c75.json,2026-08-24T21:04:45Z
N888KG,2024-03-22,US_PRIVATE,ONE_ARCHIVE_ONLY,404,14,3,357,USA,42.006,-85.082,SWEPT,19803,N888KG/data/recovered/N888KG_2024-03-22_airplanes-live_trace_full.json.gz,https://adsb.lol/globe_history/2024/03/22/traces/75/trace_full_ac3c75.json,2026-08-24T21:10:20Z
N888KG,2025-10-15,US_PRIVATE,RETENTION_SERVING_BOUNDARY,403,12,0,1455,USA,38.499,-94.99,TRUNCATED,54488,N888KG/data/recovered/N888KG_2025-10-15_airplanes-live_trace_full.json,https://adsb.lol/globe_history/2025/10/15/traces/75/trace_full_ac3c75.json,2026-08-24T21:17:29Z
N888KG,2025-10-16,US_PRIVATE,RETENTION_SERVING_BOUNDARY,403,12,0,1589,USA,38.566,-97.36,SWEPT,77386,N888KG/data/recovered/N888KG_2025-10-16_airplanes-live_trace_full.json,https://adsb.lol/globe_history/2025/10/16/traces/75/trace_full_ac3c75.json,2026-08-24T21:17:30Z
SU-BGM,2023-10-15,EGYPT_SU,ONE_ARCHIVE_ONLY,404,6,1,16,MIDEAST_EGYPT,30.258,31.327,NOT_SWEPT,,SU-BGM/data/recovered/SU-BGM_2023-10-15_airplanes-live_trace_full.json.gz,https://adsb.lol/globe_history/2023/10/15/traces/70/trace_full_010070.json,2026-08-26T18:22:32Z
SU-BGM,2023-10-21,EGYPT_SU,ONE_ARCHIVE_ONLY,404,12,2,3,MIDEAST_EGYPT,29.263,32.091,NOT_SWEPT,,SU-BGM/data/recovered/SU-BGM_2023-10-21_airplanes-live_trace_full.json.gz,https://adsb.lol/globe_history/2023/10/21/traces/70/trace_full_010070.json,2026-08-24T20:21:06Z
SU-BGM,2024-04-16,EGYPT_SU,ONE_ARCHIVE_ONLY,404,8,2,23,MIDEAST_EGYPT,28.946,31.244,NOT_SWEPT,,SU-BGM/data/recovered/SU-BGM_2024-04-16_airplanes-live_trace_full.json.gz,https://adsb.lol/globe_history/2024/04/16/traces/70/trace_full_010070.json,2026-08-26T18:24:04Z
SU-BGM,2025-10-14,EGYPT_SU,RETENTION_SERVING_BOUNDARY,403,14,0,6,MIDEAST_EGYPT,30.847,30.507,NOT_SWEPT,,SU-BGM/data/recovered/SU-BGM_2025-10-14_airplanes-live_trace_full.json,https://adsb.lol/globe_history/2025/10/14/traces/70/trace_full_010070.json,2026-08-24T20:30:01Z
SU-BGM,2025-10-18,EGYPT_SU,RETENTION_SERVING_BOUNDARY,403,12,0,100,MIDEAST_EGYPT,31.122,30.191,NOT_SWEPT,,SU-BGM/data/recovered/SU-BGM_2025-10-18_airplanes-live_trace_full.json.gz,https://adsb.lol/globe_history/2025/10/18/traces/70/trace_full_010070.json,2026-08-24T20:30:08Z
SU-BGM,2025-10-21,EGYPT_SU,RETENTION_SERVING_BOUNDARY,403,12,0,14,MIDEAST_EGYPT,29.724,31.075,SWEPT,71421,SU-BGM/data/recovered/SU-BGM_2025-10-21_airplanes-live_trace_full.json,https://adsb.lol/globe_history/2025/10/21/traces/70/trace_full_010070.json,2026-08-24T20:30:14Z
SU-BGM,2025-10-22,EGYPT_SU,RETENTION_SERVING_BOUNDARY,403,14,0,93,MIDEAST_EGYPT,29.657,31.463,SWEPT,73154,SU-BGM/data/recovered/SU-BGM_2025-10-22_airplanes-live_trace_full.json.gz,https://adsb.lol/globe_history/2025/10/22/traces/70/trace_full_010070.json,2026-08-24T20:30:15Z
SU-BND,2023-06-11,EGYPT_SU,ONE_ARCHIVE_ONLY,404,14,4,32,MIDEAST_EGYPT,30.198,31.971,SWEPT,39990,SU-BND/data/recovered/SU-BND_2023-06-11_airplanes-live_trace_full.json,https://adsb.lol/globe_history/2023/06/11/traces/3e/trace_full_01003e.json,2026-08-24T19:24:04Z
SU-BND,2023-06-17,EGYPT_SU,ONE_ARCHIVE_ONLY,404,12,3,16,MIDEAST_EGYPT,29.809,31.295,SWEPT,43321,SU-BND/data/recovered/SU-BND_2023-06-17_airplanes-live_trace_full.json.gz,https://adsb.lol/globe_history/2023/06/17/traces/3e/trace_full_01003e.json,2026-08-24T19:24:14Z
SU-BND,2023-06-24,EGYPT_SU,ONE_ARCHIVE_ONLY,404,8,3,24,MIDEAST_EGYPT,30.033,31.13,NOT_SWEPT,,SU-BND/data/recovered/SU-BND_2023-06-24_airplanes-live_trace_full.json,https://adsb.lol/globe_history/2023/06/24/traces/3e/trace_full_01003e.json,2026-08-26T17:42:44Z
SU-BND,2023-07-11,EGYPT_SU,ONE_ARCHIVE_ONLY,404,12,1,84,MIDEAST_EGYPT,29.635,30.737,SWEPT,46337,SU-BND/data/recovered/SU-BND_2023-07-11_airplanes-live_trace_full.json.gz,https://adsb.lol/globe_history/2023/07/11/traces/3e/trace_full_01003e.json,2026-08-24T19:24:25Z
SU-BND,2023-10-26,EGYPT_SU,ONE_ARCHIVE_ONLY,404,12,1,5,MIDEAST_EGYPT,30.165,31.361,SWEPT,52471,SU-BND/data/recovered/SU-BND_2023-10-26_airplanes-live_trace_full.json,https://adsb.lol/globe_history/2023/10/26/traces/3e/trace_full_01003e.json,2026-08-24T19:26:03Z
SU-BND,2023-11-12,EGYPT_SU,ARCHIVE_COVERAGE_GAP_WHOLE_DAY,404,6,0,28,MIDEAST_EGYPT,29.645,31.874,NOT_SWEPT,,SU-BND/data/recovered/SU-BND_2023-11-12_airplanes-live_trace_full.json.gz,https://adsb.lol/globe_history/2023/11/12/traces/3e/trace_full_01003e.json,2026-08-26T17:44:09Z
SU-BND,2024-03-22,EGYPT_SU,ONE_ARCHIVE_ONLY,404,14,3,1001,EUROPE,40.926,14.381,SWEPT,19803,SU-BND/data/recovered/SU-BND_2024-03-22_airplanes-live_trace_full.json.gz,https://adsb.lol/globe_history/2024/03/22/traces/3e/trace_full_01003e.json,2026-08-24T19:27:23Z
SU-BND,2024-04-04,EGYPT_SU,ONE_ARCHIVE_ONLY,404,14,5,29,MIDEAST_EGYPT,29.451,31.59,SWEPT,51219,SU-BND/data/recovered/SU-BND_2024-04-04_airplanes-live_trace_full.json.gz,https://adsb.lol/globe_history/2024/04/04/traces/3e/trace_full_01003e.json,2026-08-24T19:27:46Z
SU-BND,2024-09-05,EGYPT_SU,ONE_ARCHIVE_ONLY,404,12,3,20,MIDEAST_EGYPT,34.438,28.313,SWEPT,66479,SU-BND/data/recovered/SU-BND_2024-09-05_airplanes-live_trace_full.json,https://adsb.lol/globe_history/2024/09/05/traces/3e/trace_full_01003e.json,2026-08-24T19:29:24Z
SU-BND,2024-09-10,EGYPT_SU,ONE_ARCHIVE_ONLY,404,14,4,80,MIDEAST_EGYPT,29.697,31.67,SWEPT,66177,SU-BND/data/recovered/SU-BND_2024-09-10_airplanes-live_trace_full.json.gz,https://adsb.lol/globe_history/2024/09/10/traces/3e/trace_full_01003e.json,2026-08-24T19:29:33Z
SU-BND,2025-01-22,EGYPT_SU,ONE_ARCHIVE_ONLY,404,12,1,2,MIDEAST_EGYPT,29.577,31.662,NOT_SWEPT,,SU-BND/data/recovered/SU-BND_2025-01-22_airplanes-live_trace_full.json.gz,https://adsb.lol/globe_history/2025/01/22/traces/3e/trace_full_01003e.json,2026-08-24T19:31:17Z
SU-BND,2025-03-27,EGYPT_SU,ARCHIVE_COVERAGE_GAP_WHOLE_DAY,404,6,0,32,MIDEAST_EGYPT,28.952,33.033,NOT_SWEPT,,SU-BND/data/recovered/SU-BND_2025-03-27_airplanes-live_trace_full.json.gz,https://adsb.lol/globe_history/2025/03/27/traces/3e/trace_full_01003e.json,2026-08-26T17:48:32Z
SU-BND,2025-10-05,EGYPT_SU,ONE_ARCHIVE_ONLY,404,12,3,25,MIDEAST_EGYPT,29.164,32.816,NOT_SWEPT,,SU-BND/data/recovered/SU-BND_2025-10-05_airplanes-live_trace_full.json,https://adsb.lol/globe_history/2025/10/05/traces/3e/trace_full_01003e.json,2026-08-24T19:34:52Z
SU-BND,2025-10-15,EGYPT_SU,RETENTION_SERVING_BOUNDARY,403,12,0,1541,EUROPE,39.925,14.719,TRUNCATED,54488,SU-BND/data/recovered/SU-BND_2025-10-15_airplanes-live_trace_full.json,https://adsb.lol/globe_history/2025/10/15/traces/3e/trace_full_01003e.json,2026-08-24T19:35:08Z
SU-BND,2025-10-18,EGYPT_SU,RETENTION_SERVING_BOUNDARY,403,12,0,2078,EUROPE,39.817,16.646,NOT_SWEPT,,SU-BND/data/recovered/SU-BND_2025-10-18_airplanes-live_trace_full.json.gz,https://adsb.lol/globe_history/2025/10/18/traces/3e/trace_full_01003e.json,2026-08-24T19:35:14Z
SU-BND,2025-10-25,EGYPT_SU,RETENTION_SERVING_BOUNDARY,403,12,0,101,MIDEAST_EGYPT,28.596,31.962,NOT_SWEPT,,SU-BND/data/recovered/SU-BND_2025-10-25_airplanes-live_trace_full.json.gz,https://adsb.lol/globe_history/2025/10/25/traces/3e/trace_full_01003e.json,2026-08-24T19:35:28Z
SU-BND,2025-10-28,EGYPT_SU,RETENTION_SERVING_BOUNDARY,403,12,0,93,MIDEAST_EGYPT,28.977,31.795,TRUNCATED,0,SU-BND/data/recovered/SU-BND_2025-10-28_airplanes-live_trace_full.json,https://adsb.lol/globe_history/2025/10/28/traces/3e/trace_full_01003e.json,2026-08-24T19:35:36Z
SU-BND,2025-10-29,EGYPT_SU,RETENTION_SERVING_BOUNDARY,403,12,0,79,MIDEAST_EGYPT,29.304,31.738,SWEPT,67108,SU-BND/data/recovered/SU-BND_2025-10-29_airplanes-live_trace_full.json.gz,https://adsb.lol/globe_history/2025/10/29/traces/3e/trace_full_01003e.json,2026-08-24T19:35:38Z
SU-BND,2025-11-01,EGYPT_SU,RETENTION_SERVING_BOUNDARY,403,6,0,531,MIDEAST_EGYPT,28.06,34.236,NOT_SWEPT,,SU-BND/data/recovered/SU-BND_2025-11-01_airplanes-live_trace_full.json.gz,https://adsb.lol/globe_history/2025/11/01/traces/3e/trace_full_01003e.json,2026-08-26T17:50:21Z
SU-BND,2025-11-03,EGYPT_SU,RETENTION_SERVING_BOUNDARY,403,6,0,17,MIDEAST_EGYPT,31.559,29.311,NOT_SWEPT,,SU-BND/data/recovered/SU-BND_2025-11-03_airplanes-live_trace_full.json.gz,https://adsb.lol/globe_history/2025/11/03/traces/3e/trace_full_01003e.json,2026-08-26T17:50:25Z
SU-BND,2025-11-04,EGYPT_SU,RETENTION_SERVING_BOUNDARY,403,6,0,8,MIDEAST_EGYPT,30.114,31.358,NOT_SWEPT,,SU-BND/data/recovered/SU-BND_2025-11-04_airplanes-live_trace_full.json.gz,https://adsb.lol/globe_history/2025/11/04/traces/3e/trace_full_01003e.json,2026-08-26T17:50:26Z
SU-BTT,2023-03-05,EGYPT_SU,ARCHIVE_COVERAGE_GAP_WHOLE_DAY,404,6,0,69,EUROPE,35.825,24.588,NOT_SWEPT,,SU-BTT/data/recovered/SU-BTT_2023-03-05_airplanes-live_trace_full.json.gz,https://adsb.lol/globe_history/2023/03/05/traces/d3/trace_full_0101d3.json,2026-08-26T17:29:20Z
SU-BTT,2023-03-12,EGYPT_SU,ONE_ARCHIVE_ONLY,404,12,1,106,MIDEAST_EGYPT,30.173,35.442,NOT_SWEPT,,SU-BTT/data/recovered/SU-BTT_2023-03-12_airplanes-live_trace_full.json,https://adsb.lol/globe_history/2023/03/12/traces/d3/trace_full_0101d3.json,2026-08-24T19:03:06Z
SU-BTT,2023-05-31,EGYPT_SU,ONE_ARCHIVE_ONLY,404,12,1,71,MIDEAST_EGYPT,30.126,35.4,NOT_SWEPT,,SU-BTT/data/recovered/SU-BTT_2023-05-31_airplanes-live_trace_full.json,https://adsb.lol/globe_history/2023/05/31/traces/d3/trace_full_0101d3.json,2026-08-24T19:04:53Z
SU-BTT,2023-06-01,EGYPT_SU,ONE_ARCHIVE_ONLY,404,12,1,98,MIDEAST_EGYPT,30.47,35.533,NOT_SWEPT,,SU-BTT/data/recovered/SU-BTT_2023-06-01_airplanes-live_trace_full.json,https://adsb.lol/globe_history/2023/06/01/traces/d3/trace_full_0101d3.json,2026-08-24T19:04:55Z
SU-BTT,2023-07-11,EGYPT_SU,ONE_ARCHIVE_ONLY,404,12,1,59,MIDEAST_EGYPT,29.957,31.288,SWEPT,46337,SU-BTT/data/recovered/SU-BTT_2023-07-11_airplanes-live_trace_full.json,https://adsb.lol/globe_history/2023/07/11/traces/d3/trace_full_0101d3.json,2026-08-24T19:05:33Z
SU-BTT,2023-07-17,EGYPT_SU,ONE_ARCHIVE_ONLY,404,12,3,22,MIDEAST_EGYPT,30.237,31.038,SWEPT,45317,SU-BTT/data/recovered/SU-BTT_2023-07-17_airplanes-live_trace_full.json,https://adsb.lol/globe_history/2023/07/17/traces/d3/trace_full_0101d3.json,2026-08-24T19:05:45Z
SU-BTT,2023-09-20,EGYPT_SU,ONE_ARCHIVE_ONLY,404,12,2,6,MIDEAST_EGYPT,29.905,31.132,SWEPT,54800,SU-BTT/data/recovered/SU-BTT_2023-09-20_airplanes-live_trace_full.json,https://adsb.lol/globe_history/2023/09/20/traces/d3/trace_full_0101d3.json,2026-08-24T19:06:19Z
SU-BTT,2024-04-16,EGYPT_SU,ONE_ARCHIVE_ONLY,404,8,2,8,MIDEAST_EGYPT,29.931,31.352,NOT_SWEPT,,SU-BTT/data/recovered/SU-BTT_2024-04-16_airplanes-live_trace_full.json,https://adsb.lol/globe_history/2024/04/16/traces/d3/trace_full_0101d3.json,2026-08-26T17:32:29Z
SU-BTT,2024-08-18,EGYPT_SU,ONE_ARCHIVE_ONLY,404,3,2,134,MIDEAST_EGYPT,29.61,31.268,NOT_SWEPT,,SU-BTT/data/recovered/SU-BTT_2024-08-18_airplanes-live_trace_full.json,https://adsb.lol/globe_history/2024/08/18/traces/d3/trace_full_0101d3.json,2026-08-26T17:59:53Z
SU-BTT,2024-09-21,EGYPT_SU,ONE_ARCHIVE_ONLY,404,12,3,22,MIDEAST_EGYPT,29.269,32.438,NOT_SWEPT,,SU-BTT/data/recovered/SU-BTT_2024-09-21_airplanes-live_trace_full.json,https://adsb.lol/globe_history/2024/09/21/traces/d3/trace_full_0101d3.json,2026-08-24T19:11:40Z
SU-BTT,2025-10-12,EGYPT_SU,RETENTION_SERVING_BOUNDARY,403,6,0,64,MIDEAST_EGYPT,29.272,32.517,NOT_SWEPT,,SU-BTT/data/recovered/SU-BTT_2025-10-12_airplanes-live_trace_full.json,https://adsb.lol/globe_history/2025/10/12/traces/d3/trace_full_0101d3.json,2026-08-26T17:37:43Z
SU-BTT,2025-10-13,EGYPT_SU,RETENTION_SERVING_BOUNDARY,403,6,0,11,MIDEAST_EGYPT,29.064,32.896,NOT_SWEPT,,SU-BTT/data/recovered/SU-BTT_2025-10-13_airplanes-live_trace_full.json,https://adsb.lol/globe_history/2025/10/13/traces/d3/trace_full_0101d3.json,2026-08-26T17:37:44Z
SU-BTT,2025-10-16,EGYPT_SU,RETENTION_SERVING_BOUNDARY,403,12,0,176,MIDEAST_EGYPT,28.873,32.886,SWEPT,77386,SU-BTT/data/recovered/SU-BTT_2025-10-16_airplanes-live_trace_full.json,https://adsb.lol/globe_history/2025/10/16/traces/d3/trace_full_0101d3.json,2026-08-24T19:17:11Z
SU-BTT,2025-10-21,EGYPT_SU,RETENTION_SERVING_BOUNDARY,403,12,0,26,MIDEAST_EGYPT,28.735,31.818,SWEPT,71421,SU-BTT/data/recovered/SU-BTT_2025-10-21_airplanes-live_trace_full.json.gz,https://adsb.lol/globe_history/2025/10/21/traces/d3/trace_full_0101d3.json,2026-08-24T19:17:22Z
SU-BTT,2025-10-22,EGYPT_SU,RETENTION_SERVING_BOUNDARY,403,14,0,13,MIDEAST_EGYPT,29.636,31.413,SWEPT,73154,SU-BTT/data/recovered/SU-BTT_2025-10-22_airplanes-live_trace_full.json,https://adsb.lol/globe_history/2025/10/22/traces/d3/trace_full_0101d3.json,2026-08-24T19:17:25Z
SU-BTT,2025-10-26,EGYPT_SU,RETENTION_SERVING_BOUNDARY,403,12,0,71,MIDEAST_EGYPT,29.363,31.662,SWEPT,57963,SU-BTT/data/recovered/SU-BTT_2025-10-26_airplanes-live_trace_full.json,https://adsb.lol/globe_history/2025/10/26/traces/d3/trace_full_0101d3.json,2026-08-24T19:17:31Z
SU-BTU,2023-06-07,EGYPT_SU,ONE_ARCHIVE_ONLY,404,14,3,6,MIDEAST_EGYPT,29.749,31.271,NOT_SWEPT,,SU-BTU/data/recovered/SU-BTU_2023-06-07_airplanes-live_trace_full.json,https://adsb.lol/globe_history/2023/06/07/traces/d0/trace_full_0101d0.json,2026-08-24T19:42:24Z
SU-BTU,2023-06-10,EGYPT_SU,ONE_ARCHIVE_ONLY,404,12,1,15,MIDEAST_EGYPT,29.833,31.347,SWEPT,42241,SU-BTU/data/recovered/SU-BTU_2023-06-10_airplanes-live_trace_full.json.gz,https://adsb.lol/globe_history/2023/06/10/traces/d0/trace_full_0101d0.json,2026-08-24T19:42:30Z
SU-BTU,2024-06-05,EGYPT_SU,ONE_ARCHIVE_ONLY,404,14,6,38,MIDEAST_EGYPT,29.909,31.253,NOT_SWEPT,,SU-BTU/data/recovered/SU-BTU_2024-06-05_airplanes-live_trace_full.json.gz,https://adsb.lol/globe_history/2024/06/05/traces/d0/trace_full_0101d0.json,2026-08-24T19:47:00Z
SU-BTU,2024-06-22,EGYPT_SU,ARCHIVE_COVERAGE_GAP_WHOLE_DAY,404,6,0,2,MIDEAST_EGYPT,29.747,31.241,NOT_SWEPT,,SU-BTU/data/recovered/SU-BTU_2024-06-22_airplanes-live_trace_full.json.gz,https://adsb.lol/globe_history/2024/06/22/traces/d0/trace_full_0101d0.json,2026-08-26T17:58:40Z
SU-BTU,2024-08-04,EGYPT_SU,ONE_ARCHIVE_ONLY,404,6,1,40,MIDEAST_EGYPT,29.505,31.352,NOT_SWEPT,,SU-BTU/data/recovered/SU-BTU_2024-08-04_airplanes-live_trace_full.json.gz,https://adsb.lol/globe_history/2024/08/04/traces/d0/trace_full_0101d0.json,2026-08-26T17:58:59Z
SU-BTV,2023-02-02,EGYPT_SU,ARCHIVE_COVERAGE_GAP_WHOLE_DAY,404,6,0,236,EUROPE,46.451,3.224,NOT_SWEPT,,SU-BTV/data/recovered/SU-BTV_2023-02-02_airplanes-live_trace_full.json.gz,https://adsb.lol/globe_history/2023/02/02/traces/d1/trace_full_0101d1.json,2026-08-26T18:07:17Z
SU-BTV,2023-02-05,EGYPT_SU,ARCHIVE_COVERAGE_GAP_WHOLE_DAY,404,6,0,163,EUROPE,46.803,5.773,NOT_SWEPT,,SU-BTV/data/recovered/SU-BTV_2023-02-05_airplanes-live_trace_full.json.gz,https://adsb.lol/globe_history/2023/02/05/traces/d1/trace_full_0101d1.json,2026-08-26T18:07:22Z
SU-BTV,2023-02-07,EGYPT_SU,ADSB_LOL_ARCHIVE_ABSENT_THAT_DAY,404,14,0,736,USA,44.659,-85.557,NO_RELEASE_FOR_THIS_DATE,0,SU-BTV/data/recovered/SU-BTV_2023-02-07_airplanes-live_trace_full.json.gz,https://adsb.lol/globe_history/2023/02/07/traces/d1/trace_full_0101d1.json,2026-08-24T19:58:37Z
SU-BTV,2023-02-10,EGYPT_SU,ARCHIVE_COVERAGE_GAP_WHOLE_DAY,404,14,0,644,USA,39.7,-83.718,NOT_SWEPT,,SU-BTV/data/recovered/SU-BTV_2023-02-10_airplanes-live_trace_full.json.gz,https://adsb.lol/globe_history/2023/02/10/traces/d1/trace_full_0101d1.json,2026-08-24T19:58:45Z
SU-BTV,2023-02-13,EGYPT_SU,ARCHIVE_COVERAGE_GAP_WHOLE_DAY,404,6,0,602,USA,41.667,-68.885,NOT_SWEPT,,SU-BTV/data/recovered/SU-BTV_2023-02-13_airplanes-live_trace_full.json.gz,https://adsb.lol/globe_history/2023/02/13/traces/d1/trace_full_0101d1.json,2026-08-26T18:07:28Z
SU-BTV,2023-06-07,EGYPT_SU,ONE_ARCHIVE_ONLY,404,14,3,11,MIDEAST_EGYPT,29.779,31.142,NOT_SWEPT,,SU-BTV/data/recovered/SU-BTV_2023-06-07_airplanes-live_trace_full.json,https://adsb.lol/globe_history/2023/06/07/traces/d1/trace_full_0101d1.json,2026-08-24T20:01:03Z
SU-BTV,2023-06-11,EGYPT_SU,ONE_ARCHIVE_ONLY,404,14,4,4,MIDEAST_EGYPT,29.737,31.253,SWEPT,39990,SU-BTV/data/recovered/SU-BTV_2023-06-11_airplanes-live_trace_full.json.gz,https://adsb.lol/globe_history/2023/06/11/traces/d1/trace_full_0101d1.json,2026-08-24T20:01:10Z
SU-BTV,2023-06-24,EGYPT_SU,ONE_ARCHIVE_ONLY,404,8,3,58,MIDEAST_EGYPT,29.915,31.356,NOT_SWEPT,,SU-BTV/data/recovered/SU-BTV_2023-06-24_airplanes-live_trace_full.json.gz,https://adsb.lol/globe_history/2023/06/24/traces/d1/trace_full_0101d1.json,2026-08-26T18:08:31Z
SU-BTV,2023-07-11,EGYPT_SU,ONE_ARCHIVE_ONLY,404,12,1,67,MIDEAST_EGYPT,29.909,31.31,SWEPT,46337,SU-BTV/data/recovered/SU-BTV_2023-07-11_airplanes-live_trace_full.json.gz,https://adsb.lol/globe_history/2023/07/11/traces/d1/trace_full_0101d1.json,2026-08-24T20:01:30Z
SU-BTV,2023-07-12,EGYPT_SU,ONE_ARCHIVE_ONLY,404,12,1,38,MIDEAST_EGYPT,30.357,30.778,SWEPT,47040,SU-BTV/data/recovered/SU-BTV_2023-07-12_airplanes-live_trace_full.json,https://adsb.lol/globe_history/2023/07/12/traces/d1/trace_full_0101d1.json,2026-08-24T20:01:32Z
SU-BTV,2024-07-17,EGYPT_SU,ONE_ARCHIVE_ONLY,404,6,1,53,MIDEAST_EGYPT,29.58,30.746,NOT_SWEPT,,SU-BTV/data/recovered/SU-BTV_2024-07-17_airplanes-live_trace_full.json.gz,https://adsb.lol/globe_history/2024/07/17/traces/d1/trace_full_0101d1.json,2026-08-26T18:12:04Z
SU-BTV,2025-01-21,EGYPT_SU,ONE_ARCHIVE_ONLY,404,12,3,20,MIDEAST_EGYPT,29.559,31.621,SWEPT,50841,SU-BTV/data/recovered/SU-BTV_2025-01-21_airplanes-live_trace_full.json.gz,https://adsb.lol/globe_history/2025/01/21/traces/d1/trace_full_0101d1.json,2026-08-24T20:09:05Z
SU-BTV,2025-02-19,EGYPT_SU,ONE_ARCHIVE_ONLY,404,12,4,2,MIDEAST_EGYPT,29.313,32.554,TRUNCATED,34684,SU-BTV/data/recovered/SU-BTV_2025-02-19_airplanes-live_trace_full.json,https://adsb.lol/globe_history/2025/02/19/traces/d1/trace_full_0101d1.json,2026-08-24T20:09:14Z
SU-BTV,2025-10-12,EGYPT_SU,RETENTION_SERVING_BOUNDARY,403,6,0,2650,EUROPE,41.372,3.589,NOT_SWEPT,,SU-BTV/data/recovered/SU-BTV_2025-10-12_airplanes-live_trace_full.json,https://adsb.lol/globe_history/2025/10/12/traces/d1/trace_full_0101d1.json,2026-08-26T18:16:10Z
SU-BTV,2025-11-04,EGYPT_SU,RETENTION_SERVING_BOUNDARY,403,6,0,1,MIDEAST_EGYPT,30.063,31.359,NOT_SWEPT,,SU-BTV/data/recovered/SU-BTV_2025-11-04_airplanes-live_trace_full.json.gz,https://adsb.lol/globe_history/2025/11/04/traces/d1/trace_full_0101d1.json,2026-08-26T18:16:21Z
T7-ELL,2023-12-12,T7_ELL,ARCHIVE_COVERAGE_GAP_WHOLE_DAY,404,6,0,371,OTHER,-2.102,55.709,NOT_SWEPT,,T7-ELL/data/recovered/T7-ELL_2023-12-12_airplanes-live_trace_full.json.gz,https://adsb.lol/globe_history/2023/12/12/traces/8a/trace_full_50018a.json,2026-08-26T19:22:21Z
T7-ELL,2024-03-22,T7_ELL,ONE_ARCHIVE_ONLY,404,14,3,1229,EUROPE,51.897,17.175,SWEPT,19803,T7-ELL/data/recovered/T7-ELL_2024-03-22_airplanes-live_trace_full.json.gz,https://adsb.lol/globe_history/2024/03/22/traces/8a/trace_full_50018a.json,2026-08-24T20:39:34Z
T7-ELL,2024-04-08,T7_ELL,ONE_ARCHIVE_ONLY,404,12,3,771,OTHER,23.151,62.954,SWEPT,58825,T7-ELL/data/recovered/T7-ELL_2024-04-08_airplanes-live_trace_full.json,https://adsb.lol/globe_history/2024/04/08/traces/8a/trace_full_50018a.json,2026-08-24T20:39:59Z
T7-ELL,2024-06-11,T7_ELL,ONE_ARCHIVE_ONLY,404,12,4,452,AFRICA,9.495,32.748,NOT_SWEPT,,T7-ELL/data/recovered/T7-ELL_2024-06-11_airplanes-live_trace_full.json.gz,https://adsb.lol/globe_history/2024/06/11/traces/8a/trace_full_50018a.json,2026-08-24T20:40:52Z
T7-ELL,2025-07-10,T7_ELL,ONE_ARCHIVE_ONLY,404,12,2,10,EUROPE,37.923,23.938,SWEPT,75588,T7-ELL/data/recovered/T7-ELL_2025-07-10_airplanes-live_trace_full.json.gz,https://adsb.lol/globe_history/2025/07/10/traces/8a/trace_full_50018a.json,2026-08-24T20:45:27Z
T7-ELL,2025-07-17,T7_ELL,ARCHIVE_COVERAGE_GAP_WHOLE_DAY,404,6,0,253,AFRICA,1.981,32.203,NOT_SWEPT,,T7-ELL/data/recovered/T7-ELL_2025-07-17_airplanes-live_trace_full.json.gz,https://adsb.lol/globe_history/2025/07/17/traces/8a/trace_full_50018a.json,2026-08-26T19:27:18Z
T7-ELL,2025-09-23,T7_ELL,ONE_ARCHIVE_ONLY,404,12,4,244,OTHER,27.691,69.071,SWEPT,70110,T7-ELL/data/recovered/T7-ELL_2025-09-23_airplanes-live_trace_full.json.gz,https://adsb.lol/globe_history/2025/09/23/traces/8a/trace_full_50018a.json,2026-08-24T20:46:36Z
T7-ELL,2025-10-12,T7_ELL,RETENTION_SERVING_BOUNDARY,403,6,0,2344,EUROPE,47.121,13.723,NOT_SWEPT,,T7-ELL/data/recovered/T7-ELL_2025-10-12_airplanes-live_trace_full.json,https://adsb.lol/globe_history/2025/10/12/traces/8a/trace_full_50018a.json,2026-08-26T19:28:18Z
T7-ELL,2025-10-13,T7_ELL,RETENTION_SERVING_BOUNDARY,403,6,0,3069,EUROPE,42.737,13.719,NOT_SWEPT,,T7-ELL/data/recovered/T7-ELL_2025-10-13_airplanes-live_trace_full.json,https://adsb.lol/globe_history/2025/10/13/traces/8a/trace_full_50018a.json,2026-08-26T19:28:19Z
T7-ELL,2025-10-15,T7_ELL,RETENTION_SERVING_BOUNDARY,403,12,0,1646,OTHER,20.544,-79.548,TRUNCATED,54488,T7-ELL/data/recovered/T7-ELL_2025-10-15_airplanes-live_trace_full.json,https://adsb.lol/globe_history/2025/10/15/traces/8a/trace_full_50018a.json,2026-08-24T20:47:07Z
T7-ELL,2025-10-16,T7_ELL,RETENTION_SERVING_BOUNDARY,403,12,0,2155,USA,46.049,-73.937,SWEPT,77386,T7-ELL/data/recovered/T7-ELL_2025-10-16_airplanes-live_trace_full.json,https://adsb.lol/globe_history/2025/10/16/traces/8a/trace_full_50018a.json,2026-08-24T20:47:08Z
T7-ELL,2025-10-17,T7_ELL,RETENTION_SERVING_BOUNDARY,403,12,0,1684,EUROPE,49.541,3.169,SWEPT,80766,T7-ELL/data/recovered/T7-ELL_2025-10-17_airplanes-live_trace_full.json.gz,https://adsb.lol/globe_history/2025/10/17/traces/8a/trace_full_50018a.json,2026-08-24T20:47:10Z
T7-ELL,2025-10-18,T7_ELL,RETENTION_SERVING_BOUNDARY,403,12,0,2301,EUROPE,35.388,-0.537,NOT_SWEPT,,T7-ELL/data/recovered/T7-ELL_2025-10-18_airplanes-live_trace_full.json.gz,https://adsb.lol/globe_history/2025/10/18/traces/8a/trace_full_50018a.json,2026-08-24T20:47:13Z
T7-ELL,2025-10-19,T7_ELL,RETENTION_SERVING_BOUNDARY,403,12,0,543,MIDEAST_EGYPT,25.885,52.233,NOT_SWEPT,,T7-ELL/data/recovered/T7-ELL_2025-10-19_airplanes-live_trace_full.json,https://adsb.lol/globe_history/2025/10/19/traces/8a/trace_full_50018a.json,2026-08-24T20:47:15Z
T7-ELL,2025-10-20,T7_ELL,RETENTION_SERVING_BOUNDARY,403,12,0,749,MIDEAST_EGYPT,24.702,54.207,SWEPT,65966,T7-ELL/data/recovered/T7-ELL_2025-10-20_airplanes-live_trace_full.json,https://adsb.lol/globe_history/2025/10/20/traces/8a/trace_full_50018a.json,2026-08-24T20:47:17Z
T7-ELL,2025-10-22,T7_ELL,RETENTION_SERVING_BOUNDARY,403,14,0,2755,EUROPE,36.469,7.249,SWEPT,73154,T7-ELL/data/recovered/T7-ELL_2025-10-22_airplanes-live_trace_full.json.gz,https://adsb.lol/globe_history/2025/10/22/traces/8a/trace_full_50018a.json,2026-08-24T20:47:21Z
T7-ELL,2025-10-23,T7_ELL,RETENTION_SERVING_BOUNDARY,403,12,0,1467,MIDEAST_EGYPT,34.088,24.457,NOT_SWEPT,,T7-ELL/data/recovered/T7-ELL_2025-10-23_airplanes-live_trace_full.json,https://adsb.lol/globe_history/2025/10/23/traces/8a/trace_full_50018a.json,2026-08-24T20:47:23Z
T7-ELL,2025-10-28,T7_ELL,RETENTION_SERVING_BOUNDARY,403,12,0,858,AFRICA,34.574,22.772,TRUNCATED,0,T7-ELL/data/recovered/T7-ELL_2025-10-28_airplanes-live_trace_full.json.gz,https://adsb.lol/globe_history/2025/10/28/traces/8a/trace_full_50018a.json,2026-08-24T20:47:31Z
T7-ELL,2025-10-29,T7_ELL,RETENTION_SERVING_BOUNDARY,403,12,0,1099,MIDEAST_EGYPT,27.181,48.576,SWEPT,67108,T7-ELL/data/recovered/T7-ELL_2025-10-29_airplanes-live_trace_full.json,https://adsb.lol/globe_history/2025/10/29/traces/8a/trace_full_50018a.json,2026-08-24T20:47:33Z
T7-ELL,2025-11-02,T7_ELL,RETENTION_SERVING_BOUNDARY,403,6,0,307,MIDEAST_EGYPT,25.243,54.304,NOT_SWEPT,,T7-ELL/data/recovered/T7-ELL_2025-11-02_airplanes-live_trace_full.json.gz,https://adsb.lol/globe_history/2025/11/02/traces/8a/trace_full_50018a.json,2026-08-26T19:28:24Z
T7-ELL,2025-11-03,T7_ELL,RETENTION_SERVING_BOUNDARY,403,6,0,602,MIDEAST_EGYPT,25.83,53.033,NOT_SWEPT,,T7-ELL/data/recovered/T7-ELL_2025-11-03_airplanes-live_trace_full.json.gz,https://adsb.lol/globe_history/2025/11/03/traces/8a/trace_full_50018a.json,2026-08-26T19:28:26Z
T7-ELL,2025-11-05,T7_ELL,RETENTION_SERVING_BOUNDARY,403,6,0,2914,EUROPE,42.363,17.069,NOT_SWEPT,,T7-ELL/data/recovered/T7-ELL_2025-11-05_airplanes-live_trace_full.json.gz,https://adsb.lol/globe_history/2025/11/05/traces/8a/trace_full_50018a.json,2026-08-26T19:28:30Z
