side,registry,tail,date,airport,airport_name,airport_city,median_km_from_field,ground_points,ground_segments,first_seen_utc,last_seen_utc,event_city,event_state,event_date,event_offset_days,event_who,event_title,charlie_sourced_present,erika_sourced_present,miles_to_event_city,archives_holding,archives_agreeing,ledger_verdict,adsb_lol_403_band,visit_only_in_non_adsblol_archive,adsb_lol_held_the_day,needed_wayback_or_github_backup,event_page
kirk,United States,N888KG,2022-06-01,KDAL,Dallas Love Field,Dallas,1.57,16,1,2022-06-01T00:00:00Z,2022-06-01T00:03:51.500000Z,Grapevine,TX,2022-06-02,1,Charlie,Young Women's Leadership Summit 2022,yes,not_documented,13.84,adsbexchange-samples,1,HELD_BY_ADSBEXCHANGE-SAMPLES,no,yes,no,no,site/docs/Planes/following/speaking/20220602_grapevine.mdx
kirk,United States,N582MM,2023-09-14,KSAN,San Diego International Airport,San Diego,0.22,24,1,2023-09-14T23:23:19.340000Z,2023-09-14T23:30:00.090000Z,San Diego,CA,2023-09-13,-1,Charlie,TPUSA Faith Pastors Summit — San Diego (second 2023 summit),yes,not_documented,6.45,adsb-lol|airplanes-live,2,BOTH_HAVE_IT,no,no,yes,no,site/docs/Planes/following/speaking/20230913_san_diego.mdx
kirk,United States,N582MM,2023-09-15,KSAN,San Diego International Airport,San Diego,1.23,4,1,2023-09-15T22:15:58.400000Z,2023-09-15T22:16:14.210000Z,San Diego,CA,2023-09-14,-1,Charlie,TPUSA Faith Pastors Summit — San Diego (second 2023 summit),yes,not_documented,6.32,airplanes-live,1,BOTH_HAVE_IT,no,yes,yes,no,site/docs/Planes/following/speaking/20230913_san_diego.mdx
kirk,United States,N560TW,2023-09-28,KSDL,Scottsdale Airport,Scottsdale,1.11,6,1,2023-09-28T16:15:20.020000Z,2023-09-28T16:18:20.840000Z,Tempe,AZ,2023-09-27,-1,Charlie,Live Free Tour — Arizona State University,yes,not_documented,16.74,adsb-lol|airplanes-live,2,BOTH_HAVE_IT,no,no,yes,no,site/docs/Planes/following/speaking/20230927_tempe.mdx
kirk,United States,N582MM,2023-09-28,KPHX,Phoenix Sky Harbor International Airport,Phoenix,0.69,86,2,2023-09-28T22:43:49.690000Z,2023-09-28T23:27:30.900000Z,Tempe,AZ,2023-09-27,-1,Charlie,Live Free Tour — Arizona State University,yes,not_documented,5.08,adsb-lol|airplanes-live,2,BOTH_HAVE_IT,no,no,yes,no,site/docs/Planes/following/speaking/20230927_tempe.mdx
kirk,United States,N560TW,2023-12-15,KSDL,Scottsdale Airport,Scottsdale,0.09,17,1,2023-12-15T00:16:36.350000Z,2023-12-15T00:18:11.920000Z,Phoenix,AZ,2023-12-16,1,Charlie,AmericaFest 2023,yes,not_documented,10.93,adsb-lol|airplanes-live,2,BOTH_HAVE_IT,no,no,yes,no,site/docs/Planes/following/speaking/20231216_phoenix.mdx
kirk,United States,N582MM,2023-12-16,KSDL,Scottsdale Airport,Scottsdale,0.42,35,3,2023-12-16T16:44:57.860000Z,2023-12-16T19:43:31.840000Z,Phoenix,AZ,2023-12-16,0,Charlie,AmericaFest 2023,yes,not_documented,11.14,adsb-lol|airplanes-live,2,BOTH_HAVE_IT,no,no,yes,no,site/docs/Planes/following/speaking/20231216_phoenix.mdx
kirk,United States,N582MM,2023-12-17,KSDL,Scottsdale Airport,Scottsdale,0.37,87,1,2023-12-17T05:01:00.650000Z,2023-12-17T05:29:30.750000Z,Phoenix,AZ,2023-12-16,-1,Charlie,AmericaFest 2023,yes,not_documented,10.71,adsb-lol|airplanes-live,2,BOTH_HAVE_IT,no,no,yes,no,site/docs/Planes/following/speaking/20231216_phoenix.mdx
kirk,United States,N582MM,2023-12-18,KPHX,Phoenix Sky Harbor International Airport,Phoenix,2.15,34,2,2023-12-18T15:13:54Z,2023-12-18T18:49:45.010000Z,Phoenix,AZ,2023-12-17,-1,Charlie,AmericaFest 2023,yes,not_documented,10.71,adsb-lol|airplanes-live,2,BOTH_HAVE_IT,no,no,yes,no,site/docs/Planes/following/speaking/20231216_phoenix.mdx
kirk,United States,N560TW,2023-12-19,KSDL,Scottsdale Airport,Scottsdale,1.23,23,1,2023-12-19T19:30:43.660000Z,2023-12-19T19:37:06.250000Z,Phoenix,AZ,2023-12-18,-1,Charlie,AmericaFest 2023,yes,not_documented,11.59,adsb-lol|airplanes-live,2,BOTH_HAVE_IT,no,no,yes,no,site/docs/Planes/following/speaking/20231216_phoenix.mdx
kirk,United States,N582MM,2023-12-19,KDVT,Phoenix Deer Valley Airport,Phoenix,0.29,1,1,2023-12-19T21:13:57.650000Z,2023-12-19T21:13:57.650000Z,Phoenix,AZ,2023-12-18,-1,Charlie,AmericaFest 2023,yes,not_documented,7.92,adsb-lol|airplanes-live,2,BOTH_HAVE_IT,no,no,yes,no,site/docs/Planes/following/speaking/20231216_phoenix.mdx
kirk,United States,N582MM,2024-03-14,KSNA,John Wayne Orange County International Airport,Santa Ana,0.25,12,1,2024-03-14T19:11:34.940000Z,2024-03-14T19:12:45.950000Z,Fullerton,CA,2024-03-14,0,Charlie,Prove Me Wrong — Cal State Fullerton,yes,not_documented,14.84,adsb-lol|airplanes-live,2,BOTH_HAVE_IT,no,no,yes,no,site/docs/Planes/following/speaking/20240314_fullerton.mdx
kirk,United States,N560TW,2024-03-18,KSDL,Scottsdale Airport,Scottsdale,0.17,77,2,2024-03-18T14:39:34.920000Z,2024-03-18T17:43:16.230000Z,Phoenix,AZ,2024-03-19,1,Charlie,The Kids Who Will Win Back America — TPUSA new-hire speech,yes,not_documented,10.98,adsb-lol|airplanes-live,2,BOTH_HAVE_IT,no,no,yes,no,site/docs/Planes/following/speaking/20240319_phoenix.mdx
kirk,United States,N582MM,2024-03-19,KAGC,Allegheny County Airport,Pittsburgh,0.44,16,1,2024-03-19T20:46:37.110000Z,2024-03-19T21:10:25.790000Z,Pittsburgh,PA,2024-03-19,0,TPUSA,Live Free Tour — University of Pittsburgh (Candace Owens),no,no,6.54,adsb-lol|airplanes-live,2,BOTH_HAVE_IT,no,no,yes,no,site/docs/Planes/following/speaking/20240319_pittsburgh.mdx
kirk,United States,N582MM,2024-03-19,KSAN,San Diego International Airport,San Diego,0.97,28,2,2024-03-19T02:53:22.120000Z,2024-03-19T04:06:26.260000Z,San Diego,CA,2024-03-18,-1,Charlie,Live Free / Prove Me Wrong — San Diego State University,yes,not_documented,6.19,adsb-lol|airplanes-live,2,BOTH_HAVE_IT,no,no,yes,no,site/docs/Planes/following/speaking/20240318_san_diego.mdx
kirk,United States,N582MM,2024-03-19,KSDL,Scottsdale Airport,Scottsdale,0.13,28,1,2024-03-19T04:59:38.760000Z,2024-03-19T05:24:03.050000Z,Phoenix,AZ,2024-03-19,0,Charlie,The Kids Who Will Win Back America — TPUSA new-hire speech,yes,not_documented,10.88,adsb-lol|airplanes-live,2,BOTH_HAVE_IT,no,no,yes,no,site/docs/Planes/following/speaking/20240319_phoenix.mdx
kirk,United States,N582MM,2024-03-21,KLAS,Harry Reid International Airport,Las Vegas,1.54,39,1,2024-03-21T19:10:23.910000Z,2024-03-21T19:18:55.800000Z,Las Vegas,NV,2024-03-21,0,Charlie,Campus event — UNLV,yes,not_documented,12.01,adsb-lol|airplanes-live,2,BOTH_HAVE_IT,no,no,yes,no,site/docs/Planes/following/speaking/20240321_las_vegas.mdx
kirk,United States,N582MM,2024-04-23,KSLC,Salt Lake City International Airport,Salt Lake City,2.01,13,1,2024-04-23T17:24:37.110000Z,2024-04-23T17:26:27.260000Z,Salt Lake City,UT,2024-04-23,0,Charlie,Prove Me Wrong — University of Utah,yes,not_documented,1.53,adsb-lol|airplanes-live,2,BOTH_HAVE_IT,no,no,yes,no,site/docs/Planes/following/speaking/20240423_salt_lake_city.mdx
kirk,United States,N888KG,2024-04-23,KPVU,Provo Municipal Airport,Provo,0.26,54,1,2024-04-23T15:24:09.870000Z,2024-04-23T15:46:58.430000Z,Salt Lake City,UT,2024-04-23,0,Charlie,Prove Me Wrong — University of Utah,yes,not_documented,40.09,adsb-lol|airplanes-live,2,BOTH_HAVE_IT,no,no,yes,no,site/docs/Planes/following/speaking/20240423_salt_lake_city.mdx
following,Egypt,SU-BTT,2024-04-23,KPVU,Provo Municipal Airport,Provo,0.58,53,1,2024-04-23T18:12:52.950000Z,2024-04-23T18:18:45.150000Z,Salt Lake City,UT,2024-04-23,0,Charlie,Prove Me Wrong — University of Utah,yes,not_documented,39.73,adsb-lol|airplanes-live,2,BOTH_HAVE_IT,no,no,yes,no,site/docs/Planes/following/speaking/20240423_salt_lake_city.mdx
kirk,United States,N582MM,2024-04-24,KSLC,Salt Lake City International Airport,Salt Lake City,2.38,15,1,2024-04-24T03:15:10.530000Z,2024-04-24T03:18:47.830000Z,Salt Lake City,UT,2024-04-23,-1,Charlie,Prove Me Wrong — University of Utah,yes,not_documented,1.57,adsb-lol|airplanes-live,2,BOTH_HAVE_IT,no,no,yes,no,site/docs/Planes/following/speaking/20240423_salt_lake_city.mdx
kirk,United States,N582MM,2024-06-07,KSAT,San Antonio International Airport,San Antonio,1.49,98,2,2024-06-07T15:11:14.050000Z,2024-06-07T21:15:29.070000Z,San Antonio,TX,2024-06-07,0,Charlie,Young Women's Leadership Summit 2024,yes,not_documented,5.78,adsb-lol,1,BOTH_HAVE_IT,no,no,yes,no,site/docs/Planes/following/speaking/20240607_san_antonio.mdx
kirk,United States,N582MM,2024-06-08,KSAT,San Antonio International Airport,San Antonio,1.51,265,2,2024-06-08T01:21:33.790000Z,2024-06-08T03:16:40.410000Z,San Antonio,TX,2024-06-07,-1,Charlie,Young Women's Leadership Summit 2024,yes,not_documented,5.71,adsb-lol|airplanes-live,2,BOTH_HAVE_IT,no,no,yes,no,site/docs/Planes/following/speaking/20240607_san_antonio.mdx
kirk,United States,N582MM,2024-06-15,KDTW,Detroit Metropolitan Wayne County Airport,Detroit,1.39,38,1,2024-06-15T20:25:34.790000Z,2024-06-15T20:29:09.970000Z,Detroit,MI,2024-06-14,-1,Charlie,Turning Point Action People's Convention,yes,not_documented,16.55,adsb-lol|airplanes-live,2,BOTH_HAVE_IT,no,no,yes,no,site/docs/Planes/following/speaking/20240614_detroit.mdx
kirk,United States,N560TW,2024-09-03,KSDL,Scottsdale Airport,Scottsdale,0.2,195,1,2024-09-03T00:06:40.150000Z,2024-09-03T00:35:36.820000Z,Phoenix,AZ,2024-09-03,0,Charlie,The Key Pillars of America — TPUSA new-hire speech,yes,not_documented,10.99,adsb-lol|airplanes-live,2,BOTH_HAVE_IT,no,no,yes,no,site/docs/Planes/following/speaking/20240903_phoenix.mdx
kirk,United States,N560TW,2024-09-04,KSDL,Scottsdale Airport,Scottsdale,0.11,54,1,2024-09-04T23:06:35.230000Z,2024-09-04T23:08:40.970000Z,Phoenix,AZ,2024-09-03,-1,Charlie,The Key Pillars of America — TPUSA new-hire speech,yes,not_documented,10.88,adsb-lol|airplanes-live,2,BOTH_HAVE_IT,no,no,yes,no,site/docs/Planes/following/speaking/20240903_phoenix.mdx
kirk,United States,N582MM,2024-09-04,KPHX,Phoenix Sky Harbor International Airport,Phoenix,1.92,4,1,2024-09-04T16:47:27.350000Z,2024-09-04T16:48:04.740000Z,Phoenix,AZ,2024-09-03,-1,Charlie,The Key Pillars of America — TPUSA new-hire speech,yes,not_documented,10.68,adsb-lol|airplanes-live,2,BOTH_HAVE_IT,no,no,yes,no,site/docs/Planes/following/speaking/20240903_phoenix.mdx
kirk,United States,N582MM,2024-09-05,KMSN,Dane County Regional Truax Field,Madison,0.38,1,1,2024-09-05T05:16:02.440000Z,2024-09-05T05:16:02.440000Z,Madison,WI,2024-09-05,0,Charlie,You're Being Brainwashed Tour — UW-Madison,yes,not_documented,6.12,adsb-lol,1,BOTH_HAVE_IT,no,no,yes,no,site/docs/Planes/following/speaking/20240905_madison.mdx
kirk,United States,N582MM,2024-09-10,KBJC,Rocky Mountain Metropolitan Airport,Denver,0.4,336,2,2024-09-10T17:28:33.540000Z,2024-09-10T21:17:53.030000Z,Boulder,CO,2024-09-10,0,Charlie,You're Being Brainwashed Tour — UC Boulder,yes,not_documented,10.45,adsb-lol|airplanes-live,2,BOTH_HAVE_IT,no,no,yes,no,site/docs/Planes/following/speaking/20240910_boulder.mdx
kirk,United States,N872RA,2024-09-10,KAPA,Centennial Airport,Denver,0.18,11,1,2024-09-10T18:02:48.850000Z,2024-09-10T18:04:16.830000Z,Boulder,CO,2024-09-10,0,Charlie,You're Being Brainwashed Tour — UC Boulder,yes,not_documented,37.87,adsb-lol|airplanes-live,2,BOTH_HAVE_IT,no,no,yes,no,site/docs/Planes/following/speaking/20240910_boulder.mdx
kirk,United States,N582MM,2024-09-11,KDAL,Dallas Love Field,Dallas,0.75,4,1,2024-09-11T18:48:32.460000Z,2024-09-11T18:51:46.990000Z,Denton,TX,2024-09-11,0,Charlie,You're Being Brainwashed Tour — University of North Texas,yes,not_documented,30.4,adsb-lol|airplanes-live,2,BOTH_HAVE_IT,no,no,yes,no,site/docs/Planes/following/speaking/20240911_denton.mdx
kirk,United States,N872RA,2024-09-11,KAPA,Centennial Airport,Denver,1.19,39,1,2024-09-11T13:55:03.630000Z,2024-09-11T14:36:22.200000Z,Boulder,CO,2024-09-10,-1,Charlie,You're Being Brainwashed Tour — UC Boulder,yes,not_documented,37.31,adsb-lol|airplanes-live,2,BOTH_HAVE_IT,no,no,yes,no,site/docs/Planes/following/speaking/20240910_boulder.mdx
kirk,United States,N582MM,2024-09-12,KDAL,Dallas Love Field,Dallas,0.92,4,1,2024-09-12T01:38:04.050000Z,2024-09-12T01:38:44.790000Z,Denton,TX,2024-09-11,-1,Charlie,You're Being Brainwashed Tour — University of North Texas,yes,not_documented,30.32,adsb-lol|airplanes-live,2,BOTH_HAVE_IT,no,no,yes,no,site/docs/Planes/following/speaking/20240911_denton.mdx
kirk,United States,N582MM,2024-09-18,KAGC,Allegheny County Airport,Pittsburgh,0.58,15,2,2024-09-18T15:39:34.120000Z,2024-09-18T19:38:22.640000Z,Pittsburgh,PA,2024-09-18,0,Charlie,You're Being Brainwashed Tour — Pitt with Vivek Ramaswamy,yes,not_documented,6.57,adsb-lol|airplanes-live,2,BOTH_HAVE_IT,no,no,yes,no,site/docs/Planes/following/speaking/20240918_pittsburgh.mdx
kirk,United States,N582MM,2024-09-19,KUNV,State College Regional Airport,State College,0.67,22,1,2024-09-19T18:15:38.990000Z,2024-09-19T18:19:25.350000Z,University Park,PA,2024-09-19,0,Charlie,You're Being Brainwashed Tour — Penn State,yes,not_documented,3.36,airplanes-live,1,BOTH_HAVE_IT,no,yes,yes,no,site/docs/Planes/following/speaking/20240919_university_park.mdx
kirk,United States,N582MM,2024-09-30,KMSO,Missoula Montana Airport,Missoula,0.0,2,2,2024-09-30T05:32:08.330000Z,2024-09-30T20:32:11.340000Z,Missoula,MT,2024-09-30,0,Charlie,Brainwashed Tour + TP Action Save Big Sky Rally — University of Montana,yes,not_documented,4.2,airplanes-live,1,BOTH_HAVE_IT,no,yes,yes,no,site/docs/Planes/following/speaking/20240930_missoula.mdx
kirk,United States,N582MM,2024-10-12,KEUG,Eugene Airport,Eugene,0.65,42,1,2024-10-12T14:51:42.480000Z,2024-10-12T14:53:11.440000Z,Corvallis,OR,2024-10-11,-1,Charlie,You're Being Brainwashed Tour — Oregon State,yes,not_documented,31.22,adsb-lol|airplanes-live,2,BOTH_HAVE_IT,no,no,yes,no,site/docs/Planes/following/speaking/20241011_corvallis.mdx
kirk,United States,N582MM,2024-10-21,KATL,Hartsfield Jackson Atlanta International Airport,Atlanta,1.73,159,2,2024-10-21T02:11:54.850000Z,2024-10-21T19:31:35.120000Z,Atlanta,GA,2024-10-21,0,Charlie,Prove Me Wrong with Vivek Ramaswamy — Georgia State University,yes,not_documented,7.76,adsb-lol|airplanes-live,2,BOTH_HAVE_IT,no,no,yes,no,site/docs/Planes/following/speaking/20241021_atlanta.mdx
kirk,United States,N582MM,2024-10-21,KRDU,Raleigh-Durham International Airport,Raleigh/Durham,0.78,2,1,2024-10-21T20:29:17.520000Z,2024-10-21T20:29:18.390000Z,Chapel Hill,NC,2024-10-21,0,Charlie,Prove Me Wrong with Vivek Ramaswamy — UNC Chapel Hill,yes,not_documented,14.53,adsb-lol|airplanes-live,2,BOTH_HAVE_IT,no,no,yes,no,site/docs/Planes/following/speaking/20241021_chapel_hill.mdx
kirk,United States,N582MM,2024-10-22,KRDU,Raleigh-Durham International Airport,Raleigh/Durham,0.37,4,1,2024-10-22T00:55:37.260000Z,2024-10-22T00:55:46.880000Z,Chapel Hill,NC,2024-10-21,-1,Charlie,Prove Me Wrong with Vivek Ramaswamy — UNC Chapel Hill,yes,not_documented,14.77,adsb-lol|airplanes-live,2,BOTH_HAVE_IT,no,no,yes,no,site/docs/Planes/following/speaking/20241021_chapel_hill.mdx
kirk,United States,N582MM,2024-10-23,KLZU,Gwinnett County Briscoe Field,Lawrenceville,0.69,31,1,2024-10-23T03:54:28.460000Z,2024-10-23T03:57:26.390000Z,Duluth,GA,2024-10-23,0,Charlie,Turning Point Action Georgia For Trump rally,yes,not_documented,11.26,adsb-lol|airplanes-live,2,BOTH_HAVE_IT,no,no,yes,no,site/docs/Planes/following/speaking/20241023_duluth.mdx
kirk,United States,N582MM,2024-10-24,KLAS,Harry Reid International Airport,Las Vegas,0.64,43,1,2024-10-24T06:16:09.960000Z,2024-10-24T06:20:44.570000Z,Las Vegas,NV,2024-10-24,0,Charlie,Prove Me Wrong — UNLV (plus TP Action Trump rally),yes,not_documented,12.43,adsb-lol|airplanes-live,2,BOTH_HAVE_IT,no,no,yes,no,site/docs/Planes/following/speaking/20241024_las_vegas.mdx
kirk,United States,N582MM,2024-10-24,KLZU,Gwinnett County Briscoe Field,Lawrenceville,0.81,17,1,2024-10-24T02:11:47.650000Z,2024-10-24T02:12:50.520000Z,Duluth,GA,2024-10-23,-1,Charlie,Turning Point Action Georgia For Trump rally,yes,not_documented,11.32,adsb-lol|airplanes-live,2,BOTH_HAVE_IT,no,no,yes,no,site/docs/Planes/following/speaking/20241023_duluth.mdx
kirk,United States,N582MM,2024-10-27,KSDL,Scottsdale Airport,Scottsdale,0.18,122,1,2024-10-27T04:33:56.470000Z,2024-10-27T04:57:35.280000Z,Phoenix,AZ,2024-10-28,1,Charlie,GOTV / Prove Me Wrong — Grand Canyon University,yes,not_documented,10.84,adsb-lol|airplanes-live,2,BOTH_HAVE_IT,no,no,yes,no,site/docs/Planes/following/speaking/20241028_phoenix.mdx
kirk,United States,N560TW,2024-10-28,KSDL,Scottsdale Airport,Scottsdale,0.12,47,1,2024-10-28T20:42:22.090000Z,2024-10-28T20:44:30.160000Z,Phoenix,AZ,2024-10-28,0,Charlie,GOTV / Prove Me Wrong — Grand Canyon University,yes,not_documented,10.93,adsb-lol|airplanes-live,2,BOTH_HAVE_IT,no,no,yes,no,site/docs/Planes/following/speaking/20241028_phoenix.mdx
kirk,United States,N582MM,2024-10-28,KPHX,Phoenix Sky Harbor International Airport,Phoenix,1.7,21,1,2024-10-28T01:34:46.610000Z,2024-10-28T01:36:05.190000Z,Phoenix,AZ,2024-10-28,0,Charlie,GOTV / Prove Me Wrong — Grand Canyon University,yes,not_documented,10.7,adsb-lol|airplanes-live,2,BOTH_HAVE_IT,no,no,yes,no,site/docs/Planes/following/speaking/20241028_phoenix.mdx
kirk,United States,N560TW,2024-10-29,KSDL,Scottsdale Airport,Scottsdale,0.43,141,2,2024-10-29T15:43:28.420000Z,2024-10-29T19:38:28.180000Z,Phoenix,AZ,2024-10-28,-1,Charlie,GOTV / Prove Me Wrong — Grand Canyon University,yes,not_documented,11.15,adsb-lol|airplanes-live,2,BOTH_HAVE_IT,no,no,yes,no,site/docs/Planes/following/speaking/20241028_phoenix.mdx
kirk,United States,N582MM,2024-10-29,KPHX,Phoenix Sky Harbor International Airport,Phoenix,1.81,300,1,2024-10-29T21:11:32.660000Z,2024-10-29T23:59:19.620000Z,Phoenix,AZ,2024-10-28,-1,Charlie,GOTV / Prove Me Wrong — Grand Canyon University,yes,not_documented,10.77,airplanes-live,1,BOTH_HAVE_IT,no,yes,yes,no,site/docs/Planes/following/speaking/20241028_phoenix.mdx
kirk,United States,N582MM,2024-10-29,KSDL,Scottsdale Airport,Scottsdale,0.24,676,1,2024-10-29T21:11:32.660000Z,2024-10-29T23:59:41.030000Z,Phoenix,AZ,2024-10-28,-1,Charlie,GOTV / Prove Me Wrong — Grand Canyon University,yes,not_documented,10.79,adsb-lol,1,BOTH_HAVE_IT,no,no,yes,no,site/docs/Planes/following/speaking/20241028_phoenix.mdx
kirk,United States,N582MM,2024-12-18,KSDL,Scottsdale Airport,Scottsdale,0.44,313,2,2024-12-18T00:28:10.120000Z,2024-12-18T19:53:47.520000Z,Phoenix,AZ,2024-12-19,1,Charlie,AmericaFest 2024,yes,not_documented,10.67,adsb-lol|airplanes-live,2,BOTH_HAVE_IT,no,no,yes,no,site/docs/Planes/following/speaking/20241219_phoenix.mdx
kirk,United States,N560TW,2024-12-20,KSDL,Scottsdale Airport,Scottsdale,0.13,51,1,2024-12-20T20:39:36.550000Z,2024-12-20T20:42:09.910000Z,Phoenix,AZ,2024-12-19,-1,Charlie,AmericaFest 2024,yes,not_documented,10.95,adsb-lol|airplanes-live,2,BOTH_HAVE_IT,no,no,yes,no,site/docs/Planes/following/speaking/20241219_phoenix.mdx
kirk,United States,N582MM,2024-12-20,KSDL,Scottsdale Airport,Scottsdale,0.63,692,2,2024-12-20T04:05:49.810000Z,2024-12-20T17:08:45.390000Z,Phoenix,AZ,2024-12-19,-1,Charlie,AmericaFest 2024,yes,not_documented,11.27,adsb-lol|airplanes-live,2,BOTH_HAVE_IT,no,no,yes,no,site/docs/Planes/following/speaking/20241219_phoenix.mdx
kirk,United States,N872RA,2024-12-20,KPHX,Phoenix Sky Harbor International Airport,Phoenix,1.29,34,1,2024-12-20T19:15:34.930000Z,2024-12-20T20:07:27.090000Z,Phoenix,AZ,2024-12-19,-1,Charlie,AmericaFest 2024,yes,not_documented,10.82,adsb-lol|airplanes-live,2,BOTH_HAVE_IT,no,no,yes,no,site/docs/Planes/following/speaking/20241219_phoenix.mdx
kirk,United States,N560TW,2024-12-21,KSDL,Scottsdale Airport,Scottsdale,0.17,138,2,2024-12-21T14:33:30.410000Z,2024-12-21T18:51:30.410000Z,Phoenix,AZ,2024-12-20,-1,Charlie,AmericaFest 2024,yes,not_documented,10.85,adsb-lol|airplanes-live,2,BOTH_HAVE_IT,no,no,yes,no,site/docs/Planes/following/speaking/20241219_phoenix.mdx
kirk,United States,N582MM,2024-12-21,KSDL,Scottsdale Airport,Scottsdale,0.2,296,2,2024-12-21T00:20:28.500000Z,2024-12-21T12:54:41.230000Z,Phoenix,AZ,2024-12-20,-1,Charlie,AmericaFest 2024,yes,not_documented,10.81,adsb-lol|airplanes-live,2,BOTH_HAVE_IT,no,no,yes,no,site/docs/Planes/following/speaking/20241219_phoenix.mdx
kirk,United States,N582MM,2024-12-22,KPHX,Phoenix Sky Harbor International Airport,Phoenix,1.82,18,1,2024-12-22T21:53:18.600000Z,2024-12-22T21:54:26.350000Z,Phoenix,AZ,2024-12-21,-1,Charlie,AmericaFest 2024,yes,not_documented,10.69,adsb-lol|airplanes-live,2,BOTH_HAVE_IT,no,no,yes,no,site/docs/Planes/following/speaking/20241219_phoenix.mdx
kirk,United States,N582MM,2024-12-23,KPHX,Phoenix Sky Harbor International Airport,Phoenix,2.1,49,2,2024-12-23T15:43:21.830000Z,2024-12-23T17:32:17.710000Z,Phoenix,AZ,2024-12-22,-1,Charlie,AmericaFest 2024,yes,not_documented,10.61,adsb-lol|airplanes-live,2,BOTH_HAVE_IT,no,no,yes,no,site/docs/Planes/following/speaking/20241219_phoenix.mdx
kirk,United States,N872RA,2024-12-23,KPHX,Phoenix Sky Harbor International Airport,Phoenix,1.74,28,2,2024-12-23T02:02:39.440000Z,2024-12-23T16:02:33.740000Z,Phoenix,AZ,2024-12-22,-1,Charlie,AmericaFest 2024,yes,not_documented,10.71,adsb-lol|airplanes-live,2,BOTH_HAVE_IT,no,no,yes,no,site/docs/Planes/following/speaking/20241219_phoenix.mdx
kirk,United States,N872RA,2024-12-23,KSDL,Scottsdale Airport,Scottsdale,0.71,118,1,2024-12-23T21:53:27.220000Z,2024-12-23T22:54:49Z,Phoenix,AZ,2024-12-22,-1,Charlie,AmericaFest 2024,yes,not_documented,11.31,adsb-lol|airplanes-live,2,BOTH_HAVE_IT,no,no,yes,no,site/docs/Planes/following/speaking/20241219_phoenix.mdx
kirk,United States,N560TW,2025-02-18,KSDL,Scottsdale Airport,Scottsdale,0.22,109,1,2025-02-18T20:01:42.510000Z,2025-02-18T20:23:27.820000Z,Phoenix,AZ,2025-02-18,0,Charlie,Hillsdale College National Leadership Seminar,yes,not_documented,10.76,adsb-lol|airplanes-live,2,BOTH_HAVE_IT,no,no,yes,no,site/docs/Planes/following/speaking/20250218_phoenix.mdx
kirk,United States,N560TW,2025-02-19,KSDL,Scottsdale Airport,Scottsdale,0.34,50,1,2025-02-19T17:12:23.230000Z,2025-02-19T17:14:33.970000Z,Phoenix,AZ,2025-02-18,-1,Charlie,Hillsdale College National Leadership Seminar,yes,not_documented,10.7,adsb-lol|airplanes-live,2,BOTH_HAVE_IT,no,no,yes,no,site/docs/Planes/following/speaking/20250218_phoenix.mdx
kirk,United States,N582MM,2025-02-19,KPHX,Phoenix Sky Harbor International Airport,Phoenix,1.71,233,2,2025-02-19T04:26:16.580000Z,2025-02-19T23:56:24.460000Z,Phoenix,AZ,2025-02-18,-1,Charlie,Hillsdale College National Leadership Seminar,yes,not_documented,10.7,adsb-lol|airplanes-live,2,BOTH_HAVE_IT,no,no,yes,no,site/docs/Planes/following/speaking/20250218_phoenix.mdx
kirk,United States,N582MM,2025-02-20,KSDL,Scottsdale Airport,Scottsdale,0.72,362,1,2025-02-20T00:13:28.190000Z,2025-02-20T01:30:24.960000Z,Phoenix,AZ,2025-02-19,-1,Charlie,Hillsdale College National Leadership Seminar,yes,not_documented,11.33,adsb-lol|airplanes-live,2,BOTH_HAVE_IT,no,no,yes,no,site/docs/Planes/following/speaking/20250218_phoenix.mdx
kirk,United States,N582MM,2025-02-20,KTPA,Tampa International Airport,Tampa,1.27,37,2,2025-02-20T04:51:25.710000Z,2025-02-20T22:30:38.710000Z,Tampa,FL,2025-02-20,0,Charlie,American Comeback Tour — University of South Florida (first 2025 campus stop),yes,not_documented,3.16,adsb-lol|airplanes-live,2,BOTH_HAVE_IT,no,no,yes,no,site/docs/Planes/following/speaking/20250220_tampa.mdx
kirk,United States,N582MM,2025-02-21,KLAL,Lakeland Linder International Airport,Lakeland,0.78,2,1,2025-02-21T02:55:45.260000Z,2025-02-21T02:55:48.400000Z,Tampa,FL,2025-02-20,-1,Charlie,American Comeback Tour — University of South Florida (first 2025 campus stop),yes,not_documented,28.51,airplanes-live,1,BOTH_HAVE_IT,no,yes,yes,no,site/docs/Planes/following/speaking/20250220_tampa.mdx
kirk,United States,N582MM,2025-03-03,KHHR,Jack Northrop Field Hawthorne Municipal Airport,Hawthorne,0.28,3,1,2025-03-03T18:28:48.180000Z,2025-03-03T18:28:50.150000Z,Los Angeles,CA,2025-03-03,0,Charlie,American Comeback Tour — USC,yes,not_documented,7.87,adsb-lol|airplanes-live,2,BOTH_HAVE_IT,no,no,yes,no,site/docs/Planes/following/speaking/20250303_los_angeles.mdx
kirk,United States,N872RA,2025-03-03,KVNY,Van Nuys Airport,Van Nuys,0.33,144,2,2025-03-03T16:57:57.590000Z,2025-03-03T18:42:15.020000Z,Los Angeles,CA,2025-03-03,0,Charlie,American Comeback Tour — USC,yes,not_documented,13.75,airplanes-live,1,BOTH_HAVE_IT,no,yes,yes,no,site/docs/Planes/following/speaking/20250303_los_angeles.mdx
kirk,United States,N582MM,2025-03-04,KHHR,Jack Northrop Field Hawthorne Municipal Airport,Hawthorne,0.35,1,1,2025-03-04T01:00:42.590000Z,2025-03-04T01:00:42.590000Z,Los Angeles,CA,2025-03-03,-1,Charlie,American Comeback Tour — USC,yes,not_documented,8.07,airplanes-live,1,BOTH_HAVE_IT,no,yes,yes,no,site/docs/Planes/following/speaking/20250303_los_angeles.mdx
kirk,United States,N582MM,2025-03-13,KTYS,McGhee Tyson Airport,Knoxville/Maryville,0.49,1,1,2025-03-13T15:40:55.130000Z,2025-03-13T15:40:55.130000Z,Knoxville,TN,2025-03-13,0,Charlie,American Comeback Tour — University of Tennessee,yes,not_documented,11.62,airplanes-live,1,BOTH_HAVE_IT,no,yes,yes,no,site/docs/Planes/following/speaking/20250313_knoxville.mdx
kirk,United States,N582MM,2025-03-18,KLZU,Gwinnett County Briscoe Field,Lawrenceville,0.74,68,1,2025-03-18T02:56:06.500000Z,2025-03-18T03:00:17.720000Z,Gainesville,GA,2025-03-18,0,Charlie,Faith Forward Pastors Summit — Free Chapel,yes,not_documented,23.15,adsb-lol|airplanes-live,2,BOTH_HAVE_IT,no,no,yes,no,site/docs/Planes/following/speaking/20250318_gainesville.mdx
kirk,United States,N582MM,2025-03-19,KLZU,Gwinnett County Briscoe Field,Lawrenceville,0.76,86,1,2025-03-19T00:16:46.810000Z,2025-03-19T00:22:40.330000Z,Gainesville,GA,2025-03-18,-1,Charlie,Faith Forward Pastors Summit — Free Chapel,yes,not_documented,22.51,adsb-lol|airplanes-live,2,BOTH_HAVE_IT,no,no,yes,no,site/docs/Planes/following/speaking/20250318_gainesville.mdx
kirk,United States,N872RA,2025-04-30,KCRQ,McClellan-Palomar Airport,Carlsbad,0.24,22,2,2025-04-30T17:07:46.610000Z,2025-04-30T18:55:05.560000Z,San Diego,CA,2025-05-01,1,Charlie,American Comeback Tour — UC San Diego,yes,not_documented,23.2,adsb-lol|airplanes-live,2,BOTH_HAVE_IT,no,no,yes,no,site/docs/Planes/following/speaking/20250501_san_diego.mdx
kirk,United States,N40JD,2025-05-01,KSAN,San Diego International Airport,San Diego,0.94,103,1,2025-05-01T18:16:20.320000Z,2025-05-01T19:00:04.930000Z,San Diego,CA,2025-05-01,0,Charlie,American Comeback Tour — UC San Diego,yes,not_documented,6.25,adsb-lol|adsbexchange-samples|airplanes-live,3,BOTH_HAVE_IT,no,no,yes,no,site/docs/Planes/following/speaking/20250501_san_diego.mdx
kirk,United States,N582MM,2025-05-01,KSAN,San Diego International Airport,San Diego,0.39,172,1,2025-05-01T20:54:13.360000Z,2025-05-01T22:55:22.100000Z,San Diego,CA,2025-05-01,0,Charlie,American Comeback Tour — UC San Diego,yes,not_documented,6.4,adsb-lol|adsbexchange-samples|airplanes-live,3,BOTH_HAVE_IT,no,no,yes,no,site/docs/Planes/following/speaking/20250501_san_diego.mdx
kirk,United States,N872RA,2025-05-01,KSAN,San Diego International Airport,San Diego,0.28,362,3,2025-05-01T14:53:53.140000Z,2025-05-01T17:13:18.090000Z,San Diego,CA,2025-05-01,0,Charlie,American Comeback Tour — UC San Diego,yes,not_documented,6.37,adsb-lol|adsbexchange-samples|airplanes-live,3,BOTH_HAVE_IT,no,no,yes,no,site/docs/Planes/following/speaking/20250501_san_diego.mdx
kirk,United States,N582MM,2025-05-06,KSFO,San Francisco International Airport,San Francisco,0.14,205,3,2025-05-06T18:37:09.160000Z,2025-05-06T22:20:18.860000Z,San Francisco,CA,2025-05-06,0,Charlie,American Comeback Tour — San Francisco State University,yes,not_documented,36.74,adsb-lol|airplanes-live,2,BOTH_HAVE_IT,no,no,yes,no,site/docs/Planes/following/speaking/20250506_san_francisco.mdx
kirk,United States,N582MM,2025-06-13,KDAL,Dallas Love Field,Dallas,1.19,40,1,2025-06-13T18:38:21.450000Z,2025-06-13T19:42:51.300000Z,Grapevine,TX,2025-06-13,0,Both,Young Women's Leadership Summit 2025 (10th anniversary),yes,yes,13.9,adsb-lol,1,BOTH_HAVE_IT,no,no,yes,no,site/docs/Planes/following/speaking/20250613_grapevine.mdx
kirk,United States,N582MM,2025-06-15,KDFW,Dallas Fort Worth International Airport,Dallas-Fort Worth,1.38,43,1,2025-06-15T00:01:37.940000Z,2025-06-15T00:12:56.900000Z,Grapevine,TX,2025-06-14,-1,Both,Young Women's Leadership Summit 2025 (10th anniversary),yes,yes,2.72,adsb-lol|airplanes-live,2,BOTH_HAVE_IT,no,no,yes,no,site/docs/Planes/following/speaking/20250613_grapevine.mdx
kirk,United States,N582MM,2025-07-13,KTPA,Tampa International Airport,Tampa,0.73,61,2,2025-07-13T02:20:05.220000Z,2025-07-13T19:30:01.670000Z,Tampa,FL,2025-07-12,-1,Charlie,Turning Point Academy Educators' Summit 2025,yes,not_documented,2.99,adsb-lol|airplanes-live,2,BOTH_HAVE_IT,no,no,yes,no,site/docs/Planes/following/speaking/20250710_tampa.mdx
kirk,United States,N582MM,2025-08-07,KTOA,Zamperini Field,Torrance,0.23,3,1,2025-08-07T22:29:33.690000Z,2025-08-07T22:29:36.060000Z,Rancho Palos Verdes,CA,2025-08-06,-1,Charlie,Faith Forward Pastors Summit — Terranea Resort,yes,not_documented,4.89,adsb-lol|airplanes-live,2,BOTH_HAVE_IT,no,no,yes,no,site/docs/Planes/following/speaking/20250806_rancho_palos_verdes.mdx
kirk,United States,N582MM,2025-08-09,KLGB,Long Beach International Airport,Long Beach,0.41,57,2,2025-08-09T04:14:59.780000Z,2025-08-09T14:19:28.420000Z,Rancho Palos Verdes,CA,2025-08-08,-1,Charlie,Faith Forward Pastors Summit — Terranea Resort,yes,not_documented,13.59,adsb-lol|airplanes-live,2,BOTH_HAVE_IT,no,no,yes,no,site/docs/Planes/following/speaking/20250806_rancho_palos_verdes.mdx
following,Egypt,SU-BND,2025-09-09,KPVU,Provo Municipal Airport,Provo,1.29,131,1,2025-09-09T20:03:30.660000Z,2025-09-09T20:38:55.450000Z,Orem,UT,2025-09-10,1,Charlie,The American Comeback Tour — UVU (first stop of the fall tour),yes,not_documented,4.94,adsb-lol|airplanes-live,2,BOTH_HAVE_IT,no,no,yes,no,site/docs/Planes/following/speaking/20250910_orem.mdx
kirk,United States,N102DZ,2025-09-10,KPVU,Provo Municipal Airport,Provo,0.36,133,1,2025-09-10T21:30:43.920000Z,2025-09-10T22:10:12.880000Z,Orem,UT,2025-09-10,0,Charlie,The American Comeback Tour — UVU (first stop of the fall tour),yes,not_documented,5.39,adsb-lol|airplanes-live,2,BOTH_HAVE_IT,no,no,yes,no,site/docs/Planes/following/speaking/20250910_orem.mdx
kirk,United States,N102DZ,2025-09-10,KSLC,Salt Lake City International Airport,Salt Lake City,1.86,39,1,2025-09-10T18:58:40.050000Z,2025-09-10T19:00:38.620000Z,Orem,UT,2025-09-10,0,Charlie,The American Comeback Tour — UVU (first stop of the fall tour),yes,not_documented,37.08,adsb-lol|airplanes-live,2,BOTH_HAVE_IT,no,no,yes,no,site/docs/Planes/following/speaking/20250910_orem.mdx
kirk,United States,N40JD,2025-09-10,KPVU,Provo Municipal Airport,Provo,0.31,223,1,2025-09-10T20:29:15.120000Z,2025-09-10T21:12:22.320000Z,Orem,UT,2025-09-10,0,Charlie,The American Comeback Tour — UVU (first stop of the fall tour),yes,not_documented,5.45,adsb-lol|airplanes-live,2,BOTH_HAVE_IT,no,no,yes,no,site/docs/Planes/following/speaking/20250910_orem.mdx
kirk,United States,N560TW,2025-09-10,KPVU,Provo Municipal Airport,Provo,0.42,125,1,2025-09-10T16:07:13.470000Z,2025-09-10T16:27:01.420000Z,Orem,UT,2025-09-10,0,Charlie,The American Comeback Tour — UVU (first stop of the fall tour),yes,not_documented,5.36,adsb-lol|airplanes-live,2,BOTH_HAVE_IT,no,no,yes,no,site/docs/Planes/following/speaking/20250910_orem.mdx
n1098l,United States,N59906,2025-09-10,KPVU,Provo Municipal Airport,Provo,0.24,19,2,2025-09-10T15:08:45.010000Z,2025-09-10T18:08:35.070000Z,Orem,UT,2025-09-10,0,Charlie,The American Comeback Tour — UVU (first stop of the fall tour),yes,not_documented,5.52,adsb-lol|airplanes-live,2,BOTH_HAVE_IT,no,no,yes,no,site/docs/Planes/following/speaking/20250910_orem.mdx
kirk,United States,N872RA,2025-09-10,KPVU,Provo Municipal Airport,Provo,0.11,173,1,2025-09-10T22:36:10.620000Z,2025-09-10T23:16:03.720000Z,Orem,UT,2025-09-10,0,Charlie,The American Comeback Tour — UVU (first stop of the fall tour),yes,not_documented,5.54,adsb-lol|airplanes-live,2,BOTH_HAVE_IT,no,no,yes,no,site/docs/Planes/following/speaking/20250910_orem.mdx
kirk,United States,N888KG,2025-09-10,KPVU,Provo Municipal Airport,Provo,0.98,190,2,2025-09-10T19:06:07.720000Z,2025-09-10T21:07:54.060000Z,Orem,UT,2025-09-10,0,Charlie,The American Comeback Tour — UVU (first stop of the fall tour),yes,not_documented,5.12,adsb-lol|airplanes-live,2,BOTH_HAVE_IT,no,no,yes,no,site/docs/Planes/following/speaking/20250910_orem.mdx
following,Egypt,SU-BND,2025-09-10,KPVU,Provo Municipal Airport,Provo,1.29,256,2,2025-09-10T16:05:35.770000Z,2025-09-10T20:29:38.710000Z,Orem,UT,2025-09-10,0,Charlie,The American Comeback Tour — UVU (first stop of the fall tour),yes,not_documented,4.94,adsb-lol|airplanes-live,2,BOTH_HAVE_IT,no,no,yes,no,site/docs/Planes/following/speaking/20250910_orem.mdx
following,Egypt,SU-BTT,2025-09-10,KPVU,Provo Municipal Airport,Provo,1.36,58,1,2025-09-10T13:07:53.660000Z,2025-09-10T13:13:16.090000Z,Orem,UT,2025-09-10,0,Charlie,The American Comeback Tour — UVU (first stop of the fall tour),yes,not_documented,4.96,adsb-lol|airplanes-live,2,BOTH_HAVE_IT,no,no,yes,no,site/docs/Planes/following/speaking/20250910_orem.mdx
kirk,United States,N102DZ,2025-09-11,KPVU,Provo Municipal Airport,Provo,0.27,147,2,2025-09-11T01:31:56.670000Z,2025-09-11T16:03:20.640000Z,Orem,UT,2025-09-10,-1,Charlie,The American Comeback Tour — UVU (first stop of the fall tour),yes,not_documented,5.66,adsb-lol|airplanes-live,2,BOTH_HAVE_IT,no,no,yes,no,site/docs/Planes/following/speaking/20250910_orem.mdx
kirk,United States,N582MM,2025-09-11,KPVU,Provo Municipal Airport,Provo,0.39,146,2,2025-09-11T00:57:14.480000Z,2025-09-11T14:19:56.970000Z,Orem,UT,2025-09-10,-1,Charlie,The American Comeback Tour — UVU (first stop of the fall tour),yes,not_documented,5.76,adsb-lol|airplanes-live,2,BOTH_HAVE_IT,no,no,yes,no,site/docs/Planes/following/speaking/20250910_orem.mdx
kirk,United States,N872RA,2025-09-11,KSLC,Salt Lake City International Airport,Salt Lake City,1.85,11,1,2025-09-11T22:51:11.770000Z,2025-09-11T22:53:17.650000Z,Orem,UT,2025-09-10,-1,Charlie,The American Comeback Tour — UVU (first stop of the fall tour),yes,not_documented,37.22,adsb-lol|airplanes-live,2,BOTH_HAVE_IT,no,no,yes,no,site/docs/Planes/following/speaking/20250910_orem.mdx
kirk,United States,N582MM,2025-09-19,KBJC,Rocky Mountain Metropolitan Airport,Denver,0.51,281,2,2025-09-19T00:16:30.940000Z,2025-09-19T16:11:28.650000Z,Fort Collins,CO,2025-09-18,-1,Charlie,"American Comeback Tour — Colorado State University (scheduled, not held by Charlie)",no_scheduled_not_held,unknown,44.35,adsb-lol|airplanes-live,2,BOTH_HAVE_IT,no,no,yes,no,site/docs/Planes/following/speaking/20250918_fort_collins.mdx
kirk,United States,N102DZ,2025-09-20,KSDL,Scottsdale Airport,Scottsdale,0.11,138,1,2025-09-20T00:00:47.700000Z,2025-09-20T00:05:30.500000Z,Glendale,AZ,2025-09-21,1,Erika,Charlie Kirk stadium memorial,no_deceased,yes,17.14,adsb-lol|airplanes-live,2,BOTH_HAVE_IT,no,no,yes,no,site/docs/Planes/following/speaking/20250921_glendale.mdx
kirk,United States,N40JD,2025-09-20,KSDL,Scottsdale Airport,Scottsdale,0.67,84,1,2025-09-20T13:25:12.640000Z,2025-09-20T13:37:38.740000Z,Glendale,AZ,2025-09-21,1,Erika,Charlie Kirk stadium memorial,no_deceased,yes,16.85,adsb-lol|airplanes-live,2,BOTH_HAVE_IT,no,no,yes,no,site/docs/Planes/following/speaking/20250921_glendale.mdx
kirk,United States,N560TW,2025-09-21,KSDL,Scottsdale Airport,Scottsdale,0.19,68,1,2025-09-21T19:17:15.600000Z,2025-09-21T19:19:45.220000Z,Glendale,AZ,2025-09-21,0,Erika,Charlie Kirk stadium memorial,no_deceased,yes,17.14,adsb-lol|airplanes-live,2,BOTH_HAVE_IT,no,no,yes,no,site/docs/Planes/following/speaking/20250921_glendale.mdx
kirk,United States,N102DZ,2025-09-22,KSDL,Scottsdale Airport,Scottsdale,1.17,48,1,2025-09-22T16:59:04.620000Z,2025-09-22T17:06:29.340000Z,Glendale,AZ,2025-09-21,-1,Erika,Charlie Kirk stadium memorial,no_deceased,yes,16.56,adsb-lol|airplanes-live,2,BOTH_HAVE_IT,no,no,yes,no,site/docs/Planes/following/speaking/20250921_glendale.mdx
kirk,United States,N40JD,2025-09-22,KSDL,Scottsdale Airport,Scottsdale,0.17,68,1,2025-09-22T01:33:09.210000Z,2025-09-22T01:35:19.970000Z,Glendale,AZ,2025-09-21,-1,Erika,Charlie Kirk stadium memorial,no_deceased,yes,17.31,adsb-lol|airplanes-live,2,BOTH_HAVE_IT,no,no,yes,no,site/docs/Planes/following/speaking/20250921_glendale.mdx
kirk,United States,N560TW,2025-09-22,KSDL,Scottsdale Airport,Scottsdale,0.72,152,2,2025-09-22T17:00:29.230000Z,2025-09-22T20:00:59.810000Z,Glendale,AZ,2025-09-21,-1,Erika,Charlie Kirk stadium memorial,no_deceased,yes,16.84,adsb-lol|airplanes-live,2,BOTH_HAVE_IT,no,no,yes,no,site/docs/Planes/following/speaking/20250921_glendale.mdx
