airport_code,iata,airport_name,city,state,country,metro_area,airport_class,role_in_case,is_us_customs_port,military_colocation,mro_on_field,runway_longest_ft,following_plane_stays,following_plane_tails,following_plane_first,following_plane_last,following_plane_days_on_ground,kirk_tpusa_events,kirk_events_charlie,kirk_events_charlie_and_erika,kirk_events_erika_only,kirk_events_tpusa_no_kirk,surviving_pairings,overlap_claims,overlap_audited_accurate,overlap_audited_partial,overlap_audited_inaccurate,overlap_untested,how_unusual_foreign_state_jet,innocent_explanation,site_page,notes
LFPB,LBG,Paris-Le Bourget Airport,Le Bourget,,France,Paris FR,business-aviation airport,foreign_plane_stop,yes - EU entry,none,full bizjet handling; Dassault home market,"9,800",18,SU-BGM;SU-BND;SU-BTT;SU-BTU;SU-BTV,2024-11-25,2025-10-04,18,0,0,0,0,0,0,0,0,0,0,0,"NOT UNUSUAL. The busiest business-aviation airport in Europe; no scheduled commercial passenger service since 1980. TRANSIT / STAGING ONLY - 18 logged legs, the single most-used field in the record, and no Kirk or TPUSA claim at any of them.",The mandatory mid-point of the Cairo-to-North-America route: Cairo->Le Bourget runs 3:56 to 4:22 on every logged leg; Le Bourget->US entry field runs 8:03 to 9:58.,site/docs/Planes/following/Paris_LFPB_2022-10-05_to_2025-10-05.mdx,
KILG,ILG,Wilmington Airport / New Castle Airport,Wilmington,DE,USA,Delaware Valley DE/PA/NJ,public-use commercial / general aviation,foreign_plane_stop_and_kirk_event_airport,yes - well-established East Coast customs and fuel stop,Delaware Air National Guard on field,none of note,"7,200",15,SU-BTT;SU-BTU;SU-BTV,2024-12-01,2025-10-11,24,1,0,0,0,1,0,11,3,1,6,1,"NOT unusual. KILG is a standard transatlantic corporate customs-and-fuel stop in the Philadelphia-Baltimore-Washington corridor without the slot pressure of the major hubs. It appears on 15 of the logged legs because it is the outbound customs stop, not because of Delaware.","Outbound US customs and fuel before the Atlantic crossing. NOT TO BE CONFUSED WITH Wilmington, North Carolina (ILM) - a live source-confusion risk on this page.",site/docs/Planes/following/Wilmington_KILG_2022-11-17_to_2025-10-12.mdx,
KPVU,PVU,Provo Municipal Airport,Provo,UT,USA,Wasatch Front UT,public-use regional / municipal,foreign_plane_stop_and_kirk_event_airport,no - not a routine international port of entry,none on field; Camp Williams / Dugway Proving Ground elsewhere in Utah,"Duncan Aviation (full-service airframe, engine, avionics, paint, interior)","8,600",8,SU-BGM;SU-BND;SU-BTT;SU-BTU;SU-BTV,2024-04-01,2025-09-04,220,1,1,0,0,0,1,15,8,0,7,0,"GENUINELY UNUSUAL. Runway length is not the issue - it takes a Falcon 7X or a G-IV easily. What Provo lacks is the customs, protocol and handling infrastructure a foreign state aircraft normally needs. Every one of these aircraft entered the US somewhere else and reached Provo on a DOMESTIC leg.","Duncan Aviation runs an MRO on the field and has held the Egyptian Air Force maintenance account since 1999 (John Cullen). Two Provo-Provo closed-loop sorties (SU-BGM 10 Apr 2025, 55 min; SU-BND 5 Sep 2025, 68 min) are the classic post-maintenance functional check-flight signature.",site/docs/Planes/following/Provo_KPVU_2024-04-19_to_2025-09-13.mdx,
KLNK,LNK,Lincoln Airport,Lincoln,NE,USA,Omaha-Lincoln NE,commercial service / joint civil-military,foreign_plane_stop_and_kirk_event_airport,limited - customs facilities are limited; Omaha handles the entry,Nebraska Air National Guard on field,Duncan Aviation HEADQUARTERS and main plant - one of the largest privately-owned business-aviation MRO facilities in the world,"12,900",8,SU-BTT;SU-BTU;SU-BTV,2024-11-26,2025-10-05,47,1,1,0,0,0,0,7,1,1,3,2,LESS unusual than it looks once Duncan is on the map. A Lincoln arrival by a foreign-registered bizjet is what a Duncan maintenance visit looks like. What IS notable is the repetition and the Omaha-then-Lincoln two-hop.,"Duncan Aviation HQ. The Omaha->Lincoln 15-20 minute repositioning hop is the customs-then-shop signature, not a second destination. Anyone counting airport visits off a leg list double-counts one arrival.",site/docs/Planes/following/Lincoln_KLNK_2024-02-09_to_2025-10-11.mdx,
KOMA,OMA,Eppley Airfield,Omaha,NE,USA,Omaha-Lincoln NE,commercial service international - largest airport in Nebraska,foreign_plane_stop_and_kirk_event_airport,yes - US Customs and Border Protection facilities,Offutt AFB is a separate field ~10 mi south (USSTRATCOM),none of note,"9,500",7,SU-BTT;SU-BTU;SU-BTV,2024-11-26,2025-10-05,0,2,2,0,0,0,0,12,0,3,7,2,NOT unusual on its own. Eppley is a customs port of entry; it is exactly where an inbound foreign aircraft should clear.,Customs. The aircraft clears at Omaha and repositions to Lincoln for Duncan. This is the operational reason for the split.,site/docs/Planes/following/Omaha_KOMA_2024-02-09_to_2025-10-05.mdx,
CYYR,YYR,Goose Bay Airport,Happy Valley-Goose Bay,NL,Canada,Goose Bay NL,joint civil / military; Canadian airport of entry (CBSA),foreign_plane_stop,yes - Canadian CBSA facilities,"5 Wing Goose Bay, Royal Canadian Air Force; Cold War USAF Strategic Air Command host; NATO low-level training",fuel and handling only,"11,000",5,SU-BGM;SU-BND,2023-05-09,2025-09-13,0,0,0,0,0,0,0,1,1,0,0,0,"NOT UNUSUAL. It is THE classic North Atlantic technical stop - built 1941 for the ferry route, sitting on the great-circle line at roughly the point a range-limited aircraft runs out of fuel. TRANSIT ONLY; no Kirk or TPUSA claim here.",Fuel. Every logged stop is roughly one hour on the ground.,site/docs/Planes/following/GooseBay_CYYR_2023-05-09_to_2025-09-13.mdx,
KICT,ICT,Wichita Dwight D. Eisenhower National Airport,Wichita,KS,USA,Wichita KS,commercial service international,foreign_plane_stop,yes,McConnell AFB is a separate field ~7 mi southeast,Yingling Aviation - FAA Part 145 repair station servicing Dassault Falcon aircraft; Dassault-Wichita State ties since 2015,"10,300",4,SU-BTT;SU-BTV,2024-12-08,2025-10-01,10,0,0,0,0,0,0,17,3,2,12,0,NOT unusual for a Falcon. Wichita is the American general-aviation manufacturing capital and holds a Falcon-authorised service centre.,Yingling Aviation Falcon service. Three of the four logged Wichita stays are by Falcon 7X airframes.,site/docs/Planes/following/Wichita_KICT_2022-11-13_to_2025-08-03.mdx,
KMOT,MOT,Minot International Airport,Minot,ND,USA,Minot ND,small commercial service international,foreign_plane_stop,yes - has customs facilities,Minot AFB ~13 mi north: 5th Bomb Wing (B-52H) and 91st Missile Wing (Minuteman III) - one of few installations hosting TWO legs of the US nuclear triad,none of note,"7,700",4,SU-BND;SU-BTT;SU-BTU;SU-BTV,2025-04-08,2025-09-04,0,0,0,0,0,0,0,0,0,0,0,0,"UNUSUAL AS A CHOICE, ordinary as a mechanism. Minot carries the International designation, so it is a legal first point of landing from abroad; but it is a very small field to pick for that. Its proximity to Minot AFB is the fact posters seize on. TRANSIT STOP ONLY - nobody claims a Kirk or TPUSA presence here.",It is the shortest legal customs entry on the great-circle line from Europe to Utah. Four of the five aircraft entered the US via Minot en route to Provo.,site/docs/Planes/following/Minot_KMOT_2025-04-08_to_2025-09-04.mdx,
KSTL,STL,Lambert-St. Louis International Airport,St. Louis,MO,USA,St. Louis metro,major commercial service international,foreign_plane_stop_and_kirk_event_airport,yes - US customs port of entry,none on field,none of note,"11,000",2,SU-BTU,2025-02-16,2025-02-16,6,1,1,0,0,0,0,7,3,0,4,0,NOT unusual. Lambert is the customs port for the St. Louis metro.,Customs entry; the aircraft then repositions 15 miles to KCPS (Cahokia) where it actually parks. Anyone tallying 'St. Louis visits' off a leg list finds TWO entries for ONE arrival.,site/docs/Planes/following/StLouis_KSTL_2022-12-20_to_2025-02-23.mdx,
KCPS,CPS,St. Louis Downtown Airport,Cahokia,IL,USA,St. Louis metro,general aviation reliever,foreign_plane_stop,no - Lambert is the customs port,none on field,none of note,"6,500",2,SU-BTU,2025-02-16,2025-02-16,6,0,0,0,0,0,0,2,2,0,0,0,"MODERATELY UNUSUAL as a parking choice, ordinary as a reliever. CRITICAL GEOGRAPHY ERROR RISK: KCPS is physically in ILLINOIS, not Missouri. A 'Missouri overlap' logged against a CPS arrival is a state-level match to the WRONG STATE.",It is the general-aviation reliever where bizjets park after clearing at Lambert. 15 miles / a 15-minute flight from KSTL.,site/docs/Planes/following/StLouis_KSTL_2022-12-20_to_2025-02-23.mdx,
KDTW,DTW,Detroit Metropolitan Wayne County Airport,Romulus,MI,USA,Detroit MI,major international hub,foreign_plane_stop_and_kirk_event_airport,yes - full US customs port of entry,none on field,none of note,"12,000",2,SU-BTV,2025-02-03,2025-03-30,0,1,1,0,0,0,0,0,0,0,0,0,NOT UNUSUAL AT ALL. A major hub is exactly where a foreign state aircraft is expected to clear customs. Detroit is the counter-example that shows the fleet did NOT always avoid big airports.,Ordinary customs entry. The onward hop to Lincoln (1:46) or Wichita (1:55) is the maintenance leg.,site/docs/Planes/following/Detroit_KDTW_2025-02-03_to_2025-03-30.mdx,
KXWA,XWA,Williston Basin International Airport,Williston,ND,USA,Williston ND,"small commercial service, International designation",foreign_plane_stop,yes - International designation makes it eligible as a first point of landing from abroad,none on field,none of note,"7,500",1,SU-BTT,2024-04-23,2024-04-23,0,0,0,0,0,0,0,0,0,0,0,0,"UNUSUAL AS A CHOICE. Opened October 2019 to replace Sloulin Field (ISN), built for the Bakken shale boom and able to take larger aircraft than its predecessor. One logged use only: SU-BTT, 23 Apr 2024, en route to Provo.","Same as Minot - a legal, short customs entry on the northern route. The tracker index for this row reads 'Williston code XWA', which is where the ISN/XWA identifier confusion comes from.",site/docs/Planes/following/Williston_KXWA_2024-04-23_to_2024-04-23.mdx,
KORD,ORD,Chicago O'Hare International Airport,Chicago,IL,USA,Chicago IL,major international hub,kirk_tpusa_event_airport,yes,none,UNKNOWN,"13,000",0,,,,0,1,1,0,0,0,0,2,0,0,1,1,"Claimed-only location (OWENS-002, OWENS-044). OWENS-002 audited inaccurate - aircraft in France. OWENS-044 falls in an archive gap and is untestable.",-,,
KSUS,SUS,Spirit of St. Louis Airport,Chesterfield,MO,USA,St. Louis metro,general aviation reliever,claimed_overlap_only_no_logged_leg,limited,none on field,several bizjet FBOs,"7,500",0,,,,0,0,0,0,0,0,0,2,1,1,0,0,MODERATELY UNUSUAL. Appears in one overlap claim (OWENS-046) audited PARTIAL. Third St. Louis-area field in the record - a further source of visit double-counting.,The metro's main corporate-aviation reliever.,site/docs/Planes/following/StLouis_KSTL_2022-12-20_to_2025-02-23.mdx,
KATL,ATL,Hartsfield-Jackson Atlanta International Airport,Atlanta,GA,USA,Atlanta GA,major international hub,kirk_tpusa_event_airport,yes,none,UNKNOWN,"12,400",0,,,,0,2,1,0,0,1,0,1,0,0,1,0,"Claimed-only location (OWENS-008), audited inaccurate.",-,,
KBGR,BGR,Bangor International Airport,Bangor,ME,USA,Bangor ME,international; classic transatlantic technical stop,claimed_overlap_only_no_logged_leg,yes,"Maine Air National Guard, 101st Air Refueling Wing on field",fuel and handling,"11,400",0,,,,0,0,0,0,0,0,0,1,1,0,0,0,"NOT UNUSUAL - Bangor is the standard US-side North Atlantic fuel and customs stop, the domestic twin of Goose Bay. OWENS-007 is audited ACCURATE as a flight, but no Kirk-side location was ever published for it.",Transatlantic fuel/customs stop.,,
KBOS,BOS,Boston Logan International Airport,Boston,MA,USA,Boston MA,major international hub,claimed_overlap_only_no_logged_leg,yes,none,UNKNOWN,"10,100",0,,,,0,0,0,0,0,0,0,1,0,0,1,0,"Claimed-only location (OWENS-003), audited inaccurate - aircraft in France.",-,,
KJFK,JFK,John F. Kennedy International Airport,New York,NY,USA,New York-Newark NY/NJ,major international hub,claimed_overlap_only_no_logged_leg,yes,none,UNKNOWN,"14,500",0,,,,0,0,0,0,0,0,0,1,0,0,1,0,"Claimed-only location (OWENS-001). The audit found the aircraft was in FRANCE 25 Sep - 10 Nov 2022, so this row does not stand.",-,,
KSMF,SMF,Sacramento International Airport,Sacramento,CA,USA,Sacramento CA,major international,kirk_tpusa_event_airport,yes,none,UNKNOWN,"8,600",0,,,,0,1,1,0,0,0,0,1,0,0,1,0,"Claimed-only location (OWENS-019), audited inaccurate.",-,,
KTOP,TOP,Philip Billard Municipal Airport,Topeka,KS,USA,UNKNOWN,municipal general aviation,claimed_overlap_only_no_logged_leg,UNKNOWN,"Kansas Air National Guard historically at Forbes Field (KFOE), a DIFFERENT Topeka airport",UNKNOWN,"5,100",0,,,,0,0,0,0,0,0,0,1,0,0,0,1,"IDENTIFIER CONFLICT WORTH RECORDING: overlaps.csv carries the Topeka claim (EXTRA-003) against KTOP (Philip Billard Municipal), while the larger Topeka field is KFOE (Topeka Regional / Forbes Field). Which field the tracker meant is not stated in any source.",No following-plane leg is logged at either Topeka field. The claim is an event-side row only.,,
KABQ,ABQ,Albuquerque International Sunport,Albuquerque,NM,USA,Albuquerque NM,UNKNOWN - not researched; event-side airport only,kirk_tpusa_event_airport,UNKNOWN,UNKNOWN,UNKNOWN,UNKNOWN,0,,,,0,1,1,0,0,0,0,0,0,0,0,0,NOT RESEARCHED. This field appears in this investigation only as the nearest airport to a sourced Charlie Kirk / TPUSA event. No following-plane leg is logged here.,n/a - no foreign-registered leg logged here,,
KAHN,AHN,Athens Ben Epps Airport,Athens,GA,USA,Athens GA,UNKNOWN - not researched; event-side airport only,kirk_tpusa_event_airport,UNKNOWN,UNKNOWN,UNKNOWN,UNKNOWN,0,,,,0,1,1,0,0,0,0,0,0,0,0,0,NOT RESEARCHED. This field appears in this investigation only as the nearest airport to a sourced Charlie Kirk / TPUSA event. No following-plane leg is logged here.,n/a - no foreign-registered leg logged here,,
KAUO,AUO,Auburn University Regional,Auburn,AL,USA,Auburn AL,UNKNOWN - not researched; event-side airport only,kirk_tpusa_event_airport,UNKNOWN,UNKNOWN,UNKNOWN,UNKNOWN,0,,,,0,1,1,0,0,0,0,0,0,0,0,0,NOT RESEARCHED. This field appears in this investigation only as the nearest airport to a sourced Charlie Kirk / TPUSA event. No following-plane leg is logged here.,n/a - no foreign-registered leg logged here,,
KAUS,AUS,Austin-Bergstrom International,Austin,TX,USA,Austin TX,UNKNOWN - not researched; event-side airport only,kirk_tpusa_event_airport,UNKNOWN,UNKNOWN,UNKNOWN,UNKNOWN,0,,,,0,1,1,0,0,0,0,0,0,0,0,0,NOT RESEARCHED. This field appears in this investigation only as the nearest airport to a sourced Charlie Kirk / TPUSA event. No following-plane leg is logged here.,n/a - no foreign-registered leg logged here,,
KBCB,BCB,Virginia Tech Montgomery Executive,Blacksburg,VA,USA,Blacksburg VA,UNKNOWN - not researched; event-side airport only,kirk_tpusa_event_airport,UNKNOWN,UNKNOWN,UNKNOWN,UNKNOWN,0,,,,0,1,0,0,0,1,0,0,0,0,0,0,NOT RESEARCHED. This field appears in this investigation only as the nearest airport to a sourced Charlie Kirk / TPUSA event. No following-plane leg is logged here.,n/a - no foreign-registered leg logged here,,
KBJC,BJC,Rocky Mountain Metropolitan,Boulder,CO,USA,Denver-Front Range CO,UNKNOWN - not researched; event-side airport only,kirk_tpusa_event_airport,UNKNOWN,UNKNOWN,UNKNOWN,UNKNOWN,0,,,,0,2,2,0,0,0,0,0,0,0,0,0,NOT RESEARCHED. This field appears in this investigation only as the nearest airport to a sourced Charlie Kirk / TPUSA event. No following-plane leg is logged here.,n/a - no foreign-registered leg logged here,,
KBMG,BMG,Monroe County Airport,Bloomington,IN,USA,Bloomington IN,UNKNOWN - not researched; event-side airport only,kirk_tpusa_event_airport,UNKNOWN,UNKNOWN,UNKNOWN,UNKNOWN,0,,,,0,1,0,0,0,1,0,0,0,0,0,0,NOT RESEARCHED. This field appears in this investigation only as the nearest airport to a sourced Charlie Kirk / TPUSA event. No following-plane leg is logged here.,n/a - no foreign-registered leg logged here,,
KBMI,BMI,Central Illinois Regional,Normal,IL,USA,Bloomington-Normal IL,UNKNOWN - not researched; event-side airport only,kirk_tpusa_event_airport,UNKNOWN,UNKNOWN,UNKNOWN,UNKNOWN,0,,,,0,1,1,0,0,0,0,0,0,0,0,0,NOT RESEARCHED. This field appears in this investigation only as the nearest airport to a sourced Charlie Kirk / TPUSA event. No following-plane leg is logged here.,n/a - no foreign-registered leg logged here,,
KBNA,BNA,Nashville International,Nashville,TN,USA,Nashville TN,UNKNOWN - not researched; event-side airport only,kirk_tpusa_event_airport,UNKNOWN,UNKNOWN,UNKNOWN,UNKNOWN,0,,,,0,1,1,0,0,0,0,0,0,0,0,0,NOT RESEARCHED. This field appears in this investigation only as the nearest airport to a sourced Charlie Kirk / TPUSA event. No following-plane leg is logged here.,n/a - no foreign-registered leg logged here,,
KBTR,BTR,Baton Rouge Metropolitan,Baton Rouge,LA,USA,Baton Rouge LA,UNKNOWN - not researched; event-side airport only,kirk_tpusa_event_airport,UNKNOWN,UNKNOWN,UNKNOWN,UNKNOWN,0,,,,0,2,0,0,0,2,0,0,0,0,0,0,NOT RESEARCHED. This field appears in this investigation only as the nearest airport to a sourced Charlie Kirk / TPUSA event. No following-plane leg is logged here.,n/a - no foreign-registered leg logged here,,
KBUF,BUF,Buffalo Niagara International,Buffalo,NY,USA,Buffalo NY,UNKNOWN - not researched; event-side airport only,kirk_tpusa_event_airport,UNKNOWN,UNKNOWN,UNKNOWN,UNKNOWN,0,,,,0,1,0,0,0,1,0,0,0,0,0,0,NOT RESEARCHED. This field appears in this investigation only as the nearest airport to a sourced Charlie Kirk / TPUSA event. No following-plane leg is logged here.,n/a - no foreign-registered leg logged here,,
KBZN,BZN,Bozeman Yellowstone International,Bozeman,MT,USA,Bozeman MT,UNKNOWN - not researched; event-side airport only,kirk_tpusa_event_airport,UNKNOWN,UNKNOWN,UNKNOWN,UNKNOWN,0,,,,0,1,0,0,0,1,0,0,0,0,0,0,NOT RESEARCHED. This field appears in this investigation only as the nearest airport to a sourced Charlie Kirk / TPUSA event. No following-plane leg is logged here.,n/a - no foreign-registered leg logged here,,
KCLL,CLL,Easterwood Airport,College Station,TX,USA,College Station TX,UNKNOWN - not researched; event-side airport only,kirk_tpusa_event_airport,UNKNOWN,UNKNOWN,UNKNOWN,UNKNOWN,0,,,,0,1,1,0,0,0,0,0,0,0,0,0,NOT RESEARCHED. This field appears in this investigation only as the nearest airport to a sourced Charlie Kirk / TPUSA event. No following-plane leg is logged here.,n/a - no foreign-registered leg logged here,,
KCLT,CLT,Charlotte Douglas International,Charlotte,NC,USA,Charlotte NC,UNKNOWN - not researched; event-side airport only,kirk_tpusa_event_airport,UNKNOWN,UNKNOWN,UNKNOWN,UNKNOWN,0,,,,0,1,1,0,0,0,0,0,0,0,0,0,NOT RESEARCHED. This field appears in this investigation only as the nearest airport to a sourced Charlie Kirk / TPUSA event. No following-plane leg is logged here.,n/a - no foreign-registered leg logged here,,
KCMH,CMH,John Glenn Columbus International,Columbus,OH,USA,Columbus OH,UNKNOWN - not researched; event-side airport only,kirk_tpusa_event_airport,UNKNOWN,UNKNOWN,UNKNOWN,UNKNOWN,0,,,,0,1,1,0,0,0,0,0,0,0,0,0,NOT RESEARCHED. This field appears in this investigation only as the nearest airport to a sourced Charlie Kirk / TPUSA event. No following-plane leg is logged here.,n/a - no foreign-registered leg logged here,,
KCMI,CMI,University of Illinois Willard,Urbana,IL,USA,Champaign-Urbana IL,UNKNOWN - not researched; event-side airport only,kirk_tpusa_event_airport,UNKNOWN,UNKNOWN,UNKNOWN,UNKNOWN,0,,,,0,1,1,0,0,0,0,0,0,0,0,0,NOT RESEARCHED. This field appears in this investigation only as the nearest airport to a sourced Charlie Kirk / TPUSA event. No following-plane leg is logged here.,n/a - no foreign-registered leg logged here,,
KCOS,COS,City of Colorado Springs Municipal,Colorado Springs,CO,USA,Colorado Springs CO,UNKNOWN - not researched; event-side airport only,kirk_tpusa_event_airport,UNKNOWN,UNKNOWN,UNKNOWN,UNKNOWN,0,,,,0,2,1,0,0,1,0,0,0,0,0,0,NOT RESEARCHED. This field appears in this investigation only as the nearest airport to a sourced Charlie Kirk / TPUSA event. No following-plane leg is logged here.,n/a - no foreign-registered leg logged here,,
KCRE,CRE,Grand Strand Airport,North Myrtle Beach,SC,USA,Myrtle Beach SC,UNKNOWN - not researched; event-side airport only,kirk_tpusa_event_airport,UNKNOWN,UNKNOWN,UNKNOWN,UNKNOWN,0,,,,0,1,1,0,0,0,0,0,0,0,0,0,NOT RESEARCHED. This field appears in this investigation only as the nearest airport to a sourced Charlie Kirk / TPUSA event. No following-plane leg is logged here.,n/a - no foreign-registered leg logged here,,
KCVO,CVO,Corvallis Municipal,Corvallis,OR,USA,Corvallis OR,UNKNOWN - not researched; event-side airport only,kirk_tpusa_event_airport,UNKNOWN,UNKNOWN,UNKNOWN,UNKNOWN,0,,,,0,1,1,0,0,0,0,0,0,0,0,0,NOT RESEARCHED. This field appears in this investigation only as the nearest airport to a sourced Charlie Kirk / TPUSA event. No following-plane leg is logged here.,n/a - no foreign-registered leg logged here,,
KDAL,DAL,Dallas Love Field,Dallas,TX,USA,Dallas-Fort Worth TX,UNKNOWN - not researched; event-side airport only,kirk_tpusa_event_airport,UNKNOWN,UNKNOWN,UNKNOWN,UNKNOWN,0,,,,0,1,1,0,0,0,0,0,0,0,0,0,NOT RESEARCHED. This field appears in this investigation only as the nearest airport to a sourced Charlie Kirk / TPUSA event. No following-plane leg is logged here.,n/a - no foreign-registered leg logged here,,
KDCA,DCA,Ronald Reagan Washington National,Washington,DC,USA,Washington DC,UNKNOWN - not researched; event-side airport only,kirk_tpusa_event_airport,UNKNOWN,UNKNOWN,UNKNOWN,UNKNOWN,0,,,,0,1,1,0,0,0,0,0,0,0,0,0,NOT RESEARCHED. This field appears in this investigation only as the nearest airport to a sourced Charlie Kirk / TPUSA event. No following-plane leg is logged here.,n/a - no foreign-registered leg logged here,,
KDFW,DFW,Dallas/Fort Worth International,Grapevine,TX,USA,Dallas-Fort Worth TX,UNKNOWN - not researched; event-side airport only,kirk_tpusa_event_airport,UNKNOWN,UNKNOWN,UNKNOWN,UNKNOWN,0,,,,0,3,2,1,0,0,0,0,0,0,0,0,NOT RESEARCHED. This field appears in this investigation only as the nearest airport to a sourced Charlie Kirk / TPUSA event. No following-plane leg is logged here.,n/a - no foreign-registered leg logged here,,
KDPA,DPA,DuPage Airport,St. Charles,IL,USA,Chicago IL,UNKNOWN - not researched; event-side airport only,kirk_tpusa_event_airport,UNKNOWN,UNKNOWN,UNKNOWN,UNKNOWN,0,,,,0,1,1,0,0,0,0,0,0,0,0,0,NOT RESEARCHED. This field appears in this investigation only as the nearest airport to a sourced Charlie Kirk / TPUSA event. No following-plane leg is logged here.,n/a - no foreign-registered leg logged here,,
KDTO,DTO,Denton Enterprise Airport,Denton,TX,USA,Dallas-Fort Worth TX,UNKNOWN - not researched; event-side airport only,kirk_tpusa_event_airport,UNKNOWN,UNKNOWN,UNKNOWN,UNKNOWN,0,,,,0,1,1,0,0,0,0,0,0,0,0,0,NOT RESEARCHED. This field appears in this investigation only as the nearest airport to a sourced Charlie Kirk / TPUSA event. No following-plane leg is logged here.,n/a - no foreign-registered leg logged here,,
KEWR,EWR,Newark Liberty International,New Brunswick,NJ,USA,New York-Newark NY/NJ,UNKNOWN - not researched; event-side airport only,kirk_tpusa_event_airport,UNKNOWN,UNKNOWN,UNKNOWN,UNKNOWN,0,,,,0,1,0,0,0,1,0,0,0,0,0,0,NOT RESEARCHED. This field appears in this investigation only as the nearest airport to a sourced Charlie Kirk / TPUSA event. No following-plane leg is logged here.,n/a - no foreign-registered leg logged here,,
KFAR,FAR,Hector International,Fargo,ND,USA,Fargo ND,UNKNOWN - not researched; event-side airport only,kirk_tpusa_event_airport,UNKNOWN,UNKNOWN,UNKNOWN,UNKNOWN,0,,,,0,1,0,0,0,1,0,0,0,0,0,0,NOT RESEARCHED. This field appears in this investigation only as the nearest airport to a sourced Charlie Kirk / TPUSA event. No following-plane leg is logged here.,n/a - no foreign-registered leg logged here,,
KFLG,FLG,Flagstaff Pulliam Airport,Flagstaff,AZ,USA,Flagstaff AZ,UNKNOWN - not researched; event-side airport only,kirk_tpusa_event_airport,UNKNOWN,UNKNOWN,UNKNOWN,UNKNOWN,0,,,,0,2,2,0,0,0,0,0,0,0,0,0,NOT RESEARCHED. This field appears in this investigation only as the nearest airport to a sourced Charlie Kirk / TPUSA event. No following-plane leg is logged here.,n/a - no foreign-registered leg logged here,,
KFNL,FNL,Northern Colorado Regional,Fort Collins,CO,USA,Denver-Front Range CO,UNKNOWN - not researched; event-side airport only,kirk_tpusa_event_airport,UNKNOWN,UNKNOWN,UNKNOWN,UNKNOWN,0,,,,0,1,0,0,0,1,0,0,0,0,0,0,NOT RESEARCHED. This field appears in this investigation only as the nearest airport to a sourced Charlie Kirk / TPUSA event. No following-plane leg is logged here.,n/a - no foreign-registered leg logged here,,
KFOE,FOE,Topeka Regional Airport (Forbes Field),Topeka,KS,USA,Topeka KS,commercial service / joint civil-military,kirk_tpusa_event_airport,UNKNOWN,"Kansas Air National Guard, 190th Air Refueling Wing",UNKNOWN,"12,800",0,,,,0,1,0,0,0,1,0,0,0,0,0,0,The larger of the two Topeka fields and the one a bizjet would normally use. See KTOP for the identifier conflict.,No following-plane leg is logged here.,,
KFTW,FTW,Fort Worth Meacham International,Fort Worth,TX,USA,Dallas-Fort Worth TX,UNKNOWN - not researched; event-side airport only,kirk_tpusa_event_airport,UNKNOWN,UNKNOWN,UNKNOWN,UNKNOWN,0,,,,0,1,1,0,0,0,0,0,0,0,0,0,NOT RESEARCHED. This field appears in this investigation only as the nearest airport to a sourced Charlie Kirk / TPUSA event. No following-plane leg is logged here.,n/a - no foreign-registered leg logged here,,
KFUL,FUL,Fullerton Municipal,Fullerton,CA,USA,Los Angeles CA,UNKNOWN - not researched; event-side airport only,kirk_tpusa_event_airport,UNKNOWN,UNKNOWN,UNKNOWN,UNKNOWN,0,,,,0,2,2,0,0,0,0,0,0,0,0,0,NOT RESEARCHED. This field appears in this investigation only as the nearest airport to a sourced Charlie Kirk / TPUSA event. No following-plane leg is logged here.,n/a - no foreign-registered leg logged here,,
KGEU,GEU,Glendale Municipal Airport,Glendale,AZ,USA,Phoenix AZ,municipal general aviation,kirk_tpusa_event_airport,UNKNOWN,Luke AFB ~8 mi west,UNKNOWN,"7,150",0,,,,0,1,0,0,1,0,0,0,0,0,0,0,"Kirk-event airport only (State Farm Stadium memorial, 21 Sep 2025 - the single Erika-only event row in this file). No following-plane leg is logged here.",-,,
KGFK,GFK,Grand Forks International,Grand Forks,ND,USA,Grand Forks ND,UNKNOWN - not researched; event-side airport only,kirk_tpusa_event_airport,UNKNOWN,UNKNOWN,UNKNOWN,UNKNOWN,0,,,,0,1,0,0,0,1,0,0,0,0,0,0,NOT RESEARCHED. This field appears in this investigation only as the nearest airport to a sourced Charlie Kirk / TPUSA event. No following-plane leg is logged here.,n/a - no foreign-registered leg logged here,,
KGNV,GNV,Gainesville Regional,Gainesville,FL,USA,Gainesville FL,UNKNOWN - not researched; event-side airport only,kirk_tpusa_event_airport,UNKNOWN,UNKNOWN,UNKNOWN,UNKNOWN,0,,,,0,1,1,0,0,0,0,0,0,0,0,0,NOT RESEARCHED. This field appears in this investigation only as the nearest airport to a sourced Charlie Kirk / TPUSA event. No following-plane leg is logged here.,n/a - no foreign-registered leg logged here,,
KGSO,GSO,Piedmont Triad International,High Point,NC,USA,Piedmont Triad NC,UNKNOWN - not researched; event-side airport only,kirk_tpusa_event_airport,UNKNOWN,UNKNOWN,UNKNOWN,UNKNOWN,0,,,,0,1,1,0,0,0,0,0,0,0,0,0,NOT RESEARCHED. This field appears in this investigation only as the nearest airport to a sourced Charlie Kirk / TPUSA event. No following-plane leg is logged here.,n/a - no foreign-registered leg logged here,,
KGVL,GVL,Lee Gilmer Memorial,Gainesville,GA,USA,Gainesville GA,UNKNOWN - not researched; event-side airport only,kirk_tpusa_event_airport,UNKNOWN,UNKNOWN,UNKNOWN,UNKNOWN,0,,,,0,1,1,0,0,0,0,0,0,0,0,0,NOT RESEARCHED. This field appears in this investigation only as the nearest airport to a sourced Charlie Kirk / TPUSA event. No following-plane leg is logged here.,n/a - no foreign-registered leg logged here,,
KJEF,JEF,Jefferson City Memorial,Jefferson City,MO,USA,Jefferson City MO,UNKNOWN - not researched; event-side airport only,kirk_tpusa_event_airport,UNKNOWN,UNKNOWN,UNKNOWN,UNKNOWN,0,,,,0,1,0,0,0,1,0,0,0,0,0,0,NOT RESEARCHED. This field appears in this investigation only as the nearest airport to a sourced Charlie Kirk / TPUSA event. No following-plane leg is logged here.,n/a - no foreign-registered leg logged here,,
KLAF,LAF,Purdue University Airport,West Lafayette,IN,USA,Lafayette IN,UNKNOWN - not researched; event-side airport only,kirk_tpusa_event_airport,UNKNOWN,UNKNOWN,UNKNOWN,UNKNOWN,0,,,,0,1,1,0,0,0,0,0,0,0,0,0,NOT RESEARCHED. This field appears in this investigation only as the nearest airport to a sourced Charlie Kirk / TPUSA event. No following-plane leg is logged here.,n/a - no foreign-registered leg logged here,,
KLAN,LAN,Capital Region International,East Lansing,MI,USA,Lansing MI,UNKNOWN - not researched; event-side airport only,kirk_tpusa_event_airport,UNKNOWN,UNKNOWN,UNKNOWN,UNKNOWN,0,,,,0,2,1,0,0,1,0,0,0,0,0,0,NOT RESEARCHED. This field appears in this investigation only as the nearest airport to a sourced Charlie Kirk / TPUSA event. No following-plane leg is logged here.,n/a - no foreign-registered leg logged here,,
KLAR,LAR,Laramie Regional,Laramie,WY,USA,Laramie WY,UNKNOWN - not researched; event-side airport only,kirk_tpusa_event_airport,UNKNOWN,UNKNOWN,UNKNOWN,UNKNOWN,0,,,,0,1,1,0,0,0,0,0,0,0,0,0,NOT RESEARCHED. This field appears in this investigation only as the nearest airport to a sourced Charlie Kirk / TPUSA event. No following-plane leg is logged here.,n/a - no foreign-registered leg logged here,,
KLAS,LAS,Harry Reid International,Las Vegas,NV,USA,Las Vegas NV,UNKNOWN - not researched; event-side airport only,kirk_tpusa_event_airport,UNKNOWN,UNKNOWN,UNKNOWN,UNKNOWN,0,,,,0,4,4,0,0,0,0,0,0,0,0,0,NOT RESEARCHED. This field appears in this investigation only as the nearest airport to a sourced Charlie Kirk / TPUSA event. No following-plane leg is logged here.,n/a - no foreign-registered leg logged here,,
KLAX,LAX,Los Angeles International,Los Angeles,CA,USA,Los Angeles CA,UNKNOWN - not researched; event-side airport only,kirk_tpusa_event_airport,UNKNOWN,UNKNOWN,UNKNOWN,UNKNOWN,0,,,,0,2,2,0,0,0,0,0,0,0,0,0,NOT RESEARCHED. This field appears in this investigation only as the nearest airport to a sourced Charlie Kirk / TPUSA event. No following-plane leg is logged here.,n/a - no foreign-registered leg logged here,,
KLBB,LBB,Lubbock Preston Smith International,Lubbock,TX,USA,Lubbock TX,UNKNOWN - not researched; event-side airport only,kirk_tpusa_event_airport,UNKNOWN,UNKNOWN,UNKNOWN,UNKNOWN,0,,,,0,1,1,0,0,0,0,0,0,0,0,0,NOT RESEARCHED. This field appears in this investigation only as the nearest airport to a sourced Charlie Kirk / TPUSA event. No following-plane leg is logged here.,n/a - no foreign-registered leg logged here,,
KLEB,LEB,Lebanon Municipal,Hanover,NH,USA,Upper Valley NH/VT,UNKNOWN - not researched; event-side airport only,kirk_tpusa_event_airport,UNKNOWN,UNKNOWN,UNKNOWN,UNKNOWN,0,,,,0,1,0,0,0,1,0,0,0,0,0,0,NOT RESEARCHED. This field appears in this investigation only as the nearest airport to a sourced Charlie Kirk / TPUSA event. No following-plane leg is logged here.,n/a - no foreign-registered leg logged here,,
KLEX,LEX,Blue Grass Airport,Lexington,KY,USA,Lexington KY,UNKNOWN - not researched; event-side airport only,kirk_tpusa_event_airport,UNKNOWN,UNKNOWN,UNKNOWN,UNKNOWN,0,,,,0,1,1,0,0,0,0,0,0,0,0,0,NOT RESEARCHED. This field appears in this investigation only as the nearest airport to a sourced Charlie Kirk / TPUSA event. No following-plane leg is logged here.,n/a - no foreign-registered leg logged here,,
KLGU,LGU,Logan-Cache Airport,Logan,UT,USA,Wasatch Front UT,UNKNOWN - not researched; event-side airport only,kirk_tpusa_event_airport,UNKNOWN,UNKNOWN,UNKNOWN,UNKNOWN,0,,,,0,1,0,0,0,1,0,0,0,0,0,0,NOT RESEARCHED. This field appears in this investigation only as the nearest airport to a sourced Charlie Kirk / TPUSA event. No following-plane leg is logged here.,n/a - no foreign-registered leg logged here,,
KLWC,LWC,Lawrence Regional Airport,Lawrence,KS,USA,Kansas City-Lawrence KS,municipal general aviation,kirk_tpusa_event_airport,UNKNOWN,none,UNKNOWN,"5,700",0,,,,0,1,1,0,0,0,0,0,0,0,0,0,"Kirk-event airport only (University of Kansas, 3 Apr 2024). No following-plane leg is logged here. The Wichita claim for that date is ~160 miles away.",-,,
KMBT,MBT,Murfreesboro Municipal,Murfreesboro,TN,USA,Nashville TN,UNKNOWN - not researched; event-side airport only,kirk_tpusa_event_airport,UNKNOWN,UNKNOWN,UNKNOWN,UNKNOWN,0,,,,0,1,0,0,0,1,0,0,0,0,0,0,NOT RESEARCHED. This field appears in this investigation only as the nearest airport to a sourced Charlie Kirk / TPUSA event. No following-plane leg is logged here.,n/a - no foreign-registered leg logged here,,
KMCI,MCI,Kansas City International,Kansas City,MO,USA,Kansas City-Lawrence KS,UNKNOWN - not researched; event-side airport only,kirk_tpusa_event_airport,UNKNOWN,UNKNOWN,UNKNOWN,UNKNOWN,0,,,,0,1,1,0,0,0,0,0,0,0,0,0,NOT RESEARCHED. This field appears in this investigation only as the nearest airport to a sourced Charlie Kirk / TPUSA event. No following-plane leg is logged here.,n/a - no foreign-registered leg logged here,,
KMCO,MCO,Orlando International,Orlando,FL,USA,Orlando FL,UNKNOWN - not researched; event-side airport only,kirk_tpusa_event_airport,UNKNOWN,UNKNOWN,UNKNOWN,UNKNOWN,0,,,,0,1,1,0,0,0,0,0,0,0,0,0,NOT RESEARCHED. This field appears in this investigation only as the nearest airport to a sourced Charlie Kirk / TPUSA event. No following-plane leg is logged here.,n/a - no foreign-registered leg logged here,,
KMHK,MHK,Manhattan Regional,Manhattan,KS,USA,Manhattan KS,UNKNOWN - not researched; event-side airport only,kirk_tpusa_event_airport,UNKNOWN,UNKNOWN,UNKNOWN,UNKNOWN,0,,,,0,1,1,0,0,0,0,0,0,0,0,0,NOT RESEARCHED. This field appears in this investigation only as the nearest airport to a sourced Charlie Kirk / TPUSA event. No following-plane leg is logged here.,n/a - no foreign-registered leg logged here,,
KMKE,MKE,Milwaukee Mitchell International,Milwaukee,WI,USA,Milwaukee WI,UNKNOWN - not researched; event-side airport only,kirk_tpusa_event_airport,UNKNOWN,UNKNOWN,UNKNOWN,UNKNOWN,0,,,,0,1,1,0,0,0,0,0,0,0,0,0,NOT RESEARCHED. This field appears in this investigation only as the nearest airport to a sourced Charlie Kirk / TPUSA event. No following-plane leg is logged here.,n/a - no foreign-registered leg logged here,,
KMSN,MSN,Dane County Regional,Madison,WI,USA,Madison WI,UNKNOWN - not researched; event-side airport only,kirk_tpusa_event_airport,UNKNOWN,UNKNOWN,UNKNOWN,UNKNOWN,0,,,,0,1,1,0,0,0,0,0,0,0,0,0,NOT RESEARCHED. This field appears in this investigation only as the nearest airport to a sourced Charlie Kirk / TPUSA event. No following-plane leg is logged here.,n/a - no foreign-registered leg logged here,,
KMSO,MSO,Missoula Montana Airport,Missoula,MT,USA,Missoula MT,UNKNOWN - not researched; event-side airport only,kirk_tpusa_event_airport,UNKNOWN,UNKNOWN,UNKNOWN,UNKNOWN,0,,,,0,1,1,0,0,0,0,0,0,0,0,0,NOT RESEARCHED. This field appears in this investigation only as the nearest airport to a sourced Charlie Kirk / TPUSA event. No following-plane leg is logged here.,n/a - no foreign-registered leg logged here,,
KMSP,MSP,Minneapolis-St Paul International,Minneapolis,MN,USA,Minneapolis-St Paul MN,UNKNOWN - not researched; event-side airport only,kirk_tpusa_event_airport,UNKNOWN,UNKNOWN,UNKNOWN,UNKNOWN,0,,,,0,1,0,0,0,1,0,0,0,0,0,0,NOT RESEARCHED. This field appears in this investigation only as the nearest airport to a sourced Charlie Kirk / TPUSA event. No following-plane leg is logged here.,n/a - no foreign-registered leg logged here,,
KOAK,OAK,Oakland International,Berkeley,CA,USA,Bay Area CA,UNKNOWN - not researched; event-side airport only,kirk_tpusa_event_airport,UNKNOWN,UNKNOWN,UNKNOWN,UNKNOWN,0,,,,0,1,1,0,0,0,0,0,0,0,0,0,NOT RESEARCHED. This field appears in this investigation only as the nearest airport to a sourced Charlie Kirk / TPUSA event. No following-plane leg is logged here.,n/a - no foreign-registered leg logged here,,
KOUN,OUN,University of Oklahoma Westheimer,Norman,OK,USA,Norman OK,UNKNOWN - not researched; event-side airport only,kirk_tpusa_event_airport,UNKNOWN,UNKNOWN,UNKNOWN,UNKNOWN,0,,,,0,1,0,0,0,1,0,0,0,0,0,0,NOT RESEARCHED. This field appears in this investigation only as the nearest airport to a sourced Charlie Kirk / TPUSA event. No following-plane leg is logged here.,n/a - no foreign-registered leg logged here,,
KPBI,PBI,Palm Beach International,West Palm Beach,FL,USA,Palm Beach FL,UNKNOWN - not researched; event-side airport only,kirk_tpusa_event_airport,UNKNOWN,UNKNOWN,UNKNOWN,UNKNOWN,0,,,,0,4,4,0,0,0,0,0,0,0,0,0,NOT RESEARCHED. This field appears in this investigation only as the nearest airport to a sourced Charlie Kirk / TPUSA event. No following-plane leg is logged here.,n/a - no foreign-registered leg logged here,,
KPDK,PDK,DeKalb-Peachtree Airport,Duluth,GA,USA,Atlanta GA,UNKNOWN - not researched; event-side airport only,kirk_tpusa_event_airport,UNKNOWN,UNKNOWN,UNKNOWN,UNKNOWN,0,,,,0,1,1,0,0,0,0,0,0,0,0,0,NOT RESEARCHED. This field appears in this investigation only as the nearest airport to a sourced Charlie Kirk / TPUSA event. No following-plane leg is logged here.,n/a - no foreign-registered leg logged here,,
KPGV,PGV,Pitt-Greenville Airport,Greenville,NC,USA,Greenville NC,UNKNOWN - not researched; event-side airport only,kirk_tpusa_event_airport,UNKNOWN,UNKNOWN,UNKNOWN,UNKNOWN,0,,,,0,1,1,0,0,0,0,0,0,0,0,0,NOT RESEARCHED. This field appears in this investigation only as the nearest airport to a sourced Charlie Kirk / TPUSA event. No following-plane leg is logged here.,n/a - no foreign-registered leg logged here,,
KPHX,PHX,Phoenix Sky Harbor International Airport,Phoenix,AZ,USA,Phoenix AZ,major international hub,kirk_tpusa_event_airport,yes,none,UNKNOWN,"11,500",0,,,,0,13,13,0,0,0,0,0,0,0,0,0,"Kirk-event airport only, and the DENSEST one in the file: 13 sourced Charlie/TPUSA events (11 logged as Phoenix, 2 as Tempe), more than any other city, because TPUSA is headquartered in Phoenix. NO following-plane leg is logged here at any point. Erika Kirk has reportedly said she stayed home in ARIZONA on 10 September 2025.",It is the TPUSA home metro. The absence of any Egyptian-registered leg at the fleet's most obvious target city is a finding that cuts AGAINST the shadowing claim and is recorded here for that reason.,,
KPIT,PIT,Pittsburgh International,Pittsburgh,PA,USA,Pittsburgh PA,UNKNOWN - not researched; event-side airport only,kirk_tpusa_event_airport,UNKNOWN,UNKNOWN,UNKNOWN,UNKNOWN,0,,,,0,2,1,0,0,1,0,0,0,0,0,0,NOT RESEARCHED. This field appears in this investigation only as the nearest airport to a sourced Charlie Kirk / TPUSA event. No following-plane leg is logged here.,n/a - no foreign-registered leg logged here,,
KPWK,PWK,Chicago Executive Airport,Deerfield,IL,USA,Chicago IL,UNKNOWN - not researched; event-side airport only,kirk_tpusa_event_airport,UNKNOWN,UNKNOWN,UNKNOWN,UNKNOWN,0,,,,0,1,1,0,0,0,0,0,0,0,0,0,NOT RESEARCHED. This field appears in this investigation only as the nearest airport to a sourced Charlie Kirk / TPUSA event. No following-plane leg is logged here.,n/a - no foreign-registered leg logged here,,
KRDU,RDU,Raleigh-Durham International,Chapel Hill,NC,USA,Raleigh-Durham NC,UNKNOWN - not researched; event-side airport only,kirk_tpusa_event_airport,UNKNOWN,UNKNOWN,UNKNOWN,UNKNOWN,0,,,,0,2,1,0,0,1,0,0,0,0,0,0,NOT RESEARCHED. This field appears in this investigation only as the nearest airport to a sourced Charlie Kirk / TPUSA event. No following-plane leg is logged here.,n/a - no foreign-registered leg logged here,,
KSAN,SAN,San Diego International,San Diego,CA,USA,San Diego CA,UNKNOWN - not researched; event-side airport only,kirk_tpusa_event_airport,UNKNOWN,UNKNOWN,UNKNOWN,UNKNOWN,0,,,,0,5,5,0,0,0,0,0,0,0,0,0,NOT RESEARCHED. This field appears in this investigation only as the nearest airport to a sourced Charlie Kirk / TPUSA event. No following-plane leg is logged here.,n/a - no foreign-registered leg logged here,,
KSAT,SAT,San Antonio International,San Antonio,TX,USA,San Antonio TX,UNKNOWN - not researched; event-side airport only,kirk_tpusa_event_airport,UNKNOWN,UNKNOWN,UNKNOWN,UNKNOWN,0,,,,0,2,2,0,0,0,0,0,0,0,0,0,NOT RESEARCHED. This field appears in this investigation only as the nearest airport to a sourced Charlie Kirk / TPUSA event. No following-plane leg is logged here.,n/a - no foreign-registered leg logged here,,
KSBA,SBA,Santa Barbara Municipal,Santa Barbara,CA,USA,Santa Barbara CA,UNKNOWN - not researched; event-side airport only,kirk_tpusa_event_airport,UNKNOWN,UNKNOWN,UNKNOWN,UNKNOWN,0,,,,0,1,1,0,0,0,0,0,0,0,0,0,NOT RESEARCHED. This field appears in this investigation only as the nearest airport to a sourced Charlie Kirk / TPUSA event. No following-plane leg is logged here.,n/a - no foreign-registered leg logged here,,
KSBP,SBP,San Luis Obispo County Regional,San Luis Obispo,CA,USA,San Luis Obispo CA,UNKNOWN - not researched; event-side airport only,kirk_tpusa_event_airport,UNKNOWN,UNKNOWN,UNKNOWN,UNKNOWN,0,,,,0,1,1,0,0,0,0,0,0,0,0,0,NOT RESEARCHED. This field appears in this investigation only as the nearest airport to a sourced Charlie Kirk / TPUSA event. No following-plane leg is logged here.,n/a - no foreign-registered leg logged here,,
KSEA,SEA,Seattle-Tacoma International,Seattle,WA,USA,Seattle WA,UNKNOWN - not researched; event-side airport only,kirk_tpusa_event_airport,UNKNOWN,UNKNOWN,UNKNOWN,UNKNOWN,0,,,,0,1,1,0,0,0,0,0,0,0,0,0,NOT RESEARCHED. This field appears in this investigation only as the nearest airport to a sourced Charlie Kirk / TPUSA event. No following-plane leg is logged here.,n/a - no foreign-registered leg logged here,,
KSFO,SFO,San Francisco International,San Francisco,CA,USA,Bay Area CA,UNKNOWN - not researched; event-side airport only,kirk_tpusa_event_airport,UNKNOWN,UNKNOWN,UNKNOWN,UNKNOWN,0,,,,0,1,1,0,0,0,0,0,0,0,0,0,NOT RESEARCHED. This field appears in this investigation only as the nearest airport to a sourced Charlie Kirk / TPUSA event. No following-plane leg is logged here.,n/a - no foreign-registered leg logged here,,
KSGF,SGF,Springfield-Branson National,Springfield,MO,USA,Springfield MO,UNKNOWN - not researched; event-side airport only,kirk_tpusa_event_airport,UNKNOWN,UNKNOWN,UNKNOWN,UNKNOWN,0,,,,0,1,1,0,0,0,0,0,0,0,0,0,NOT RESEARCHED. This field appears in this investigation only as the nearest airport to a sourced Charlie Kirk / TPUSA event. No following-plane leg is logged here.,n/a - no foreign-registered leg logged here,,
KSJC,SJC,Norman Y. Mineta San Jose International,San Jose,CA,USA,Bay Area CA,UNKNOWN - not researched; event-side airport only,kirk_tpusa_event_airport,UNKNOWN,UNKNOWN,UNKNOWN,UNKNOWN,0,,,,0,1,1,0,0,0,0,0,0,0,0,0,NOT RESEARCHED. This field appears in this investigation only as the nearest airport to a sourced Charlie Kirk / TPUSA event. No following-plane leg is logged here.,n/a - no foreign-registered leg logged here,,
KSLC,SLC,Salt Lake City International Airport,Salt Lake City,UT,USA,Wasatch Front UT,major international hub,kirk_tpusa_event_airport,yes - US customs port of entry,Utah Air National Guard on field,several,"12,000",0,,,,0,1,1,0,0,0,1,0,0,0,0,0,"NOT unusual. One aircraft (SU-BND, Apr 2024) entered the US via SLC rather than a small northern field, then went to Provo.",Ordinary customs entry for the Wasatch Front.,,
KTLH,TLH,Tallahassee International,Tallahassee,FL,USA,Tallahassee FL,UNKNOWN - not researched; event-side airport only,kirk_tpusa_event_airport,UNKNOWN,UNKNOWN,UNKNOWN,UNKNOWN,0,,,,0,3,3,0,0,0,0,0,0,0,0,0,NOT RESEARCHED. This field appears in this investigation only as the nearest airport to a sourced Charlie Kirk / TPUSA event. No following-plane leg is logged here.,n/a - no foreign-registered leg logged here,,
KTOA,TOA,Zamperini Field / Torrance,Rancho Palos Verdes,CA,USA,Los Angeles CA,UNKNOWN - not researched; event-side airport only,kirk_tpusa_event_airport,UNKNOWN,UNKNOWN,UNKNOWN,UNKNOWN,0,,,,0,1,1,0,0,0,0,0,0,0,0,0,NOT RESEARCHED. This field appears in this investigation only as the nearest airport to a sourced Charlie Kirk / TPUSA event. No following-plane leg is logged here.,n/a - no foreign-registered leg logged here,,
KTPA,TPA,Tampa International,Tampa,FL,USA,Tampa FL,UNKNOWN - not researched; event-side airport only,kirk_tpusa_event_airport,UNKNOWN,UNKNOWN,UNKNOWN,UNKNOWN,0,,,,0,5,5,0,0,0,0,0,0,0,0,0,NOT RESEARCHED. This field appears in this investigation only as the nearest airport to a sourced Charlie Kirk / TPUSA event. No following-plane leg is logged here.,n/a - no foreign-registered leg logged here,,
KTUS,TUS,Tucson International,Tucson,AZ,USA,Tucson AZ,UNKNOWN - not researched; event-side airport only,kirk_tpusa_event_airport,UNKNOWN,UNKNOWN,UNKNOWN,UNKNOWN,0,,,,0,1,1,0,0,0,0,0,0,0,0,0,NOT RESEARCHED. This field appears in this investigation only as the nearest airport to a sourced Charlie Kirk / TPUSA event. No following-plane leg is logged here.,n/a - no foreign-registered leg logged here,,
KTYS,TYS,McGhee Tyson Airport,Knoxville,TN,USA,Knoxville TN,UNKNOWN - not researched; event-side airport only,kirk_tpusa_event_airport,UNKNOWN,UNKNOWN,UNKNOWN,UNKNOWN,0,,,,0,1,1,0,0,0,0,0,0,0,0,0,NOT RESEARCHED. This field appears in this investigation only as the nearest airport to a sourced Charlie Kirk / TPUSA event. No following-plane leg is logged here.,n/a - no foreign-registered leg logged here,,
KUNV,UNV,University Park Airport,University Park,PA,USA,State College PA,UNKNOWN - not researched; event-side airport only,kirk_tpusa_event_airport,UNKNOWN,UNKNOWN,UNKNOWN,UNKNOWN,0,,,,0,1,1,0,0,0,0,0,0,0,0,0,NOT RESEARCHED. This field appears in this investigation only as the nearest airport to a sourced Charlie Kirk / TPUSA event. No following-plane leg is logged here.,n/a - no foreign-registered leg logged here,,
KUOX,UOX,University-Oxford Airport,Oxford,MS,USA,Oxford MS,UNKNOWN - not researched; event-side airport only,kirk_tpusa_event_airport,UNKNOWN,UNKNOWN,UNKNOWN,UNKNOWN,0,,,,0,1,0,0,0,1,0,0,0,0,0,0,NOT RESEARCHED. This field appears in this investigation only as the nearest airport to a sourced Charlie Kirk / TPUSA event. No following-plane leg is logged here.,n/a - no foreign-registered leg logged here,,
KXNA,XNA,Northwest Arkansas National,Fayetteville,AR,USA,NW Arkansas AR,UNKNOWN - not researched; event-side airport only,kirk_tpusa_event_airport,UNKNOWN,UNKNOWN,UNKNOWN,UNKNOWN,0,,,,0,1,1,0,0,0,0,0,0,0,0,0,NOT RESEARCHED. This field appears in this investigation only as the nearest airport to a sourced Charlie Kirk / TPUSA event. No following-plane leg is logged here.,n/a - no foreign-registered leg logged here,,
RJTT,HND,Tokyo Haneda Airport,Tokyo,,Japan,Tokyo JP,major international hub,kirk_tpusa_event_airport,yes,none,UNKNOWN,"11,000",0,,,,0,1,1,0,0,0,0,0,0,0,0,0,"Kirk-event airport only (Tokyo, 7 Sep 2025). Same point as Incheon.",-,,
RKSI,ICN,Incheon International Airport,Seoul,,South Korea,Seoul KR,major international hub,kirk_tpusa_event_airport,yes,none,UNKNOWN,"12,300",0,,,,0,1,1,0,0,0,0,0,0,0,0,0,"Kirk-event airport only (Build Up Korea, 5-6 Sep 2025). Charlie Kirk was on a DIFFERENT CONTINENT during four of the six days SU-BTT sat at Provo. Recorded because it is the strongest single fact against the September 'following' framing.",-,,
