slug,date_first,date_last,date_certainty,who,attendee_class,city,state,venue,geocode_method,arrival_airport,arrival_airport_name,arrival_selection_basis,arrival_dist_from_city_mi,est_arrival_local,est_departure_local,est_confidence,kirk_side_observed_on_adsb,airports_within_radius,jet_capable,light_jet_capable,no_scheduled_service,su_found_in_radius,adsb_ground_contacts,adsb_ground_contacts_su,flights_csv_stays,flights_csv_stays_su,claimed_overlaps,su_just_outside_radius,su_just_outside_tails,archive_control_verdict,aircraft_days_needed,aircraft_days_held,coverage_pct_all_tails,coverage_pct_following_fleet,queried_pct_following_fleet,following_days_never_asked,yaml
20220104_phoenix,2022-01-04,2022-01-04,EVENT_DATE,Charlie,CHARLIE_ONLY,Phoenix,AZ,"Dream City Church, 13613 N Cave Creek Rd, Phoenix",us_census_2024_gazetteer,KPHX,Phoenix Sky Harbor International Airport,CURATED_tpusa_events.csv_VALUE_KEPT_computed_nearest_jet_field_DIFFERS,10.6,2022-01-04 15:30,2022-01-04 22:30,medium,0,43,11,5,41,no,0,0,0,0,0,0,,ARCHIVE RETENTION BOUNDARY,85,0,0.0,0.0,100.0,0,site/docs/Planes/following/speaking/20220104_phoenix.yaml
20220216_st_charles,2022-02-16,2022-02-16,EVENT_DATE,Charlie,CHARLIE_ONLY,St. Charles,IL,"Arcada Theatre, St. Charles, IL",us_census_2024_gazetteer,KDPA,Dupage Airport,CURATED_CSV_AND_COMPUTED_NEAREST_JET_FIELD_AGREE,3.3,2022-02-16 16:00,2022-02-16 23:00,medium,0,80,8,0,78,no,0,0,0,0,0,0,,ARCHIVE RETENTION BOUNDARY,85,0,0.0,0.0,100.0,0,site/docs/Planes/following/speaking/20220216_st_charles.yaml
20220329_colorado_springs,2022-03-29,2022-03-29,EVENT_DATE,Charlie,CHARLIE_ONLY,Colorado Springs,CO,"Fervent Church, Colorado Springs",us_census_2024_gazetteer,KCOS,City of Colorado Springs Municipal Airport,CURATED_CSV_AND_COMPUTED_NEAREST_JET_FIELD_AGREE,5.3,2022-03-29 16:00,2022-03-29 23:00,medium,0,43,4,2,41,no,0,0,0,0,0,0,,ARCHIVE RETENTION BOUNDARY,85,0,0.0,0.0,100.0,0,site/docs/Planes/following/speaking/20220329_colorado_springs.yaml
20220330_fayetteville,2022-03-30,2022-03-30,EVENT_DATE,Charlie,CHARLIE_ONLY,Fayetteville,AR,University of Arkansas,us_census_2024_gazetteer,KXNA,Northwest Arkansas National Airport,CURATED_tpusa_events.csv_VALUE_KEPT_computed_nearest_jet_field_DIFFERS,16.5,2022-03-30 16:00,2022-03-30 23:00,low,0,46,7,1,45,no,0,0,0,0,0,0,,ARCHIVE RETENTION BOUNDARY,85,4,4.7,0.0,100.0,0,site/docs/Planes/following/speaking/20220330_fayetteville.yaml
20220331_auburn,2022-03-31,2022-03-31,EVENT_DATE,Charlie,CHARLIE_ONLY,Auburn,AL,Hotel at Auburn University auditorium,us_census_2024_gazetteer,KAUO,Auburn University Regional Airport,CURATED_CSV_AND_COMPUTED_NEAREST_JET_FIELD_AGREE,3.6,2022-03-31 16:00,2022-03-31 23:00,medium,0,23,9,1,22,no,0,0,0,0,0,0,,ARCHIVE RETENTION BOUNDARY,85,4,4.7,0.0,100.0,0,site/docs/Planes/following/speaking/20220331_auburn.yaml
20220403_st_louis,2022-04-03,2022-04-03,EVENT_DATE,Charlie,CHARLIE_ONLY,St. Louis,MO,"Grace Church, St. Louis",us_census_2024_gazetteer,KSTL,St. Louis Lambert International Airport,CURATED_tpusa_events.csv_VALUE_KEPT_computed_nearest_jet_field_DIFFERS,10.3,2022-04-03 16:00,2022-04-03 23:00,low,0,40,6,1,38,no,0,0,0,0,0,0,,ARCHIVE RETENTION BOUNDARY,85,4,4.7,0.0,100.0,0,site/docs/Planes/following/speaking/20220403_st_louis.yaml
20220412_boulder,2022-04-12,2022-04-12,EVENT_DATE,Charlie,CHARLIE_ONLY,Boulder,CO,University of Colorado Boulder,us_census_2024_gazetteer,KBJC,Rocky Mountain Metropolitan Airport,CURATED_tpusa_events.csv_VALUE_KEPT_computed_nearest_jet_field_DIFFERS,10.7,2022-04-12 16:00,2022-04-12 23:00,medium,0,51,6,5,49,no,0,0,0,0,0,0,,ARCHIVE RETENTION BOUNDARY,85,0,0.0,0.0,100.0,0,site/docs/Planes/following/speaking/20220412_boulder.yaml
20220413_berkeley,2022-04-13,2022-04-13,EVENT_DATE,Charlie,CHARLIE_ONLY,Berkeley,CA,"Pauley Ballroom, UC Berkeley (afternoon Sproul Plaza tabling)",us_census_2024_gazetteer,KOAK,Oakland San Francisco Bay Airport,CURATED_CSV_AND_COMPUTED_NEAREST_JET_FIELD_AGREE,10.9,2022-04-13 15:30,2022-04-13 22:30,medium,0,21,9,1,16,no,0,0,0,0,0,0,,ARCHIVE RETENTION BOUNDARY,85,0,0.0,0.0,100.0,0,site/docs/Planes/following/speaking/20220413_berkeley.yaml
20220414_fullerton,2022-04-14,2022-04-14,EVENT_DATE,Charlie,CHARLIE_ONLY,Fullerton,CA,Cal State Fullerton,us_census_2024_gazetteer,KFUL,Fullerton Municipal Airport,CURATED_tpusa_events.csv_VALUE_KEPT_computed_nearest_jet_field_DIFFERS,3.1,2022-04-14 16:00,2022-04-14 23:00,medium,0,22,10,3,16,no,0,0,0,0,0,0,,ARCHIVE RETENTION BOUNDARY,85,0,0.0,0.0,100.0,0,site/docs/Planes/following/speaking/20220414_fullerton.yaml
20220420_milwaukee,2022-04-20,2022-04-20,EVENT_DATE,Charlie,CHARLIE_ONLY,Milwaukee,WI,University of Wisconsin-Milwaukee,us_census_2024_gazetteer,KMKE,General Mitchell International Airport,CURATED_tpusa_events.csv_VALUE_KEPT_computed_nearest_jet_field_DIFFERS,8.8,2022-04-20 17:02,2022-04-21 00:02,medium,0,56,5,5,55,no,0,0,0,0,0,0,,ARCHIVE RETENTION BOUNDARY,85,0,0.0,0.0,100.0,0,site/docs/Planes/following/speaking/20220420_milwaukee.yaml
20220519_tpusa_debate_night,2022-05-19,2022-05-19,EVENT_DATE,Charlie,CHARLIE_ONLY,UNKNOWN,,TPUSA Debate Night (streamed),FAILED,,,UNRESOLVED,, , ,,0,0,0,0,0,no,0,0,0,0,0,0,,,0,0,0,0,0,0,site/docs/Planes/following/speaking/20220519_tpusa_debate_night.yaml
20220521_tpusa_debate_night,2022-05-21,2022-05-21,PODCAST_PROXY,Charlie,CHARLIE_ONLY,UNKNOWN,,TPUSA Debate Night,FAILED,,,UNRESOLVED,, , ,,0,0,0,0,0,no,0,0,0,0,0,0,,,0,0,0,0,0,0,site/docs/Planes/following/speaking/20220521_tpusa_debate_night.yaml
20220602_grapevine,2022-06-02,2022-06-04,EVENT_DATE,Charlie,CHARLIE_ONLY,Grapevine,TX,"Gaylord Texan Resort & Convention Center, Grapevine, TX",us_census_2024_gazetteer,KDFW,Dallas Fort Worth International Airport,CURATED_CSV_AND_COMPUTED_NEAREST_JET_FIELD_AGREE,3.4,2022-06-02 16:00,2022-06-04 23:00,low,1,132,15,3,129,no,1,0,0,0,0,0,,ARCHIVE RETENTION BOUNDARY,119,5,4.2,2.4,100.0,0,site/docs/Planes/following/speaking/20220602_grapevine.yaml
20220705_tpusa_debate_night,2022-07-05,2022-07-05,PODCAST_PROXY,Charlie,CHARLIE_ONLY,UNKNOWN,,TPUSA Debate Night,FAILED,,,UNRESOLVED,, , ,,0,0,0,0,0,no,0,0,0,0,0,0,,,0,0,0,0,0,0,site/docs/Planes/following/speaking/20220705_tpusa_debate_night.yaml
20220722_tampa,2022-07-22,2022-07-24,EVENT_DATE,Charlie,CHARLIE_ONLY,Tampa,FL,Tampa Convention Center,us_census_2024_gazetteer,KTPA,Tampa International Airport,CURATED_CSV_AND_COMPUTED_NEAREST_JET_FIELD_AGREE,3.3,2022-07-22 16:00,2022-07-24 23:00,low,0,29,7,2,26,no,0,0,0,0,0,0,,ARCHIVE RETENTION BOUNDARY,119,0,0.0,0.0,100.0,0,site/docs/Planes/following/speaking/20220722_tampa.yaml
20220810_san_diego,2022-08-10,2022-08-12,EVENT_DATE,Charlie,CHARLIE_ONLY,San Diego,CA,"Loews Coronado Bay Resort, Coronado / San Diego",us_census_2024_gazetteer,KSAN,San Diego International Airport,CURATED_tpusa_events.csv_VALUE_KEPT_computed_nearest_jet_field_DIFFERS,6.5,2022-08-10 16:00,2022-08-12 23:00,low,0,22,7,3,19,no,0,0,0,0,0,0,,ARCHIVE RETENTION BOUNDARY,119,0,0.0,0.0,100.0,0,site/docs/Planes/following/speaking/20220810_san_diego.yaml
20220814_phoenix,2022-08-14,2022-08-14,EVENT_DATE,Charlie,CHARLIE_ONLY,Phoenix,AZ,"Arizona Financial Theatre, Phoenix",us_census_2024_gazetteer,KPHX,Phoenix Sky Harbor International Airport,CURATED_tpusa_events.csv_VALUE_KEPT_computed_nearest_jet_field_DIFFERS,10.6,2022-08-14 16:00,2022-08-14 23:00,low,0,43,11,5,41,no,0,0,0,0,0,0,,ARCHIVE RETENTION BOUNDARY,85,0,0.0,0.0,100.0,0,site/docs/Planes/following/speaking/20220814_phoenix.yaml
20220916_phoenix,2022-09-16,2022-09-17,EVENT_DATE,Charlie,CHARLIE_ONLY,Phoenix,AZ,"Arizona Grand Resort, 8000 Arizona Grand Pkwy, Phoenix",us_census_2024_gazetteer,KPHX,Phoenix Sky Harbor International Airport,CURATED_tpusa_events.csv_VALUE_KEPT_computed_nearest_jet_field_DIFFERS,10.6,2022-09-16 16:00,2022-09-17 23:00,low,0,43,11,5,41,no,0,0,0,0,0,0,,ARCHIVE RETENTION BOUNDARY,102,0,0.0,0.0,100.0,0,site/docs/Planes/following/speaking/20220916_phoenix.yaml
20221003_newark,2022-10-03,2022-10-03,EVENT_DATE,TPUSA,TPUSA_NO_KIRK,Newark,DE,University of Delaware,us_census_2024_gazetteer,KILG,Wilmington Airport,CURATED_CSV_AND_COMPUTED_NEAREST_JET_FIELD_AGREE,8.0,2022-10-03 15:00,2022-10-03 22:00,medium,0,81,6,2,78,no,0,0,0,0,0,0,,ARCHIVE RETENTION BOUNDARY,85,1,1.2,3.3,100.0,0,site/docs/Planes/following/speaking/20221003_newark.yaml
20221010_phoenix,2022-10-10,2022-10-10,EVENT_DATE,Charlie,CHARLIE_ONLY,Phoenix,AZ,"Antelope Gymnasium, Grand Canyon University",us_census_2024_gazetteer,KPHX,Phoenix Sky Harbor International Airport,CURATED_tpusa_events.csv_VALUE_KEPT_computed_nearest_jet_field_DIFFERS,10.6,2022-10-10 16:00,2022-10-10 23:00,medium,0,43,11,5,41,no,0,0,0,0,0,0,,ARCHIVE RETENTION BOUNDARY,85,0,0.0,0.0,100.0,0,site/docs/Planes/following/speaking/20221010_phoenix.yaml
20221012_austin,2022-10-12,2022-10-12,EVENT_DATE,Charlie,CHARLIE_ONLY,Austin,TX,"Etter-Harbin Alumni Center, University of Texas at Austin",us_census_2024_gazetteer,KAUS,Austin Bergstrom International Airport,CURATED_CSV_AND_COMPUTED_NEAREST_JET_FIELD_AGREE,8.9,2022-10-12 16:00,2022-10-12 23:00,low,0,61,4,6,59,no,0,0,0,0,0,0,,ARCHIVE RETENTION BOUNDARY,85,0,0.0,0.0,100.0,0,site/docs/Planes/following/speaking/20221012_austin.yaml
20221013_east_lansing,2022-10-13,2022-10-13,EVENT_DATE,TPUSA,TPUSA_NO_KIRK,East Lansing,MI,"North Business Building N130, Michigan State University",us_census_2024_gazetteer,KLAN,Capital Region International Airport,CURATED_CSV_AND_COMPUTED_NEAREST_JET_FIELD_AGREE,5.6,2022-10-13 16:00,2022-10-13 23:00,medium,0,55,5,3,54,no,0,0,0,0,0,0,,ARCHIVE RETENTION BOUNDARY,85,0,0.0,0.0,100.0,0,site/docs/Planes/following/speaking/20221013_east_lansing.yaml
20221017_fargo,2022-10-17,2022-10-17,EVENT_DATE,TPUSA,TPUSA_NO_KIRK,Fargo,ND,"NDSU Memorial Union, Oceti Sakowin Ballroom",us_census_2024_gazetteer,KFAR,Hector International Airport,CURATED_CSV_AND_COMPUTED_NEAREST_JET_FIELD_AGREE,3.9,2022-10-17 16:00,2022-10-17 23:00,medium,0,51,1,1,50,no,0,0,0,0,0,0,,ARCHIVE RETENTION BOUNDARY,85,0,0.0,0.0,100.0,0,site/docs/Planes/following/speaking/20221017_fargo.yaml
20221018_kansas_city,2022-10-18,2022-10-18,EVENT_DATE,Charlie,CHARLIE_ONLY,Kansas City,MO,University of Missouri-Kansas City,ourairports_municipality_centroid,KMCI,Kansas City International Airport,CURATED_tpusa_events.csv_VALUE_KEPT_computed_nearest_jet_field_DIFFERS,14.0,2022-10-18 16:00,2022-10-18 23:00,low,0,71,8,3,70,no,0,0,0,0,0,0,,ARCHIVE RETENTION BOUNDARY,85,0,0.0,0.0,100.0,0,site/docs/Planes/following/speaking/20221018_kansas_city.yaml
20221020_tallahassee,2022-10-20,2022-10-20,EVENT_DATE,Charlie,CHARLIE_ONLY,Tallahassee,FL,Florida State University,us_census_2024_gazetteer,KTLH,Tallahassee International Airport,CURATED_CSV_AND_COMPUTED_NEAREST_JET_FIELD_AGREE,7.1,2022-10-20 16:00,2022-10-20 23:00,low,0,18,1,1,17,no,0,0,0,0,0,0,,ARCHIVE RETENTION BOUNDARY,85,0,0.0,0.0,100.0,0,site/docs/Planes/following/speaking/20221020_tallahassee.yaml
20221025_charlotte,2022-10-25,2022-10-25,EVENT_DATE,Charlie,CHARLIE_ONLY,Charlotte,NC,"Popp Martin Student Union, UNC Charlotte, 8845 Craver Rd",us_census_2024_gazetteer,KCLT,Charlotte Douglas International Airport,CURATED_CSV_AND_COMPUTED_NEAREST_JET_FIELD_AGREE,6.3,2022-10-25 16:00,2022-10-25 23:00,medium,0,68,10,0,66,no,0,0,0,0,0,0,,ARCHIVE RETENTION BOUNDARY,85,0,0.0,0.0,100.0,0,site/docs/Planes/following/speaking/20221025_charlotte.yaml
20221130_albuquerque,2022-11-30,2022-11-30,EVENT_DATE,Charlie,CHARLIE_ONLY,Albuquerque,NM,University of New Mexico,us_census_2024_gazetteer,KABQ,Albuquerque International Sunport,CURATED_CSV_AND_COMPUTED_NEAREST_JET_FIELD_AGREE,5.0,2022-11-30 16:00,2022-11-30 23:00,medium,0,15,4,2,14,no,0,0,0,0,0,0,,ARCHIVE RETENTION BOUNDARY,85,4,4.7,3.3,100.0,0,site/docs/Planes/following/speaking/20221130_albuquerque.yaml
20221217_phoenix,2022-12-17,2022-12-20,EVENT_DATE,Charlie,CHARLIE_ONLY,Phoenix,AZ,Phoenix Convention Center,us_census_2024_gazetteer,KPHX,Phoenix Sky Harbor International Airport,CURATED_tpusa_events.csv_VALUE_KEPT_computed_nearest_jet_field_DIFFERS,10.6,2022-12-17 16:00,2022-12-20 23:00,low,0,43,11,5,41,no,0,0,0,0,0,0,,ARCHIVE RETENTION BOUNDARY,136,0,0.0,0.0,100.0,0,site/docs/Planes/following/speaking/20221217_phoenix.yaml
20230208_tempe,2023-02-08,2023-02-08,EVENT_DATE,Charlie,CHARLIE_ONLY,Tempe,AZ,ASU Gammage Auditorium (T.W. Lewis Center / Barrett Honors College),us_census_2024_gazetteer,KPHX,Phoenix Sky Harbor International Airport,CURATED_CSV_AND_COMPUTED_NEAREST_JET_FIELD_AGREE,5.4,2023-02-08 16:00,2023-02-08 23:00,medium,0,43,11,5,41,no,0,0,0,0,0,0,,ARCHIVE HEALTHY,85,17,20.0,6.7,100.0,0,site/docs/Planes/following/speaking/20230208_tempe.yaml
20230301_santa_barbara,2023-03-01,2023-03-01,EVENT_DATE,Charlie,CHARLIE_ONLY,Santa Barbara,CA,"University of California, Santa Barbara",us_census_2024_gazetteer,KSBA,Santa Barbara Municipal Airport,CURATED_CSV_AND_COMPUTED_NEAREST_JET_FIELD_AGREE,7.4,2023-03-01 16:00,2023-03-01 23:00,low,0,17,2,1,16,no,0,0,0,0,0,0,,ARCHIVE HEALTHY,85,10,11.8,3.3,100.0,0,site/docs/Planes/following/speaking/20230301_santa_barbara.yaml
20230308_lexington,2023-03-08,2023-03-08,EVENT_DATE,Charlie,CHARLIE_ONLY,Lexington,KY,University of Kentucky,ourairports_municipality_centroid,KLEX,Blue Grass Airport,CURATED_CSV_AND_COMPUTED_NEAREST_JET_FIELD_AGREE,8.4,2023-03-08 16:00,2023-03-08 23:00,low,0,37,7,0,36,no,0,0,0,0,0,0,,ARCHIVE HEALTHY,85,8,9.4,6.7,100.0,0,site/docs/Planes/following/speaking/20230308_lexington.yaml
20230309_chicago,2023-03-09,2023-03-09,EVENT_DATE,Charlie,CHARLIE_ONLY,Chicago,IL,University of Illinois Chicago,us_census_2024_gazetteer,KORD,Chicago O'Hare International Airport,CURATED_tpusa_events.csv_VALUE_KEPT_computed_nearest_jet_field_DIFFERS,14.9,2023-03-09 16:00,2023-03-09 23:00,low,0,50,8,1,47,no,0,0,0,0,0,0,,ARCHIVE HEALTHY,85,9,10.6,3.3,100.0,0,site/docs/Planes/following/speaking/20230309_chicago.yaml
20230314_davis,2023-03-14,2023-03-14,EVENT_DATE,Charlie,CHARLIE_ONLY,Davis,CA,"University of California, Davis",us_census_2024_gazetteer,KSMF,Sacramento International Airport,CURATED_tpusa_events.csv_VALUE_KEPT_computed_nearest_jet_field_DIFFERS,12.5,2023-03-14 16:00,2023-03-14 23:00,low,0,69,9,5,68,no,0,0,0,0,0,0,,ARCHIVE HEALTHY,85,17,20.0,13.3,100.0,0,site/docs/Planes/following/speaking/20230314_davis.yaml
20230321_baton_rouge,2023-03-21,2023-03-21,EVENT_DATE,TPUSA,TPUSA_NO_KIRK,Baton Rouge,LA,Louisiana State University,us_census_2024_gazetteer,KBTR,Baton Rouge Metropolitan Airport,CURATED_CSV_AND_COMPUTED_NEAREST_JET_FIELD_AGREE,6.5,2023-03-21 16:00,2023-03-21 23:00,low,0,39,3,0,38,no,0,0,0,0,0,0,,ARCHIVE HEALTHY,85,10,11.8,0.0,100.0,0,site/docs/Planes/following/speaking/20230321_baton_rouge.yaml
20230321_new_brunswick,2023-03-21,2023-03-21,EVENT_DATE,TPUSA,TPUSA_NO_KIRK,New Brunswick,NJ,Rutgers University,us_census_2024_gazetteer,KEWR,Newark Liberty International Airport,CURATED_tpusa_events.csv_VALUE_KEPT_computed_nearest_jet_field_DIFFERS,20.1,2023-03-21 16:00,2023-03-21 23:00,low,0,33,8,3,28,no,0,0,0,0,0,0,,ARCHIVE HEALTHY,85,10,11.8,0.0,100.0,0,site/docs/Planes/following/speaking/20230321_new_brunswick.yaml
20230322_columbus,2023-03-22,2023-03-22,EVENT_DATE,Charlie,CHARLIE_ONLY,Columbus,OH,Ohio State University,us_census_2024_gazetteer,KCMH,John Glenn Columbus International Airport,CURATED_CSV_AND_COMPUTED_NEAREST_JET_FIELD_AGREE,5.0,2023-03-22 16:00,2023-03-22 23:00,low,0,57,8,4,55,no,0,0,0,0,0,0,,ARCHIVE HEALTHY,85,12,14.1,0.0,100.0,0,site/docs/Planes/following/speaking/20230322_columbus.yaml
20230327_fort_worth,2023-03-27,2023-03-27,EVENT_DATE,Charlie,CHARLIE_ONLY,Fort Worth,TX,Texas Christian University,us_census_2024_gazetteer,KFTW,Fort Worth Meacham International Airport,CURATED_CSV_AND_COMPUTED_NEAREST_JET_FIELD_AGREE,2.7,2023-03-27 16:00,2023-03-27 23:00,low,0,141,15,3,138,no,0,0,0,0,0,0,,ARCHIVE HEALTHY,85,14,16.5,13.3,100.0,0,site/docs/Planes/following/speaking/20230327_fort_worth.yaml
20230402_jefferson_city,2023-04-02,2023-04-02,EVENT_DATE,TPUSA,TPUSA_NO_KIRK,Jefferson City,MO,"Jefferson City, Missouri (TPUSA Faith / Sean Feucht)",ourairports_municipality_centroid,KJEF,Jefferson City Memorial Airport,CURATED_CSV_AND_COMPUTED_NEAREST_JET_FIELD_AGREE,,2023-04-02 16:00,2023-04-02 23:00,low,0,27,3,3,26,no,0,0,0,0,0,0,,ARCHIVE HEALTHY,85,17,20.0,6.7,100.0,0,site/docs/Planes/following/speaking/20230402_jefferson_city.yaml
20230423_topeka,2023-04-23,2023-04-23,EVENT_DATE,TPUSA,TPUSA_NO_KIRK,Topeka,KS,"Topeka, Kansas (TPUSA Faith)",us_census_2024_gazetteer,KFOE,Topeka Regional Airport,CURATED_tpusa_events.csv_VALUE_KEPT_computed_nearest_jet_field_DIFFERS,6.0,2023-04-23 16:00,2023-04-23 23:00,low,0,49,3,1,49,no,0,0,0,0,1,0,,ARCHIVE HEALTHY,85,16,18.8,3.3,100.0,0,site/docs/Planes/following/speaking/20230423_topeka.yaml
20230500_nashville,2023-05-01,2023-05-31,EVENT_DATE,Charlie,CHARLIE_ONLY,Nashville,TN,"Nashville, Tennessee (venue not named in ChurchLeaders recap)",ourairports_municipality_centroid,KBNA,Nashville International Airport,CURATED_CSV_AND_COMPUTED_NEAREST_JET_FIELD_AGREE,6.9,2023-05-01 16:00,2023-05-31 23:00,low,0,42,7,1,41,no,0,0,0,0,0,0,,ARCHIVE HEALTHY,595,89,15.0,6.7,100.0,0,site/docs/Planes/following/speaking/20230500_nashville.yaml
20230500_tallahassee,2023-05-01,2023-05-31,EVENT_DATE,Charlie,CHARLIE_ONLY,Tallahassee,FL,Florida State University,us_census_2024_gazetteer,KTLH,Tallahassee International Airport,CURATED_CSV_AND_COMPUTED_NEAREST_JET_FIELD_AGREE,7.1,2023-05-01 16:00,2023-05-31 23:00,low,0,18,1,1,17,no,0,0,0,0,0,0,,ARCHIVE HEALTHY,595,89,15.0,6.7,100.0,0,site/docs/Planes/following/speaking/20230500_tallahassee.yaml
20230609_grapevine,2023-06-09,2023-06-11,EVENT_DATE,Charlie,CHARLIE_ONLY,Grapevine,TX,"Gaylord Texan Resort, Grapevine, TX",us_census_2024_gazetteer,KDFW,Dallas Fort Worth International Airport,CURATED_CSV_AND_COMPUTED_NEAREST_JET_FIELD_AGREE,3.4,2023-06-09 16:00,2023-06-11 23:00,low,0,132,15,3,129,no,0,0,0,0,0,0,,ARCHIVE HEALTHY,119,27,22.7,11.9,100.0,0,site/docs/Planes/following/speaking/20230609_grapevine.yaml
20230617_deerfield,2023-06-17,2023-06-19,EVENT_DATE,Charlie,CHARLIE_ONLY,Deerfield,IL,"Deerfield, Illinois (Turning Point Education)",us_census_2024_gazetteer,KPWK,Chicago Executive Airport,CURATED_CSV_AND_COMPUTED_NEAREST_JET_FIELD_AGREE,4.4,2023-06-17 16:00,2023-06-19 23:00,low,0,53,8,0,51,no,0,0,0,0,0,0,,ARCHIVE HEALTHY,119,12,10.1,2.4,100.0,0,site/docs/Planes/following/speaking/20230617_deerfield.yaml
20230712_west_palm_beach,2023-07-12,2023-07-14,EVENT_DATE,Charlie,CHARLIE_ONLY,West Palm Beach,FL,"Palm Beach Convention Center, West Palm Beach",us_census_2024_gazetteer,KPBI,President Donald J. Trump International Airport,CURATED_CSV_AND_COMPUTED_NEAREST_JET_FIELD_AGREE,4.7,2023-07-12 16:00,2023-07-14 23:00,low,0,19,5,4,18,no,0,0,0,0,0,0,,ARCHIVE HEALTHY,119,20,16.8,21.4,100.0,0,site/docs/Planes/following/speaking/20230712_west_palm_beach.yaml
20230715_west_palm_beach,2023-07-15,2023-07-16,EVENT_DATE,Charlie,CHARLIE_ONLY,West Palm Beach,FL,Palm Beach County Convention Center,us_census_2024_gazetteer,KPBI,President Donald J. Trump International Airport,CURATED_CSV_AND_COMPUTED_NEAREST_JET_FIELD_AGREE,4.7,2023-07-15 16:00,2023-07-16 23:00,low,0,19,5,4,18,no,0,0,0,0,0,0,,ARCHIVE HEALTHY,102,17,16.7,16.7,100.0,0,site/docs/Planes/following/speaking/20230715_west_palm_beach.yaml
20230825_lincoln,2023-08-25,2023-08-25,EVENT_DATE,Charlie,CHARLIE_ONLY,Lincoln,NE,"Lincoln, Nebraska (venue not named on the following overview)",us_census_2024_gazetteer,KLNK,Lincoln Airport,CURATED_CSV_AND_COMPUTED_NEAREST_JET_FIELD_AGREE,5.1,2023-08-25 16:00,2023-08-25 23:00,low,0,32,2,3,31,no,0,0,0,0,1,0,,ARCHIVE HEALTHY,85,19,22.4,13.3,100.0,0,site/docs/Planes/following/speaking/20230825_lincoln.yaml
20230913_san_diego,2023-09-13,2023-09-15,EVENT_DATE,Charlie,CHARLIE_ONLY,San Diego,CA,"Intercontinental, San Diego",us_census_2024_gazetteer,KSAN,San Diego International Airport,CURATED_tpusa_events.csv_VALUE_KEPT_computed_nearest_jet_field_DIFFERS,6.5,2023-09-13 16:00,2023-09-15 23:00,low,3,22,7,3,19,no,3,0,0,0,0,0,,ARCHIVE HEALTHY,119,12,10.1,4.8,100.0,0,site/docs/Planes/following/speaking/20230913_san_diego.yaml
20230919_flagstaff,2023-09-19,2023-09-19,EVENT_DATE,Charlie,CHARLIE_ONLY,Flagstaff,AZ,Northern Arizona University (outdoor campus event),us_census_2024_gazetteer,KFLG,Flagstaff Pulliam Airport,CURATED_CSV_AND_COMPUTED_NEAREST_JET_FIELD_AGREE,4.2,2023-09-19 16:00,2023-09-19 23:00,low,0,7,3,1,6,no,0,0,0,0,0,0,,ARCHIVE HEALTHY,85,15,17.6,20.0,100.0,0,site/docs/Planes/following/speaking/20230919_flagstaff.yaml
20230927_tempe,2023-09-27,2023-09-27,EVENT_DATE,Charlie,CHARLIE_ONLY,Tempe,AZ,Arizona State University,us_census_2024_gazetteer,KPHX,Phoenix Sky Harbor International Airport,CURATED_CSV_AND_COMPUTED_NEAREST_JET_FIELD_AGREE,5.4,2023-09-27 16:00,2023-09-27 23:00,low,4,43,11,5,41,no,4,0,0,0,0,0,,ARCHIVE HEALTHY,85,10,11.8,6.7,100.0,0,site/docs/Planes/following/speaking/20230927_tempe.yaml
20231002_san_jose,2023-10-02,2023-10-02,EVENT_DATE,Charlie,CHARLIE_ONLY,San Jose,CA,San Jose State University,us_census_2024_gazetteer,KSJC,Mineta San Jose International Airport,CURATED_CSV_AND_COMPUTED_NEAREST_JET_FIELD_AGREE,7.8,2023-10-02 16:00,2023-10-02 23:00,low,0,22,7,3,18,no,0,0,0,0,0,0,,ARCHIVE HEALTHY,85,8,9.4,6.7,100.0,0,site/docs/Planes/following/speaking/20231002_san_jose.yaml
20231010_orlando,2023-10-10,2023-10-10,EVENT_DATE,Charlie,CHARLIE_ONLY,Orlando,FL,University of Central Florida,us_census_2024_gazetteer,KMCO,Orlando International Airport,CURATED_CSV_AND_COMPUTED_NEAREST_JET_FIELD_AGREE,3.6,2023-10-10 16:00,2023-10-10 23:00,low,0,44,7,0,42,no,0,0,0,0,0,0,,ARCHIVE HEALTHY,85,8,9.4,3.3,100.0,0,site/docs/Planes/following/speaking/20231010_orlando.yaml
20231012_atlanta,2023-10-12,2023-10-12,EVENT_DATE,TPUSA,TPUSA_NO_KIRK,Atlanta,GA,Georgia Institute of Technology,us_census_2024_gazetteer,KATL,Hartsfield Jackson Atlanta International Airport,CURATED_tpusa_events.csv_VALUE_KEPT_computed_nearest_jet_field_DIFFERS,8.7,2023-10-12 16:00,2023-10-12 23:00,low,0,95,11,1,93,no,0,0,0,0,0,0,,ARCHIVE HEALTHY,85,10,11.8,3.3,100.0,0,site/docs/Planes/following/speaking/20231012_atlanta.yaml
20231018_san_antonio,2023-10-18,2023-10-18,EVENT_DATE,Charlie,CHARLIE_ONLY,San Antonio,TX,University of Texas at San Antonio,us_census_2024_gazetteer,KSAT,San Antonio International Airport,CURATED_CSV_AND_COMPUTED_NEAREST_JET_FIELD_AGREE,5.9,2023-10-18 16:00,2023-10-18 23:00,low,0,71,9,1,70,no,0,0,0,0,0,0,,ARCHIVE HEALTHY,85,15,17.6,13.3,100.0,0,site/docs/Planes/following/speaking/20231018_san_antonio.yaml
20231019_springfield,2023-10-19,2023-10-19,EVENT_DATE,Charlie,CHARLIE_ONLY,Springfield,MO,"Plaster Student Union Theater, Missouri State University",us_census_2024_gazetteer,KSGF,Springfield Branson National Airport,CURATED_tpusa_events.csv_VALUE_KEPT_computed_nearest_jet_field_DIFFERS,6.3,2023-10-19 16:00,2023-10-19 23:00,medium,0,39,2,2,38,no,0,0,0,0,0,0,,ARCHIVE HEALTHY,85,16,18.8,20.0,100.0,0,site/docs/Planes/following/speaking/20231019_springfield.yaml
20231025_buffalo,2023-10-25,2023-10-25,EVENT_DATE,TPUSA,TPUSA_NO_KIRK,Buffalo,NY,University at Buffalo,us_census_2024_gazetteer,KBUF,Buffalo Niagara International Airport,CURATED_CSV_AND_COMPUTED_NEAREST_JET_FIELD_AGREE,7.3,2023-10-25 15:26,2023-10-25 22:26,medium,0,55,4,0,52,no,0,0,0,0,0,0,,ARCHIVE HEALTHY,85,11,12.9,13.3,100.0,0,site/docs/Planes/following/speaking/20231025_buffalo.yaml
20231109_los_angeles,2023-11-09,2023-11-09,EVENT_DATE,Charlie,CHARLIE_ONLY,Los Angeles,CA,UCLA,us_census_2024_gazetteer,KLAX,Los Angeles International Airport,CURATED_CSV_AND_COMPUTED_NEAREST_JET_FIELD_AGREE,5.3,2023-11-09 16:00,2023-11-09 23:00,low,0,16,7,4,11,no,0,0,0,0,0,0,,ARCHIVE HEALTHY,85,11,12.9,6.7,100.0,0,site/docs/Planes/following/speaking/20231109_los_angeles.yaml
20231216_phoenix,2023-12-16,2023-12-19,EVENT_DATE,Charlie,CHARLIE_ONLY,Phoenix,AZ,Phoenix Convention Center,us_census_2024_gazetteer,KPHX,Phoenix Sky Harbor International Airport,CURATED_tpusa_events.csv_VALUE_KEPT_computed_nearest_jet_field_DIFFERS,10.6,2023-12-16 16:00,2023-12-19 23:00,low,7,43,11,5,41,no,7,0,0,0,0,0,,ARCHIVE HEALTHY,136,16,11.8,4.2,100.0,0,site/docs/Planes/following/speaking/20231216_phoenix.yaml
20240129_las_vegas,2024-01-29,2024-02-04,EVENT_DATE,Charlie,CHARLIE_ONLY,Las Vegas,NV,Las Vegas (RNC strategy / Restoring National Confidence),us_census_2024_gazetteer,KLAS,Harry Reid International Airport,CURATED_tpusa_events.csv_VALUE_KEPT_computed_nearest_jet_field_DIFFERS,12.1,2024-01-29 16:00,2024-02-04 23:00,low,2,11,5,1,9,no,2,0,0,0,0,0,,ARCHIVE HEALTHY,187,23,12.3,3.0,100.0,0,site/docs/Planes/following/speaking/20240129_las_vegas.yaml
20240306_chapel_hill,2024-03-06,2024-03-06,EVENT_DATE,TPUSA,TPUSA_NO_KIRK,Chapel Hill,NC,University of North Carolina at Chapel Hill,us_census_2024_gazetteer,KRDU,Raleigh-Durham International Airport,CURATED_CSV_AND_COMPUTED_NEAREST_JET_FIELD_AGREE,14.6,2024-03-06 16:00,2024-03-06 23:00,low,0,42,7,0,41,no,0,0,0,0,0,0,,ARCHIVE HEALTHY,85,17,20.0,10.0,100.0,0,site/docs/Planes/following/speaking/20240306_chapel_hill.yaml
20240307_san_luis_obispo,2024-03-07,2024-03-07,EVENT_DATE,Charlie,CHARLIE_ONLY,San Luis Obispo,CA,"Dexter Lawn, Cal Poly San Luis Obispo",us_census_2024_gazetteer,KSBP,San Luis County Regional Airport,CURATED_CSV_AND_COMPUTED_NEAREST_JET_FIELD_AGREE,2.5,2024-03-07 09:30,2024-03-07 16:30,medium,0,23,4,0,21,no,0,0,0,0,0,0,,ARCHIVE HEALTHY,85,18,21.2,10.0,100.0,0,site/docs/Planes/following/speaking/20240307_san_luis_obispo.yaml
20240314_fullerton,2024-03-14,2024-03-14,EVENT_DATE,Charlie,CHARLIE_ONLY,Fullerton,CA,Cal State Fullerton Humanities Quad,us_census_2024_gazetteer,KFUL,Fullerton Municipal Airport,CURATED_tpusa_events.csv_VALUE_KEPT_computed_nearest_jet_field_DIFFERS,3.1,2024-03-14 16:00,2024-03-14 23:00,low,2,22,10,3,16,no,2,0,0,0,0,0,,ARCHIVE HEALTHY,85,11,12.9,3.3,100.0,0,site/docs/Planes/following/speaking/20240314_fullerton.yaml
20240318_san_diego,2024-03-18,2024-03-18,EVENT_DATE,Charlie,CHARLIE_ONLY,San Diego,CA,San Diego State University,us_census_2024_gazetteer,KSAN,San Diego International Airport,CURATED_tpusa_events.csv_VALUE_KEPT_computed_nearest_jet_field_DIFFERS,6.5,2024-03-18 16:00,2024-03-18 23:00,low,1,22,7,3,19,no,1,0,0,0,0,0,,ARCHIVE HEALTHY,85,21,24.7,6.7,100.0,0,site/docs/Planes/following/speaking/20240318_san_diego.yaml
20240319_phoenix,2024-03-19,2024-03-19,PODCAST_PROXY,Charlie,CHARLIE_ONLY,Phoenix,AZ,TPUSA staff onboarding (Phoenix HQ),us_census_2024_gazetteer,KPHX,Phoenix Sky Harbor International Airport,CURATED_tpusa_events.csv_VALUE_KEPT_computed_nearest_jet_field_DIFFERS,10.6,2024-03-19 16:00,2024-03-19 23:00,low,6,43,11,5,41,no,6,0,0,0,0,0,,ARCHIVE HEALTHY,85,25,29.4,6.7,100.0,0,site/docs/Planes/following/speaking/20240319_phoenix.yaml
20240319_pittsburgh,2024-03-19,2024-03-19,EVENT_DATE,TPUSA,TPUSA_NO_KIRK,Pittsburgh,PA,University of Pittsburgh,us_census_2024_gazetteer,KPIT,Pittsburgh International Airport,CURATED_tpusa_events.csv_VALUE_KEPT_computed_nearest_jet_field_DIFFERS,14.0,2024-03-19 16:00,2024-03-19 23:00,low,1,60,6,4,59,no,1,0,0,0,0,0,,ARCHIVE HEALTHY,85,25,29.4,6.7,100.0,0,site/docs/Planes/following/speaking/20240319_pittsburgh.yaml
20240321_las_vegas,2024-03-21,2024-03-21,EVENT_DATE,Charlie,CHARLIE_ONLY,Las Vegas,NV,University of Nevada Las Vegas,us_census_2024_gazetteer,KLAS,Harry Reid International Airport,CURATED_tpusa_events.csv_VALUE_KEPT_computed_nearest_jet_field_DIFFERS,12.1,2024-03-21 16:00,2024-03-21 23:00,low,1,11,5,1,9,no,1,0,0,0,0,0,,ARCHIVE HEALTHY,85,28,32.9,10.0,100.0,0,site/docs/Planes/following/speaking/20240321_las_vegas.yaml
20240327_lubbock,2024-03-27,2024-03-27,EVENT_DATE,Charlie,CHARLIE_ONLY,Lubbock,TX,Texas Tech University,us_census_2024_gazetteer,KLBB,Lubbock Preston Smith International Airport,CURATED_tpusa_events.csv_VALUE_KEPT_computed_nearest_jet_field_DIFFERS,8.0,2024-03-27 16:00,2024-03-27 23:00,low,0,25,5,3,24,no,0,0,0,0,0,0,,ARCHIVE HEALTHY,85,20,23.5,20.0,100.0,0,site/docs/Planes/following/speaking/20240327_lubbock.yaml
20240403_lawrence,2024-04-03,2024-04-03,EVENT_DATE,Charlie,CHARLIE_ONLY,Lawrence,KS,University of Kansas,us_census_2024_gazetteer,KLWC,Lawrence Municipal Airport,CURATED_CSV_AND_COMPUTED_NEAREST_JET_FIELD_AGREE,4.4,2024-04-03 16:00,2024-04-03 23:00,low,0,70,7,2,69,no,0,0,0,0,0,0,,ARCHIVE HEALTHY,85,28,32.9,26.7,100.0,0,site/docs/Planes/following/speaking/20240403_lawrence.yaml
20240409_omaha,2024-04-09,2024-04-09,EVENT_DATE,Charlie,CHARLIE_ONLY,Omaha,NE,"Lord of Hosts Church, 5351 S. 139th Plaza, Omaha",us_census_2024_gazetteer,KOMA,Eppley Airfield,CURATED_CSV_AND_COMPUTED_NEAREST_JET_FIELD_AGREE,8.7,2024-04-09 16:00,2024-04-09 23:00,medium,0,37,5,5,36,no,0,0,0,0,1,0,,ARCHIVE HEALTHY,85,17,20.0,6.7,100.0,0,site/docs/Planes/following/speaking/20240409_omaha.yaml
20240423_salt_lake_city,2024-04-23,2024-04-23,EVENT_DATE,Charlie,CHARLIE_ONLY,Salt Lake City,UT,University of Utah,ourairports_municipality_centroid,KSLC,Salt Lake City International Airport,CURATED_tpusa_events.csv_VALUE_KEPT_computed_nearest_jet_field_DIFFERS,5.9,2024-04-23 16:00,2024-04-23 23:00,low,2,20,6,1,18,no,2,0,0,0,0,3,SU-BND;SU-BTT,ARCHIVE HEALTHY,85,20,23.5,6.7,100.0,0,site/docs/Planes/following/speaking/20240423_salt_lake_city.yaml
20240507_seattle,2024-05-07,2024-05-07,EVENT_DATE,Charlie,CHARLIE_ONLY,Seattle,WA,"HUB Lawn then HUB Ballroom, University of Washington",us_census_2024_gazetteer,KSEA,Seattle–Tacoma International Airport,CURATED_tpusa_events.csv_VALUE_KEPT_computed_nearest_jet_field_DIFFERS,12.0,2024-05-07 15:30,2024-05-07 22:30,medium,0,52,8,0,48,no,0,0,0,0,0,0,,ARCHIVE HEALTHY,85,21,24.7,20.0,100.0,0,site/docs/Planes/following/speaking/20240507_seattle.yaml
20240508_las_vegas,2024-05-08,2024-05-08,PODCAST_PROXY,Charlie,CHARLIE_ONLY,Las Vegas,NV,University of Nevada Las Vegas,us_census_2024_gazetteer,KLAS,Harry Reid International Airport,CURATED_tpusa_events.csv_VALUE_KEPT_computed_nearest_jet_field_DIFFERS,12.1,2024-05-08 16:00,2024-05-08 23:00,low,1,11,5,1,9,no,1,0,0,0,0,0,,ARCHIVE HEALTHY,85,22,25.9,20.0,100.0,0,site/docs/Planes/following/speaking/20240508_las_vegas.yaml
20240516_san_diego,2024-05-16,2024-05-16,PODCAST_PROXY,Charlie,CHARLIE_ONLY,San Diego,CA,San Diego State University,us_census_2024_gazetteer,KSAN,San Diego International Airport,CURATED_tpusa_events.csv_VALUE_KEPT_computed_nearest_jet_field_DIFFERS,6.5,2024-05-16 16:00,2024-05-16 23:00,low,0,22,7,3,19,no,0,0,0,0,0,0,,ARCHIVE HEALTHY,85,11,12.9,20.0,100.0,0,site/docs/Planes/following/speaking/20240516_san_diego.yaml
20240607_san_antonio,2024-06-07,2024-06-09,EVENT_DATE,Charlie,CHARLIE_ONLY,San Antonio,TX,"Marriott Rivercenter, San Antonio, TX",us_census_2024_gazetteer,KSAT,San Antonio International Airport,CURATED_CSV_AND_COMPUTED_NEAREST_JET_FIELD_AGREE,5.9,2024-06-07 16:00,2024-06-09 23:00,low,2,71,9,1,70,no,2,0,0,0,0,0,,ARCHIVE HEALTHY,119,26,21.8,21.4,100.0,0,site/docs/Planes/following/speaking/20240607_san_antonio.yaml
20240614_detroit,2024-06-14,2024-06-16,EVENT_DATE,Charlie,CHARLIE_ONLY,Detroit,MI,"Huntington Place Convention Center, Detroit",us_census_2024_gazetteer,KDTW,Detroit Metropolitan Wayne County Airport,CURATED_tpusa_events.csv_VALUE_KEPT_computed_nearest_jet_field_DIFFERS,17.4,2024-06-14 16:00,2024-06-16 23:00,low,1,56,6,4,54,no,1,0,0,0,0,0,,ARCHIVE HEALTHY,119,22,18.5,2.4,100.0,0,site/docs/Planes/following/speaking/20240614_detroit.yaml
20240724_west_palm_beach,2024-07-24,2024-07-26,EVENT_DATE,Charlie,CHARLIE_ONLY,West Palm Beach,FL,"West Palm Beach, Florida",us_census_2024_gazetteer,KPBI,President Donald J. Trump International Airport,CURATED_CSV_AND_COMPUTED_NEAREST_JET_FIELD_AGREE,4.7,2024-07-24 16:00,2024-07-26 23:00,low,0,19,5,4,18,no,0,0,0,0,0,0,,ARCHIVE HEALTHY,119,28,23.5,21.4,100.0,0,site/docs/Planes/following/speaking/20240724_west_palm_beach.yaml
20240726_west_palm_beach,2024-07-26,2024-07-28,EVENT_DATE,Charlie,CHARLIE_ONLY,West Palm Beach,FL,"West Palm Beach, Florida",us_census_2024_gazetteer,KPBI,President Donald J. Trump International Airport,CURATED_CSV_AND_COMPUTED_NEAREST_JET_FIELD_AGREE,4.7,2024-07-26 16:00,2024-07-28 23:00,low,0,19,5,4,18,no,0,0,0,0,0,0,,ARCHIVE HEALTHY,119,28,23.5,19.0,100.0,0,site/docs/Planes/following/speaking/20240726_west_palm_beach.yaml
20240903_phoenix,2024-09-03,2024-09-03,PODCAST_PROXY,Charlie,CHARLIE_ONLY,Phoenix,AZ,TPUSA staff onboarding (Phoenix HQ),us_census_2024_gazetteer,KPHX,Phoenix Sky Harbor International Airport,CURATED_tpusa_events.csv_VALUE_KEPT_computed_nearest_jet_field_DIFFERS,10.6,2024-09-03 16:00,2024-09-03 23:00,low,5,43,11,5,41,no,5,0,0,0,0,0,,ARCHIVE HEALTHY,85,16,18.8,3.3,100.0,0,site/docs/Planes/following/speaking/20240903_phoenix.yaml
20240905_madison,2024-09-05,2024-09-05,EVENT_DATE,Charlie,CHARLIE_ONLY,Madison,WI,University of Wisconsin-Madison,us_census_2024_gazetteer,KMSN,Dane County Regional Truax Field,CURATED_tpusa_events.csv_VALUE_KEPT_computed_nearest_jet_field_DIFFERS,5.9,2024-09-05 16:00,2024-09-05 23:00,low,1,73,5,3,72,no,1,0,0,0,0,0,,ARCHIVE HEALTHY,85,16,18.8,6.7,100.0,0,site/docs/Planes/following/speaking/20240905_madison.yaml
20240910_boulder,2024-09-10,2024-09-10,EVENT_DATE,Charlie,CHARLIE_ONLY,Boulder,CO,University of Colorado Boulder,us_census_2024_gazetteer,KBJC,Rocky Mountain Metropolitan Airport,CURATED_tpusa_events.csv_VALUE_KEPT_computed_nearest_jet_field_DIFFERS,10.7,2024-09-10 16:00,2024-09-10 23:00,low,3,51,6,5,49,no,3,0,0,0,0,0,,ARCHIVE HEALTHY,85,15,17.6,6.7,100.0,0,site/docs/Planes/following/speaking/20240910_boulder.yaml
20240911_denton,2024-09-11,2024-09-11,EVENT_DATE,Charlie,CHARLIE_ONLY,Denton,TX,University of North Texas,us_census_2024_gazetteer,KDTO,Denton Enterprise Airport,CURATED_CSV_AND_COMPUTED_NEAREST_JET_FIELD_AGREE,3.4,2024-09-11 16:00,2024-09-11 23:00,low,2,128,12,2,125,no,2,0,0,0,0,0,,ARCHIVE HEALTHY,85,14,16.5,3.3,100.0,0,site/docs/Planes/following/speaking/20240911_denton.yaml
20240913_manhattan,2024-09-13,2024-09-13,EVENT_DATE,Charlie,CHARLIE_ONLY,Manhattan,KS,Kansas State University,us_census_2024_gazetteer,KMHK,Manhattan Regional Airport,CURATED_CSV_AND_COMPUTED_NEAREST_JET_FIELD_AGREE,4.8,2024-09-13 16:00,2024-09-13 23:00,low,0,30,1,4,29,no,0,0,0,0,0,0,,ARCHIVE HEALTHY,85,15,17.6,0.0,100.0,0,site/docs/Planes/following/speaking/20240913_manhattan.yaml
20240918_pittsburgh,2024-09-18,2024-09-18,EVENT_DATE,Charlie,CHARLIE_ONLY,Pittsburgh,PA,University of Pittsburgh,us_census_2024_gazetteer,KPIT,Pittsburgh International Airport,CURATED_tpusa_events.csv_VALUE_KEPT_computed_nearest_jet_field_DIFFERS,14.0,2024-09-18 16:00,2024-09-18 23:00,low,1,60,6,4,59,no,1,0,0,0,0,0,,ARCHIVE HEALTHY,85,22,25.9,13.3,100.0,0,site/docs/Planes/following/speaking/20240918_pittsburgh.yaml
20240919_university_park,2024-09-19,2024-09-19,EVENT_DATE,Charlie,CHARLIE_ONLY,University Park,PA,"HUB Lawn, Penn State University",curated_nearest_airport_code_in_tpusa_events_csv,KUNV,State College Regional Airport,CURATED_CSV_AND_COMPUTED_NEAREST_JET_FIELD_AGREE,,2024-09-19 09:00,2024-09-19 16:00,medium,1,34,3,2,33,no,1,0,0,0,0,0,,ARCHIVE HEALTHY,85,24,28.2,16.7,100.0,0,site/docs/Planes/following/speaking/20240919_university_park.yaml
20240930_missoula,2024-09-30,2024-09-30,EVENT_DATE,Charlie,CHARLIE_ONLY,Missoula,MT,University of Montana,us_census_2024_gazetteer,KMSO,Missoula Montana Airport,CURATED_CSV_AND_COMPUTED_NEAREST_JET_FIELD_AGREE,4.2,2024-09-30 09:00,2024-09-30 16:00,medium,1,14,1,0,13,no,1,0,0,0,0,0,,ARCHIVE HEALTHY,85,24,28.2,10.0,100.0,0,site/docs/Planes/following/speaking/20240930_missoula.yaml
20241011_corvallis,2024-10-11,2024-10-11,EVENT_DATE,Charlie,CHARLIE_ONLY,Corvallis,OR,"Memorial Union quad, Oregon State University",us_census_2024_gazetteer,KCVO,Corvallis Municipal Airport,CURATED_CSV_AND_COMPUTED_NEAREST_JET_FIELD_AGREE,5.1,2024-10-11 09:00,2024-10-11 16:00,medium,2,63,4,0,61,no,2,0,0,0,0,0,,ARCHIVE HEALTHY,85,14,16.5,6.7,100.0,0,site/docs/Planes/following/speaking/20241011_corvallis.yaml
20241015_university_of_nevada,2024-10-15,2024-10-15,PODCAST_PROXY,Charlie,CHARLIE_ONLY,AMBIGUOUS,NV,University of Nevada (Reno or Las Vegas — title does not say),FAILED,,,UNRESOLVED,, , ,,0,0,0,0,0,no,0,0,0,0,0,0,,,0,0,0,0,0,0,site/docs/Planes/following/speaking/20241015_university_of_nevada.yaml
20241015_flagstaff,2024-10-15,2024-10-15,EVENT_DATE,Charlie,CHARLIE_ONLY,Flagstaff,AZ,"University Union amphitheater, Northern Arizona University",us_census_2024_gazetteer,KFLG,Flagstaff Pulliam Airport,CURATED_CSV_AND_COMPUTED_NEAREST_JET_FIELD_AGREE,4.2,2024-10-15 16:00,2024-10-15 23:00,low,0,7,3,1,6,no,0,0,0,0,0,0,,ARCHIVE HEALTHY,85,21,24.7,16.7,100.0,0,site/docs/Planes/following/speaking/20241015_flagstaff.yaml
20241016_tucson,2024-10-16,2024-10-16,EVENT_DATE,Charlie,CHARLIE_ONLY,Tucson,AZ,University of Arizona Student Union,us_census_2024_gazetteer,KTUS,Tucson International Airport,CURATED_tpusa_events.csv_VALUE_KEPT_computed_nearest_jet_field_DIFFERS,4.7,2024-10-16 14:30,2024-10-16 21:30,medium,0,23,5,6,22,no,0,0,0,0,0,0,,ARCHIVE HEALTHY,85,21,24.7,13.3,100.0,0,site/docs/Planes/following/speaking/20241016_tucson.yaml
20241021_chapel_hill,2024-10-21,2024-10-21,EVENT_DATE,Charlie,CHARLIE_ONLY,Chapel Hill,NC,University of North Carolina at Chapel Hill,us_census_2024_gazetteer,KRDU,Raleigh-Durham International Airport,CURATED_CSV_AND_COMPUTED_NEAREST_JET_FIELD_AGREE,14.6,2024-10-21 09:00,2024-10-21 16:00,medium,2,42,7,0,41,no,2,0,0,0,0,0,,ARCHIVE HEALTHY,85,24,28.2,20.0,100.0,0,site/docs/Planes/following/speaking/20241021_chapel_hill.yaml
20241021_atlanta,2024-10-21,2024-10-21,EVENT_DATE,Charlie,CHARLIE_ONLY,Atlanta,GA,"Georgia State University, downtown Atlanta",us_census_2024_gazetteer,KATL,Hartsfield Jackson Atlanta International Airport,CURATED_tpusa_events.csv_VALUE_KEPT_computed_nearest_jet_field_DIFFERS,8.7,2024-10-21 07:00,2024-10-21 14:00,medium,2,95,11,1,93,no,2,0,0,0,0,0,,ARCHIVE HEALTHY,85,24,28.2,20.0,100.0,0,site/docs/Planes/following/speaking/20241021_atlanta.yaml
20241022_omaha,2024-10-22,2024-10-22,EVENT_DATE,Charlie,CHARLIE_ONLY,Omaha,NE,"Omaha, Nebraska (venue not named in Kirk's week log)",us_census_2024_gazetteer,KOMA,Eppley Airfield,CURATED_CSV_AND_COMPUTED_NEAREST_JET_FIELD_AGREE,8.7,2024-10-22 16:00,2024-10-22 23:00,medium,0,37,5,5,36,no,0,0,0,0,0,0,,ARCHIVE HEALTHY,85,25,29.4,16.7,100.0,0,site/docs/Planes/following/speaking/20241022_omaha.yaml
20241022_athens,2024-10-22,2024-10-22,EVENT_DATE,Charlie,CHARLIE_ONLY,Athens,GA,"Tate Student Center, University of Georgia",ourairports_municipality_centroid,KAHN,Athens Ben Epps Airport,CURATED_CSV_AND_COMPUTED_NEAREST_JET_FIELD_AGREE,,2024-10-22 07:00,2024-10-22 14:00,medium,2,43,9,2,43,no,2,0,0,0,0,0,,ARCHIVE HEALTHY,85,25,29.4,16.7,100.0,0,site/docs/Planes/following/speaking/20241022_athens.yaml
20241023_duluth,2024-10-23,2024-10-23,EVENT_DATE,Charlie,CHARLIE_ONLY,Duluth,GA,"Gas South Arena, Duluth / metro Atlanta",us_census_2024_gazetteer,KPDK,DeKalb Peachtree Airport,CURATED_tpusa_events.csv_VALUE_KEPT_computed_nearest_jet_field_DIFFERS,12.3,2024-10-23 09:00,2024-10-23 16:00,medium,3,62,14,2,60,no,3,0,0,0,0,0,,ARCHIVE HEALTHY,85,21,24.7,10.0,100.0,0,site/docs/Planes/following/speaking/20241023_duluth.yaml
20241024_las_vegas,2024-10-24,2024-10-24,EVENT_DATE,Charlie,CHARLIE_ONLY,Las Vegas,NV,University of Nevada Las Vegas; TP Action 'United for Change' rally Las Vegas,us_census_2024_gazetteer,KLAS,Harry Reid International Airport,CURATED_tpusa_events.csv_VALUE_KEPT_computed_nearest_jet_field_DIFFERS,12.1,2024-10-24 07:00,2024-10-24 14:00,medium,1,11,5,1,9,no,1,0,0,0,0,0,,ARCHIVE HEALTHY,85,19,22.4,10.0,100.0,0,site/docs/Planes/following/speaking/20241024_las_vegas.yaml
20241028_phoenix,2024-10-28,2024-10-28,EVENT_DATE,Charlie,CHARLIE_ONLY,Phoenix,AZ,Grand Canyon University,us_census_2024_gazetteer,KPHX,Phoenix Sky Harbor International Airport,CURATED_tpusa_events.csv_VALUE_KEPT_computed_nearest_jet_field_DIFFERS,10.6,2024-10-28 16:00,2024-10-28 23:00,low,8,43,11,5,41,no,8,0,0,0,0,0,,ARCHIVE HEALTHY,85,14,16.5,6.7,100.0,0,site/docs/Planes/following/speaking/20241028_phoenix.yaml
20241030_greenville,2024-10-30,2024-10-30,EVENT_DATE,Charlie,CHARLIE_ONLY,Greenville,NC,East Carolina University,us_census_2024_gazetteer,KPGV,Pitt-Greenville Airport,CURATED_CSV_AND_COMPUTED_NEAREST_JET_FIELD_AGREE,2.7,2024-10-30 16:00,2024-10-30 23:00,low,0,27,9,1,26,no,0,0,0,0,0,0,,ARCHIVE HEALTHY,85,20,23.5,0.0,100.0,0,site/docs/Planes/following/speaking/20241030_greenville.yaml
20241031_high_point,2024-10-31,2024-10-31,EVENT_DATE,Charlie,CHARLIE_ONLY,High Point,NC,High Point University,us_census_2024_gazetteer,KGSO,Piedmont Triad International Airport,CURATED_CSV_AND_COMPUTED_NEAREST_JET_FIELD_AGREE,8.1,2024-10-31 16:00,2024-10-31 23:00,low,0,63,8,0,62,no,0,0,0,0,0,0,,ARCHIVE HEALTHY,85,20,23.5,0.0,100.0,0,site/docs/Planes/following/speaking/20241031_high_point.yaml
20241219_phoenix,2024-12-19,2024-12-22,EVENT_DATE,Charlie,CHARLIE_ONLY,Phoenix,AZ,Phoenix Convention Center,us_census_2024_gazetteer,KPHX,Phoenix Sky Harbor International Airport,CURATED_tpusa_events.csv_VALUE_KEPT_computed_nearest_jet_field_DIFFERS,10.6,2024-12-19 16:00,2024-12-22 23:00,low,13,43,11,5,41,no,13,0,0,0,0,0,,ARCHIVE HEALTHY,136,25,18.4,12.5,100.0,0,site/docs/Planes/following/speaking/20241219_phoenix.yaml
20250119_washington,2025-01-19,2025-01-20,EVENT_DATE,Charlie,CHARLIE_ONLY,Washington,DC,"TPUSA Inaugural Eve Ball, Washington, D.C.",us_census_2024_gazetteer,KDCA,Ronald Reagan Washington National Airport,CURATED_CSV_AND_COMPUTED_NEAREST_JET_FIELD_AGREE,3.8,2025-01-19 16:00,2025-01-20 23:00,low,1,57,8,3,54,no,1,0,0,0,0,0,,ARCHIVE HEALTHY,102,16,15.7,11.1,100.0,0,site/docs/Planes/following/speaking/20250119_washington.yaml
20250218_phoenix,2025-02-18,2025-02-19,EVENT_DATE,Charlie,CHARLIE_ONLY,Phoenix,AZ,"Hillsdale NLS, Phoenix (not the Michigan campus)",us_census_2024_gazetteer,KPHX,Phoenix Sky Harbor International Airport,CURATED_tpusa_events.csv_VALUE_KEPT_computed_nearest_jet_field_DIFFERS,10.6,2025-02-18 16:00,2025-02-19 23:00,low,7,43,11,5,41,no,7,0,0,0,0,0,,ARCHIVE HEALTHY,102,24,23.5,8.3,100.0,0,site/docs/Planes/following/speaking/20250218_phoenix.yaml
20250220_tampa,2025-02-20,2025-02-20,EVENT_DATE,Charlie,CHARLIE_ONLY,Tampa,FL,University of South Florida,us_census_2024_gazetteer,KTPA,Tampa International Airport,CURATED_CSV_AND_COMPUTED_NEAREST_JET_FIELD_AGREE,3.3,2025-02-20 16:00,2025-02-20 23:00,low,2,29,7,2,26,no,2,0,0,0,0,0,,ARCHIVE HEALTHY,85,17,20.0,6.7,100.0,0,site/docs/Planes/following/speaking/20250220_tampa.yaml
20250227_gainesville,2025-02-27,2025-02-27,EVENT_DATE,Charlie,CHARLIE_ONLY,Gainesville,FL,University of Florida,us_census_2024_gazetteer,KGNV,Gainesville Regional Airport,CURATED_CSV_AND_COMPUTED_NEAREST_JET_FIELD_AGREE,4.6,2025-02-27 16:00,2025-02-27 23:00,low,0,58,7,1,57,no,0,0,0,0,0,0,,ARCHIVE HEALTHY,85,19,22.4,3.3,100.0,0,site/docs/Planes/following/speaking/20250227_gainesville.yaml
20250228_tallahassee,2025-02-28,2025-02-28,EVENT_DATE,Charlie,CHARLIE_ONLY,Tallahassee,FL,Florida State University,us_census_2024_gazetteer,KTLH,Tallahassee International Airport,CURATED_CSV_AND_COMPUTED_NEAREST_JET_FIELD_AGREE,7.1,2025-02-28 16:00,2025-02-28 23:00,low,0,18,1,1,17,no,0,0,0,0,0,0,,ARCHIVE HEALTHY,85,20,23.5,0.0,100.0,0,site/docs/Planes/following/speaking/20250228_tallahassee.yaml
20250303_los_angeles,2025-03-03,2025-03-03,EVENT_DATE,Charlie,CHARLIE_ONLY,Los Angeles,CA,University of Southern California,us_census_2024_gazetteer,KLAX,Los Angeles International Airport,CURATED_CSV_AND_COMPUTED_NEAREST_JET_FIELD_AGREE,5.3,2025-03-03 16:00,2025-03-03 23:00,low,4,16,7,4,11,no,4,0,0,0,0,0,,ARCHIVE HEALTHY,85,17,20.0,0.0,100.0,0,site/docs/Planes/following/speaking/20250303_los_angeles.yaml
20250313_knoxville,2025-03-13,2025-03-13,EVENT_DATE,Charlie,CHARLIE_ONLY,Knoxville,TN,"University of Tennessee, Knoxville",us_census_2024_gazetteer,KTYS,McGhee Tyson Airport,CURATED_CSV_AND_COMPUTED_NEAREST_JET_FIELD_AGREE,11.3,2025-03-13 16:00,2025-03-13 23:00,low,1,37,3,1,36,no,1,0,0,0,0,0,,ARCHIVE HEALTHY,85,20,23.5,0.0,100.0,0,site/docs/Planes/following/speaking/20250313_knoxville.yaml
20250318_gainesville,2025-03-18,2025-03-20,EVENT_DATE,Charlie,CHARLIE_ONLY,Gainesville,GA,"Free Chapel, Gainesville, Georgia (Jentezen Franklin)",us_census_2024_gazetteer,KGVL,Lee Gilmer Memorial Airport,CURATED_CSV_AND_COMPUTED_NEAREST_JET_FIELD_AGREE,1.2,2025-03-18 16:00,2025-03-20 23:00,low,2,41,11,1,40,no,2,0,0,0,0,0,,ARCHIVE HEALTHY,119,31,26.1,9.5,100.0,0,site/docs/Planes/following/speaking/20250318_gainesville.yaml
20250408_urbana,2025-04-08,2025-04-08,EVENT_DATE,Charlie,CHARLIE_ONLY,Urbana,IL,"Foellinger Auditorium, UIUC",us_census_2024_gazetteer,KCMI,University of Illinois Willard Airport,CURATED_tpusa_events.csv_VALUE_KEPT_computed_nearest_jet_field_DIFFERS,6.4,2025-04-08 16:00,2025-04-08 23:00,medium,0,43,5,2,41,no,0,0,0,0,0,0,,ARCHIVE HEALTHY,85,26,30.6,23.3,100.0,0,site/docs/Planes/following/speaking/20250408_urbana.yaml
20250408_normal,2025-04-08,2025-04-08,EVENT_DATE,Charlie,CHARLIE_ONLY,Normal,IL,"Milner Plaza / Lincoln Statue, Illinois State University",us_census_2024_gazetteer,KBMI,Central Illinois Regional Airport at Bloomington-Normal,CURATED_CSV_AND_COMPUTED_NEAREST_JET_FIELD_AGREE,5.0,2025-04-08 08:00,2025-04-08 15:00,medium,0,58,3,1,57,no,0,0,0,0,0,0,,ARCHIVE HEALTHY,85,26,30.6,23.3,100.0,0,site/docs/Planes/following/speaking/20250408_normal.yaml
20250410_west_lafayette,2025-04-10,2025-04-10,EVENT_DATE,Charlie,CHARLIE_ONLY,West Lafayette,IN,"Krach Lawn, Purdue University",us_census_2024_gazetteer,KLAF,Purdue University Airport,CURATED_CSV_AND_COMPUTED_NEAREST_JET_FIELD_AGREE,2.3,2025-04-10 16:00,2025-04-10 23:00,low,0,50,6,3,49,no,0,0,0,0,0,0,,ARCHIVE HEALTHY,85,22,25.9,16.7,100.0,0,site/docs/Planes/following/speaking/20250410_west_lafayette.yaml
20250411_east_lansing,2025-04-11,2025-04-11,EVENT_DATE,Charlie,CHARLIE_ONLY,East Lansing,MI,"Wells Courtyard / Wells Hall, Michigan State University",us_census_2024_gazetteer,KLAN,Capital Region International Airport,CURATED_CSV_AND_COMPUTED_NEAREST_JET_FIELD_AGREE,5.6,2025-04-11 16:00,2025-04-11 23:00,low,0,55,5,3,54,no,0,0,0,0,0,0,,ARCHIVE HEALTHY,85,20,23.5,6.7,100.0,0,site/docs/Planes/following/speaking/20250411_east_lansing.yaml
20250422_college_station,2025-04-22,2025-04-22,EVENT_DATE,Charlie,CHARLIE_ONLY,College Station,TX,Texas A&M University,us_census_2024_gazetteer,KCLL,Easterwood Field,CURATED_CSV_AND_COMPUTED_NEAREST_JET_FIELD_AGREE,4.0,2025-04-22 16:00,2025-04-22 23:00,low,0,41,4,2,40,no,0,0,0,0,0,0,,ARCHIVE HEALTHY,85,17,20.0,6.7,100.0,0,site/docs/Planes/following/speaking/20250422_college_station.yaml
20250424_laramie,2025-04-24,2025-04-24,EVENT_DATE,Charlie,CHARLIE_ONLY,Laramie,WY,University of Wyoming,us_census_2024_gazetteer,KLAR,Laramie Regional Airport,CURATED_CSV_AND_COMPUTED_NEAREST_JET_FIELD_AGREE,3.5,2025-04-24 16:00,2025-04-24 23:00,low,0,3,1,0,2,no,0,0,0,0,0,0,,ARCHIVE HEALTHY,85,19,22.4,10.0,100.0,0,site/docs/Planes/following/speaking/20250424_laramie.yaml
20250429_tpusa_student_town_h,2025-04-29,2025-04-29,PODCAST_PROXY,Charlie,CHARLIE_ONLY,UNKNOWN,,TPUSA student town hall,FAILED,,,UNRESOLVED,, , ,,0,0,0,0,0,no,0,0,0,0,0,0,,,0,0,0,0,0,0,site/docs/Planes/following/speaking/20250429_tpusa_student_town_h.yaml
20250501_san_diego,2025-05-01,2025-05-01,EVENT_DATE,Charlie,CHARLIE_ONLY,San Diego,CA,UC San Diego Town Square,us_census_2024_gazetteer,KSAN,San Diego International Airport,CURATED_tpusa_events.csv_VALUE_KEPT_computed_nearest_jet_field_DIFFERS,6.5,2025-05-01 16:00,2025-05-01 23:00,low,5,22,7,3,19,no,5,0,0,0,0,0,,ARCHIVE HEALTHY,85,25,29.4,13.3,100.0,0,site/docs/Planes/following/speaking/20250501_san_diego.yaml
20250506_san_francisco,2025-05-06,2025-05-06,EVENT_DATE,Charlie,CHARLIE_ONLY,San Francisco,CA,"Mashouf All Purpose Field, 755 Font Blvd, San Francisco",us_census_2024_gazetteer,KSFO,San Francisco International Airport,CURATED_tpusa_events.csv_VALUE_KEPT_computed_nearest_jet_field_DIFFERS,36.7,2025-05-06 09:00,2025-05-06 16:00,medium,1,16,8,0,11,no,1,0,0,0,0,0,,ARCHIVE HEALTHY,85,21,24.7,3.3,100.0,0,site/docs/Planes/following/speaking/20250506_san_francisco.yaml
20250613_grapevine,2025-06-13,2025-06-15,EVENT_DATE,Both,CHARLIE_AND_ERIKA,Grapevine,TX,"Gaylord Texan Resort & Convention Center, 1501 Gaylord Trail, Grapevine, TX",us_census_2024_gazetteer,KDFW,Dallas Fort Worth International Airport,CURATED_CSV_AND_COMPUTED_NEAREST_JET_FIELD_AGREE,3.4,2025-06-13 16:00,2025-06-15 23:00,low,2,132,15,3,129,no,2,0,0,0,0,0,,ARCHIVE HEALTHY,119,29,24.4,14.3,100.0,0,site/docs/Planes/following/speaking/20250613_grapevine.yaml
20250709_tampa,2025-07-09,2025-07-11,EVENT_DATE,Charlie,CHARLIE_ONLY,Tampa,FL,"Tampa, Florida (9th annual CLS)",us_census_2024_gazetteer,KTPA,Tampa International Airport,CURATED_CSV_AND_COMPUTED_NEAREST_JET_FIELD_AGREE,3.3,2025-07-09 16:00,2025-07-11 23:00,low,1,29,7,2,26,no,1,0,0,0,0,0,,ARCHIVE HEALTHY,119,27,22.7,14.3,100.0,0,site/docs/Planes/following/speaking/20250709_tampa.yaml
20250710_tampa,2025-07-10,2025-07-13,EVENT_DATE,Charlie,CHARLIE_ONLY,Tampa,FL,"Tampa, Florida",us_census_2024_gazetteer,KTPA,Tampa International Airport,CURATED_CSV_AND_COMPUTED_NEAREST_JET_FIELD_AGREE,3.3,2025-07-10 16:00,2025-07-13 23:00,low,1,29,7,2,26,no,1,0,0,0,0,0,,ARCHIVE HEALTHY,136,26,19.1,14.6,100.0,0,site/docs/Planes/following/speaking/20250710_tampa.yaml
20250711_tampa,2025-07-11,2025-07-13,EVENT_DATE,Charlie,CHARLIE_ONLY,Tampa,FL,"Tampa Convention Center, 333 S Franklin St, Tampa, FL",us_census_2024_gazetteer,KTPA,Tampa International Airport,CURATED_CSV_AND_COMPUTED_NEAREST_JET_FIELD_AGREE,3.3,2025-07-11 16:00,2025-07-13 23:00,low,1,29,7,2,26,no,1,0,0,0,0,0,,ARCHIVE HEALTHY,119,21,17.6,14.3,100.0,0,site/docs/Planes/following/speaking/20250711_tampa.yaml
20250806_rancho_palos_verdes,2025-08-06,2025-08-08,EVENT_DATE,Charlie,CHARLIE_ONLY,Rancho Palos Verdes,CA,"Terranea Resort, 100 Terranea Way, Rancho Palos Verdes, CA",us_census_2024_gazetteer,KTOA,Zamperini Field,CURATED_CSV_AND_COMPUTED_NEAREST_JET_FIELD_AGREE,4.8,2025-08-06 16:00,2025-08-08 23:00,low,2,15,7,3,10,no,2,0,0,0,0,0,,ARCHIVE HEALTHY,119,22,18.5,9.5,100.0,0,site/docs/Planes/following/speaking/20250806_rancho_palos_verdes.yaml
20250820_dallas,2025-08-20,2025-08-22,EVENT_DATE,Charlie,CHARLIE_ONLY,Dallas,TX,"Dallas, Texas (winthestorm.com)",us_census_2024_gazetteer,KDAL,Dallas Love Field,CURATED_CSV_AND_COMPUTED_NEAREST_JET_FIELD_AGREE,5.9,2025-08-20 16:00,2025-08-22 23:00,low,0,109,16,3,106,no,0,0,0,0,0,0,,ARCHIVE HEALTHY,119,20,16.8,9.5,100.0,0,site/docs/Planes/following/speaking/20250820_dallas.yaml
20250821_north_myrtle_beach,2025-08-21,2025-08-21,EVENT_DATE,Charlie,CHARLIE_ONLY,North Myrtle Beach,SC,"Alabama Theatre, North Myrtle Beach, South Carolina",us_census_2024_gazetteer,KCRE,Grand Strand Airport,CURATED_CSV_AND_COMPUTED_NEAREST_JET_FIELD_AGREE,1.4,2025-08-21 16:00,2025-08-21 23:00,low,0,14,4,2,13,no,0,0,0,0,0,0,,ARCHIVE HEALTHY,85,14,16.5,10.0,100.0,0,site/docs/Planes/following/speaking/20250821_north_myrtle_beach.yaml
20250905_seoul,2025-09-05,2025-09-06,EVENT_DATE,Charlie,CHARLIE_ONLY,Seoul,,"Build Up Korea 2025, Seoul / Goyang-si, Gyeonggi-do",manual_table,RKSI,Incheon International Airport,CURATED_tpusa_events.csv_VALUE_KEPT_computed_nearest_jet_field_DIFFERS,29.7,2025-09-05 16:00,2025-09-06 23:00,low,0,10,4,0,8,no,0,0,0,0,0,0,,ARCHIVE HEALTHY,102,48,47.1,27.8,100.0,0,site/docs/Planes/following/speaking/20250905_seoul.yaml
20250907_tokyo,2025-09-07,2025-09-07,EVENT_DATE,Charlie,CHARLIE_ONLY,Tokyo,,"Sabo Kaikan Annex, Tokyo",manual_table,RJTT,Tokyo Haneda International Airport,CURATED_CSV_AND_COMPUTED_NEAREST_JET_FIELD_AGREE,11.0,2025-09-07 16:00,2025-09-07 23:00,low,0,24,7,0,21,no,0,0,0,0,0,0,,ARCHIVE HEALTHY,85,38,44.7,23.3,100.0,0,site/docs/Planes/following/speaking/20250907_tokyo.yaml
20250910_orem,2025-09-10,2025-09-10,EVENT_DATE,Charlie,CHARLIE_ONLY,Orem,UT,"Utah Valley University, Sorensen Center courtyard",us_census_2024_gazetteer,KPVU,Provo Municipal Airport,CURATED_CSV_AND_COMPUTED_NEAREST_JET_FIELD_AGREE,5.6,2025-09-10 07:00,2025-09-10 14:00,medium,8,13,5,0,12,yes,15,5,2,2,3,0,,ARCHIVE HEALTHY,85,43,50.6,20.0,100.0,0,site/docs/Planes/following/speaking/20250910_orem.yaml
20250911_woodland_park,2025-09-11,2025-09-11,SCHEDULED_NOT_HELD,Charlie,TPUSA_NO_KIRK,Woodland Park,CO,"Charis Bible College, Woodland Park, Colorado",us_census_2024_gazetteer,KCOS,City of Colorado Springs Municipal Airport,CURATED_tpusa_events.csv_VALUE_KEPT_computed_nearest_jet_field_DIFFERS,23.4,2025-09-11 16:00,2025-09-11 23:00,low,0,43,4,2,41,no,0,0,0,0,0,0,,ARCHIVE HEALTHY,85,44,51.8,20.0,100.0,0,site/docs/Planes/following/speaking/20250911_woodland_park.yaml
20250918_fort_collins,2025-09-18,2025-09-18,SCHEDULED_NOT_HELD,Charlie,TPUSA_NO_KIRK,Fort Collins,CO,Colorado State University,us_census_2024_gazetteer,KFNL,Northern Colorado Regional Airport,CURATED_tpusa_events.csv_VALUE_KEPT_computed_nearest_jet_field_DIFFERS,7.4,2025-09-18 16:00,2025-09-18 23:00,low,1,57,3,6,56,no,1,0,0,0,0,0,,ARCHIVE HEALTHY,85,19,22.4,10.0,100.0,0,site/docs/Planes/following/speaking/20250918_fort_collins.yaml
20250919_murfreesboro,2025-09-19,2025-09-20,SCHEDULED_NOT_HELD,Charlie,TPUSA_NO_KIRK,Murfreesboro,TN,"Murfreesboro, Tennessee",us_census_2024_gazetteer,KMBT,City of Murfreesboro Airport,CURATED_CSV_AND_COMPUTED_NEAREST_JET_FIELD_AGREE,2.9,2025-09-19 16:00,2025-09-20 23:00,low,0,46,10,2,45,no,0,0,0,0,0,0,,ARCHIVE HEALTHY,102,21,20.6,13.9,100.0,0,site/docs/Planes/following/speaking/20250919_murfreesboro.yaml
20250921_glendale,2025-09-21,2025-09-21,EVENT_DATE,Erika,ERIKA_ONLY,Glendale,AZ,"State Farm Stadium, Glendale, AZ",us_census_2024_gazetteer,KGEU,Glendale Municipal Airport,CURATED_CSV_AND_COMPUTED_NEAREST_JET_FIELD_AGREE,6.1,2025-09-21 16:00,2025-09-21 23:00,low,9,52,9,4,50,no,9,0,0,0,0,0,,ARCHIVE HEALTHY,85,23,27.1,30.0,100.0,0,site/docs/Planes/following/speaking/20250921_glendale.yaml
20250922_minneapolis,2025-09-22,2025-09-22,AFTER_DEATH,TPUSA,TPUSA_NO_KIRK,Minneapolis,MN,University of Minnesota Twin Cities,us_census_2024_gazetteer,KMSP,Minneapolis–Saint Paul International Airport / Wold–Chamberlain Field,CURATED_CSV_AND_COMPUTED_NEAREST_JET_FIELD_AGREE,6.2,2025-09-22 16:00,2025-09-22 23:00,low,0,54,6,3,53,no,0,0,0,0,0,0,,ARCHIVE HEALTHY,85,26,30.6,40.0,100.0,0,site/docs/Planes/following/speaking/20250922_minneapolis.yaml
20250924_blacksburg,2025-09-24,2025-09-24,AFTER_DEATH,TPUSA,TPUSA_NO_KIRK,Blacksburg,VA,Virginia Tech,us_census_2024_gazetteer,KBCB,Virginia Tech Montgomery Executive Airport,CURATED_CSV_AND_COMPUTED_NEAREST_JET_FIELD_AGREE,1.9,2025-09-24 16:00,2025-09-24 23:00,low,0,25,3,1,24,no,0,0,0,0,0,0,,ARCHIVE HEALTHY,85,19,22.4,23.3,100.0,0,site/docs/Planes/following/speaking/20250924_blacksburg.yaml
20250925_hanover,2025-09-25,2025-09-25,SCHEDULED_NOT_HELD,Charlie,TPUSA_NO_KIRK,Hanover,NH,Dartmouth College,us_census_2024_gazetteer,KLEB,Lebanon Municipal Airport,CURATED_CSV_AND_COMPUTED_NEAREST_JET_FIELD_AGREE,6.1,2025-09-25 16:00,2025-09-25 23:00,low,0,24,3,0,22,no,0,0,0,0,0,0,,ARCHIVE HEALTHY,85,18,21.2,26.7,100.0,0,site/docs/Planes/following/speaking/20250925_hanover.yaml
20250930_logan,2025-09-30,2025-09-30,AFTER_DEATH,TPUSA,TPUSA_NO_KIRK,Logan,UT,"Utah State University, Logan",us_census_2024_gazetteer,KLGU,Logan-Cache Airport,CURATED_CSV_AND_COMPUTED_NEAREST_JET_FIELD_AGREE,3.6,2025-09-30 15:30,2025-09-30 22:30,medium,0,13,2,1,13,no,0,0,0,0,0,0,,ARCHIVE HEALTHY,85,15,17.6,16.7,100.0,0,site/docs/Planes/following/speaking/20250930_logan.yaml
20251007_bozeman,2025-10-07,2025-10-07,AFTER_DEATH,TPUSA,TPUSA_NO_KIRK,Bozeman,MT,Montana State University,us_census_2024_gazetteer,KBZN,Bozeman Yellowstone International Airport,CURATED_CSV_AND_COMPUTED_NEAREST_JET_FIELD_AGREE,8.2,2025-10-07 16:00,2025-10-07 23:00,low,0,24,3,0,23,no,0,0,0,0,0,0,,ARCHIVE HEALTHY,85,19,22.4,10.0,100.0,0,site/docs/Planes/following/speaking/20251007_bozeman.yaml
20251009_grand_forks,2025-10-09,2025-10-09,AFTER_DEATH,TPUSA,TPUSA_NO_KIRK,Grand Forks,ND,University of North Dakota,us_census_2024_gazetteer,KGFK,Grand Forks International Airport,CURATED_CSV_AND_COMPUTED_NEAREST_JET_FIELD_AGREE,4.6,2025-10-09 16:00,2025-10-09 23:00,low,0,42,2,1,41,no,0,0,0,0,0,0,,ARCHIVE HEALTHY,85,22,25.9,16.7,100.0,0,site/docs/Planes/following/speaking/20251009_grand_forks.yaml
20251016_norman,2025-10-16,2025-10-16,AFTER_DEATH,TPUSA,TPUSA_NO_KIRK,Norman,OK,University of Oklahoma,us_census_2024_gazetteer,KOUN,University of Oklahoma Westheimer Airport,CURATED_CSV_AND_COMPUTED_NEAREST_JET_FIELD_AGREE,7.2,2025-10-16 16:00,2025-10-16 23:00,low,0,59,10,0,58,no,0,0,0,0,0,0,,ARCHIVE HEALTHY,85,29,34.1,30.0,100.0,0,site/docs/Planes/following/speaking/20251016_norman.yaml
20251021_bloomington,2025-10-21,2025-10-21,AFTER_DEATH,TPUSA,TPUSA_NO_KIRK,Bloomington,IN,Indiana University Bloomington,us_census_2024_gazetteer,KBMG,Monroe County Airport,CURATED_CSV_AND_COMPUTED_NEAREST_JET_FIELD_AGREE,5.1,2025-10-21 16:00,2025-10-21 23:00,low,0,49,3,2,49,no,0,0,0,0,0,0,,ARCHIVE HEALTHY,85,24,28.2,26.7,100.0,0,site/docs/Planes/following/speaking/20251021_bloomington.yaml
20251027_baton_rouge,2025-10-27,2025-10-27,AFTER_DEATH,TPUSA,TPUSA_NO_KIRK,Baton Rouge,LA,Louisiana State University,us_census_2024_gazetteer,KBTR,Baton Rouge Metropolitan Airport,CURATED_CSV_AND_COMPUTED_NEAREST_JET_FIELD_AGREE,6.5,2025-10-27 16:00,2025-10-27 23:00,low,0,39,3,0,38,no,0,0,0,0,0,0,,ARCHIVE HEALTHY,85,22,25.9,20.0,100.0,0,site/docs/Planes/following/speaking/20251027_baton_rouge.yaml
20251029_oxford,2025-10-29,2025-10-29,AFTER_DEATH,TPUSA,TPUSA_NO_KIRK,Oxford,MS,"Sandy and John Black Pavilion at Ole Miss, 762 All American Drive, Oxford, MS",us_census_2024_gazetteer,KUOX,University Oxford Airport,CURATED_CSV_AND_COMPUTED_NEAREST_JET_FIELD_AGREE,2.3,2025-10-29 14:00,2025-10-29 21:00,medium,0,21,2,1,21,no,0,0,0,0,0,0,,ARCHIVE HEALTHY,85,22,25.9,13.3,100.0,0,site/docs/Planes/following/speaking/20251029_oxford.yaml
