adelson_tail,tel_aviv_first_heard_utc,previous_field,previous_country,previous_last_heard_utc,hours_previous_to_tel_aviv,kirk_side_jets_at_previous_field_6h
N804MS,2023-06-19T02:43:44.300000+00:00,PANC,US,2023-03-19T04:26:48.800000+00:00,2206.3,
N804MS,2023-06-20T09:16:28.470000+00:00,LLBG,IL,2023-06-19T02:50:10.900000+00:00,30.4,
N804MS,2023-06-25T20:24:42.250000+00:00,LLBG,IL,2023-06-20T09:28:52.640000+00:00,130.9,
N804MS,2023-06-28T12:35:46.260000+00:00,LLBG,IL,2023-06-25T20:34:05.130000+00:00,64.0,
N804MS,2024-06-26T08:04:38.040000+00:00,KLAS,US,2024-06-24T23:43:45.980000+00:00,32.3,
N804MS,2024-07-01T09:57:34.150000+00:00,LLBG,IL,2024-06-26T08:56:45.400000+00:00,121.0,
N804MS,2024-07-04T09:29:58.040000+00:00,LLBG,IL,2024-07-01T10:00:01.730000+00:00,71.5,
N804MS,2024-07-13T18:41:30.890000+00:00,LIPZ,IT,2024-07-11T13:05:08.450000+00:00,53.6,
N804MS,2024-07-16T06:24:54.410000+00:00,LLBG,IL,2024-07-13T18:56:05.790000+00:00,59.5,
N804MS,2025-03-12T04:16:23.590000+00:00,LHBP,HU,2025-03-11T23:59:42.580000+00:00,4.3,
N804MS,2025-03-13T11:27:33.760000+00:00,LLBG,IL,2025-03-12T04:20:20.460000+00:00,31.1,
N804MS,2025-03-25T07:48:41.860000+00:00,RJTT,JP,2025-03-24T14:31:21.380000+00:00,17.3,
N804MS,2025-03-28T06:44:01.250000+00:00,LLBG,IL,2025-03-25T07:50:43.010000+00:00,70.9,
N804MS,2025-04-05T13:41:01.840000+00:00,LLBG,IL,2025-03-28T06:59:06.410000+00:00,198.7,
N804MS,2025-04-07T20:59:14.910000+00:00,LLBG,IL,2025-04-05T13:44:06.330000+00:00,55.3,
N804MS,2025-07-13T12:32:47.240000+00:00,LIEA,IT,2025-07-13T06:49:12.480000+00:00,5.7,
N804MS,2025-07-18T05:49:22.410000+00:00,LLBG,IL,2025-07-13T13:54:15.100000+00:00,111.9,
N804MS,2025-07-27T15:18:51.290000+00:00,LFMN,FR,2025-07-27T12:06:36.260000+00:00,3.2,
N804MS,2025-07-29T09:10:12.790000+00:00,LLBG,IL,2025-07-27T15:20:51.150000+00:00,41.8,
N804MS,2025-09-26T15:36:19.570000+00:00,KLAS,US,2025-09-26T00:06:57.750000+00:00,15.5,
N804MS,2025-09-29T13:42:05.410000+00:00,LLBG,IL,2025-09-26T15:42:11.810000+00:00,70.0,
N804MS,2025-10-05T14:47:36.510000+00:00,KEWR,US,2025-10-05T04:54:11.270000+00:00,9.9,
N804MS,2025-10-06T09:35:34.890000+00:00,LLBG,IL,2025-10-05T14:49:53.070000+00:00,18.8,
N804MS,2025-10-14T10:37:32.700000+00:00,LGTS,GR,2025-10-14T08:48:41.250000+00:00,1.8,
N804MS,2025-10-16T19:25:56.920000+00:00,LEBL,ES,2025-10-16T15:43:32.880000+00:00,3.7,
N804MS,2025-10-18T15:18:10.670000+00:00,LLBG,IL,2025-10-16T19:32:13.110000+00:00,43.8,
N804MS,2025-11-03T16:57:46.800000+00:00,KBOS,US,2025-11-03T07:33:34.400000+00:00,9.4,
N804MS,2025-11-05T08:13:45.690000+00:00,LLBG,IL,2025-11-03T17:00:03+00:00,39.2,
N804MS,2026-01-18T17:00:43.570000+00:00,KFLL,US,2026-01-18T05:51:38.240000+00:00,11.2,
N804MS,2026-01-22T21:15:15.840000+00:00,LLBG,IL,2026-01-18T17:02:55.740000+00:00,100.2,
N804MS,2026-01-24T20:13:49.490000+00:00,OMAA,AE,2026-01-24T16:57:51.380000+00:00,3.3,
N804MS,2026-01-27T10:25:40.060000+00:00,LLBG,IL,2026-01-24T20:16:34.440000+00:00,62.2,
N804MS,2026-02-03T14:16:39.210000+00:00,LLBG,IL,2026-01-27T12:11:09.700000+00:00,170.1,
N804MS,2026-02-05T18:25:04.070000+00:00,LLBG,IL,2026-02-03T14:23:03.570000+00:00,52.0,
N804MS,2026-05-15T12:29:58.020000+00:00,KEWR,US,2026-05-15T02:43:21.080000+00:00,9.8,
N804MS,2026-05-21T16:30:32.230000+00:00,LMML,MT,2026-05-21T14:16:41.090000+00:00,2.2,
N804MS,2026-07-07T06:40:00.360000+00:00,KLAS,US,2026-07-05T16:56:34.060000+00:00,37.7,
N804MS,2026-07-12T04:46:12.590000+00:00,LFMN,FR,2026-07-08T17:53:51.830000+00:00,82.9,
N804MS,2026-07-15T19:14:16.180000+00:00,LFMN,FR,2026-07-12T11:31:20.980000+00:00,79.7,
N804MS,2026-08-11T01:11:53.030000+00:00,KLAS,US,2026-08-08T17:52:53.420000+00:00,55.3,
N804MS,2026-08-20T05:44:34.800000+00:00,LGAV,GR,2026-08-20T04:07:43.730000+00:00,1.6,
N804MS,2026-08-20T09:33:36.910000+00:00,LLBG,IL,2026-08-20T05:47:36.920000+00:00,3.8,
N804MS,2026-08-23T16:00:40.630000+00:00,LIMJ,IT,2026-08-23T12:50:23.470000+00:00,3.2,
N108MS,2023-02-28T13:57:57.340000+00:00,KSFO,US,2023-02-27T22:17:28.530000+00:00,15.7,
N108MS,2023-03-07T18:52:30.860000+00:00,LLBG,IL,2023-02-28T14:01:42.500000+00:00,172.8,
N108MS,2023-04-12T19:37:44.310000+00:00,KVNY,US,2023-04-08T22:19:56.220000+00:00,93.3,
N108MS,2023-04-17T11:32:22.320000+00:00,LLBG,IL,2023-04-12T19:46:36.070000+00:00,111.8,
N108MS,2023-04-19T00:21:17.820000+00:00,EPKK,PL,2023-04-18T21:20:03.150000+00:00,3.0,
N108MS,2023-04-19T19:59:47.960000+00:00,LLBG,IL,2023-04-19T00:25:24.430000+00:00,19.6,
N108MS,2023-06-28T04:16:05.720000+00:00,EINN,IE,2023-06-27T23:12:18.140000+00:00,5.1,
N108MS,2023-07-06T09:26:10.800000+00:00,LLBG,IL,2023-06-28T04:19:49.190000+00:00,197.1,
N108MS,2023-08-14T19:56:47.900000+00:00,EINN,IE,2023-08-14T14:38:55.430000+00:00,5.3,
N108MS,2023-08-16T08:12:57.590000+00:00,LLBG,IL,2023-08-14T20:45:43.950000+00:00,35.5,
N108MS,2023-08-18T08:55:24.420000+00:00,LLBG,IL,2023-08-16T08:50:24.500000+00:00,48.1,
N108MS,2024-01-03T20:05:40.360000+00:00,LGKO,GR,2024-01-03T18:58:35.750000+00:00,1.1,
N108MS,2024-01-13T02:22:35.250000+00:00,LEMD,ES,2024-01-09T12:14:27.060000+00:00,86.1,
N108MS,2024-09-18T21:30:43.930000+00:00,LMML,MT,2024-09-16T10:27:34.640000+00:00,59.1,
N108MS,2025-01-27T10:32:14.130000+00:00,KLAX,US,2025-01-22T20:50:21.620000+00:00,109.7,
N108MS,2025-01-28T11:42:40.220000+00:00,LLBG,IL,2025-01-27T10:39:00.210000+00:00,25.1,
N108MS,2025-02-01T12:04:20.180000+00:00,LLBG,IL,2025-01-28T11:49:34.610000+00:00,96.2,
N108MS,2025-02-04T22:16:38.090000+00:00,LLBG,IL,2025-02-01T12:07:40.400000+00:00,82.1,
N108MS,2025-04-18T15:40:20.790000+00:00,KLAX,US,2025-04-18T00:01:24.980000+00:00,15.6,
N108MS,2025-04-19T10:52:52.740000+00:00,LLBG,IL,2025-04-18T15:44:10.300000+00:00,19.1,
N108MS,2025-04-23T14:35:50.020000+00:00,LLBG,IL,2025-04-19T11:01:26.340000+00:00,99.6,
N108MS,2025-04-24T17:41:43.140000+00:00,LLBG,IL,2025-04-23T14:42:43.150000+00:00,27.0,
N108MS,2025-08-22T21:09:37.780000+00:00,KLAX,US,2025-08-22T05:40:18.290000+00:00,15.5,
N108MS,2025-08-26T07:40:44.120000+00:00,LLBG,IL,2025-08-22T21:14:00.300000+00:00,82.4,
N108MS,2025-09-11T19:10:24.780000+00:00,LIRN,IT,2025-09-11T14:49:46.190000+00:00,4.3,
N108MS,2025-09-12T23:58:12.630000+00:00,LFMN,FR,2025-09-12T20:40:34.810000+00:00,3.3,
N108MS,2025-09-15T09:37:59.380000+00:00,LLBG,IL,2025-09-13T00:24:40.400000+00:00,57.2,
N108MS,2026-01-26T06:56:20.810000+00:00,KDAB,US,2026-01-25T19:32:25.700000+00:00,11.4,
N108MS,2026-01-29T06:54:26.260000+00:00,LLBG,IL,2026-01-26T07:01:14.120000+00:00,71.9,
N108MS,2026-02-02T11:51:26.680000+00:00,LLBG,IL,2026-01-29T07:08:29.160000+00:00,100.7,
N108MS,2026-02-03T15:03:52.280000+00:00,LLBG,IL,2026-02-02T11:55:29.040000+00:00,27.1,
N108MS,2026-09-03T04:37:52.480000+00:00,KLAX,US,2026-09-02T13:09:43.990000+00:00,15.5,
N108MS,2026-09-03T07:48:22+00:00,LLBG,IL,2026-09-03T04:41:27.340000+00:00,3.1,
N108MS,2026-09-15T04:18:22.420000+00:00,LLBG,IL,2026-09-03T08:01:01.040000+00:00,284.3,
N108MS,2026-09-15T23:08:11.600000+00:00,LLBG,IL,2026-09-15T04:21:11.810000+00:00,18.8,
N885LS,2023-12-02T21:42:41.150000+00:00,KIAD,US,2023-11-14T22:12:10.550000+00:00,431.5,
N889LS,2023-03-23T16:05:25.820000+00:00,EPKK,PL,2023-03-21T09:32:15.100000+00:00,54.6,
N889LS,2023-03-26T09:46:45.820000+00:00,LLBG,IL,2023-03-23T17:09:29.260000+00:00,64.6,
N889LS,2023-03-28T08:07:14.880000+00:00,LLBG,IL,2023-03-26T10:09:50.070000+00:00,46.0,
N889LS,2023-03-29T20:34:22.720000+00:00,LLBG,IL,2023-03-28T08:07:45.360000+00:00,36.4,
N889LS,2023-11-07T07:11:44.230000+00:00,LDDU,HR,2023-10-25T15:23:10.790000+00:00,303.8,
N889LS,2023-11-09T16:04:52.190000+00:00,LGSR,GR,2023-11-09T14:40:31.830000+00:00,1.4,
N889LS,2025-10-20T09:15:18.850000+00:00,KBED,US,2025-10-19T22:54:06.430000+00:00,10.4,
N889LS,2025-10-24T20:07:34.130000+00:00,LLBG,IL,2025-10-20T09:17:18.170000+00:00,106.8,
N336LS,2023-02-12T18:40:53.890000+00:00,LLBG,IL,2023-02-12T15:16:13.760000+00:00,3.4,
N336LS,2023-02-13T14:38:02.870000+00:00,LLBG,IL,2023-02-12T18:52:27.680000+00:00,19.8,
N336LS,2023-02-18T10:54:29.090000+00:00,LLBG,IL,2023-02-13T14:42:48.820000+00:00,116.2,
N336LS,2023-02-22T19:20:19.590000+00:00,LLBG,IL,2023-02-18T11:12:53.400000+00:00,104.1,
N336LS,2023-02-25T22:41:48.180000+00:00,LLBG,IL,2023-02-22T19:30:24.150000+00:00,75.2,
N336LS,2023-02-26T13:02:12.590000+00:00,LLBG,IL,2023-02-25T22:49:03.070000+00:00,14.2,
N337LS,2026-05-07T19:39:00.950000+00:00,LGAV,GR,2026-05-07T18:11:34.590000+00:00,1.5,
N337LS,2026-05-11T15:07:01.860000+00:00,KDTW,US,2026-05-08T09:38:18.390000+00:00,77.5,
N337LS,2026-05-21T07:50:18.770000+00:00,LIMJ,IT,2026-05-21T04:50:30.030000+00:00,3.0,
N337LS,2026-05-24T06:02:04.040000+00:00,LGAV,GR,2026-05-24T04:20:10.770000+00:00,1.7,
N337LS,2026-06-05T04:34:20.800000+00:00,LLBG,IL,2026-05-24T07:19:45.210000+00:00,285.2,
N337LS,2026-06-07T14:31:50.400000+00:00,LLBG,IL,2026-06-05T06:13:40.490000+00:00,56.3,
N337LS,2026-06-17T18:21:31.820000+00:00,LCLK,CY,2026-06-16T12:24:45.420000+00:00,29.9,
N337LS,2026-06-23T03:42:14.470000+00:00,LLBG,IL,2026-06-17T20:44:08.250000+00:00,127.0,
N337LS,2026-07-09T04:54:03.180000+00:00,LLBG,IL,2026-06-23T04:55:50.650000+00:00,384.0,
N338LS,2024-05-31T11:12:50.910000+00:00,KSBA,US,2024-05-21T22:49:44.180000+00:00,228.4,
N338LS,2025-11-24T18:13:40.330000+00:00,KLAS,US,2025-11-24T03:50:49.910000+00:00,14.4,
N338LS,2025-11-26T13:54:03.680000+00:00,LLBG,IL,2025-11-24T18:18:20.920000+00:00,43.6,
N338LS,2025-11-30T19:55:39.620000+00:00,LLBG,IL,2025-11-26T13:56:06.160000+00:00,102.0,
N338LS,2025-12-03T10:00:54.770000+00:00,KEWR,US,2025-12-03T00:26:35.600000+00:00,9.6,
N338LS,2025-12-07T18:41:52.330000+00:00,OMAA,AE,2025-12-07T15:29:55.770000+00:00,3.2,
N338LS,2025-12-08T22:11:25.950000+00:00,LLBG,IL,2025-12-07T18:48:49.670000+00:00,27.4,
N338LS,2026-02-08T16:22:33.310000+00:00,KLAS,US,2026-02-08T01:08:33.690000+00:00,15.2,
N338LS,2026-02-10T12:12:15.810000+00:00,LLBG,IL,2026-02-08T16:28:40.150000+00:00,43.7,
N338LS,2026-02-12T13:55:30.090000+00:00,LLBG,IL,2026-02-10T12:22:54.980000+00:00,49.5,
N338LS,2026-02-25T06:47:36.860000+00:00,OMDW,AE,2026-02-25T03:41:09.740000+00:00,3.1,
N338LS,2026-07-14T17:06:57.790000+00:00,KLAS,US,2026-07-14T01:06:39.040000+00:00,16.0,
N338LS,2026-07-17T05:46:38.460000+00:00,LCLK,CY,2026-07-14T19:14:46.170000+00:00,58.5,
N338LS,2026-07-22T15:50:23.890000+00:00,LEBL,ES,2026-07-17T12:39:50.980000+00:00,123.2,
N338LS,2026-07-27T03:53:22.260000+00:00,LEIB,ES,2026-07-27T00:17:45.280000+00:00,3.6,
N338LS,2026-07-29T10:58:14.310000+00:00,LLBG,IL,2026-07-27T04:43:05.860000+00:00,54.3,
N338LS,2026-07-29T14:04:02.780000+00:00,LLBG,IL,2026-07-29T11:02:41.530000+00:00,3.0,
N338LS,2026-08-06T04:48:05.480000+00:00,LCLK,CY,2026-07-29T14:52:32.260000+00:00,181.9,
N338LS,2026-08-06T08:45:48.700000+00:00,LLBG,IL,2026-08-06T04:54:33.170000+00:00,3.9,
N338LS,2026-08-11T04:40:04.360000+00:00,LGMK,GR,2026-08-11T03:15:48.120000+00:00,1.4,
N338LS,2026-08-19T03:55:59.780000+00:00,LLBG,IL,2026-08-11T06:03:01.440000+00:00,189.9,
N338LS,2026-08-21T20:57:50.830000+00:00,EGKB,GB,2026-08-21T16:37:35.400000+00:00,4.3,
N339LS,2023-03-26T10:24:17.730000+00:00,KLAX,US,2023-03-17T02:10:26.600000+00:00,224.2,
N339LS,2023-03-29T19:21:43.300000+00:00,LLBG,IL,2023-03-26T11:09:26.720000+00:00,80.2,
N339LS,2023-05-08T10:52:59.840000+00:00,KLAX,US,2023-05-02T21:27:40.030000+00:00,133.4,
N339LS,2023-05-09T07:14:49.650000+00:00,LLBG,IL,2023-05-08T10:59:53.790000+00:00,20.2,
N339LS,2023-05-15T12:37:41.720000+00:00,LEMD,ES,2023-05-11T15:59:47.440000+00:00,92.6,
N339LS,2023-05-17T02:16:53.780000+00:00,LLBG,IL,2023-05-15T12:44:31.470000+00:00,37.5,
N339LS,2023-05-23T12:02:13.740000+00:00,KBOS,US,2023-05-23T02:19:17.850000+00:00,9.7,
N339LS,2023-05-24T21:49:34.830000+00:00,LLBG,IL,2023-05-23T12:08:56.890000+00:00,33.7,
N339LS,2023-05-27T13:06:34.910000+00:00,LLBG,IL,2023-05-24T21:59:30.600000+00:00,63.1,
N339LS,2023-05-28T10:14:53.550000+00:00,LLBG,IL,2023-05-27T13:12:29.180000+00:00,21.0,
