kirk_tail,adelson_tail,airport,airport_name,field_type,municipality,region,kirk_first_local,kirk_last_local,adelson_first_local,adelson_last_local,tier,minutes_heard_together,minutes_apart,kirk_previous_stop,adelson_next_stops,adelson_next_abroad,timezone_method
N872RA,N336LS,KSNA,John Wayne Orange County International Airport,large_airport,Santa Ana,US-CA,2023-04-14 11:30,2023-04-14 13:08,2023-04-14 09:12,2023-04-14 09:14,SAME_FIELD_WITHIN_3H,0,136,KSNA 2023-04-12 18:21 (2 min heard),KSNA (US) 2023-04-16 19:48Z | KOAK (US) 2023-04-17 16:53Z | KVNY (US) 2023-04-18 22:12Z,,state_table_APPROXIMATE
N582MM,N889LS,KVNY,Van Nuys Airport,medium_airport,Van Nuys,US-CA,2023-07-28 07:38,2023-07-28 07:38,2023-07-28 10:38,2023-07-28 10:38,SAME_FIELD_WITHIN_3H,0,180,KFFZ 2023-07-28 06:28 (5 min heard),KVNY (US) 2023-07-29 20:13Z | KLAS (US) 2023-07-29 21:01Z | KVNY (US) 2023-07-30 19:22Z,,state_table_APPROXIMATE
N582MM,N338LS,KLAS,Harry Reid International Airport,large_airport,Las Vegas,US-NV,2023-08-24 10:12,2023-08-24 12:22,2023-08-24 11:12,2023-08-24 11:12,HEARD_TOGETHER,0,0,KSNA 2023-08-22 18:33 (92 min heard),KLAX (US) 2023-08-24 19:02Z | KLAX (US) 2023-08-27 05:00Z | KLAS (US) 2023-08-27 06:25Z,,state_table_APPROXIMATE
N582MM,N339LS,KLAS,Harry Reid International Airport,large_airport,Las Vegas,US-NV,2023-08-24 10:12,2023-08-24 12:22,2023-08-24 07:39,2023-08-24 07:39,SAME_FIELD_WITHIN_3H,0,153,KSNA 2023-08-22 18:33 (92 min heard),CYVR (CA) 2023-08-24 16:42Z | CYVR (CA) 2023-08-24 21:50Z | KSNA (US) 2023-09-02 22:45Z,CYVR CA,state_table_APPROXIMATE
N582MM,N339LS,KDAL,Dallas Love Field,large_airport,Dallas,US-TX,2023-10-20 16:51,2023-10-20 17:31,2023-10-20 18:00,2023-10-20 18:00,SAME_FIELD_WITHIN_3H,0,29,KSAN 2023-10-20 11:05 (63 min heard),KLAS (US) 2023-10-21 01:29Z | KLAX (US) 2023-10-25 15:57Z | KLAS (US) 2023-10-25 20:43Z,,state_table_APPROXIMATE
N102DZ,N889LS,KVNY,Van Nuys Airport,medium_airport,Van Nuys,US-CA,2024-01-28 16:42,2024-01-28 16:48,2024-01-28 16:46,2024-01-28 16:51,HEARD_TOGETHER,2,0,KJWN 2024-01-07 17:45 (0 min heard),KVNY (US) 2024-01-29 22:51Z | KLAS (US) 2024-03-01 21:24Z | KDAL (US) 2024-03-05 20:56Z,,state_table_APPROXIMATE
N102DZ,N108MS,KVNY,Van Nuys Airport,medium_airport,Van Nuys,US-CA,2024-02-14 17:07,2024-02-14 17:54,2024-02-14 14:51,2024-02-14 14:54,SAME_FIELD_WITHIN_3H,0,133,KBNA 2024-02-10 15:33 (0 min heard),KVNY (US) 2024-02-17 22:21Z | KLAS (US) 2024-02-22 19:14Z | KDAL (US) 2024-02-22 21:11Z,,state_table_APPROXIMATE
N102DZ,N108MS,KVNY,Van Nuys Airport,medium_airport,Van Nuys,US-CA,2024-02-17 12:48,2024-02-17 13:15,2024-02-17 14:21,2024-02-17 14:30,SAME_FIELD_WITHIN_3H,0,66,KVNY 2024-02-16 03:54 (7 min heard),KLAS (US) 2024-02-22 19:14Z | KDAL (US) 2024-02-22 21:11Z | KVNY (US) 2024-02-23 21:09Z,,state_table_APPROXIMATE
N102DZ,N108MS,KVNY,Van Nuys Airport,medium_airport,Van Nuys,US-CA,2024-02-28 12:31,2024-02-28 12:57,2024-02-28 12:26,2024-02-28 12:31,HEARD_TOGETHER,0,0,KVNY 2024-02-27 15:31 (16 min heard),KVNY (US) 2024-02-29 17:52Z | KLAS (US) 2024-02-29 22:11Z | KLAS (US) 2024-03-04 03:43Z,,state_table_APPROXIMATE
N872RA,N889LS,KSFO,San Francisco International Airport,large_airport,San Francisco,US-CA,2024-04-02 14:46,2024-04-02 16:01,2024-04-02 15:26,2024-04-02 15:28,HEARD_TOGETHER,2,0,KSNA 2024-04-02 11:59 (2 min heard),KSFO (US) 2024-04-03 05:33Z | KDAL (US) 2024-04-05 18:32Z | KDAL (US) 2024-04-06 04:43Z,,state_table_APPROXIMATE
N582MM,N885LS,KVNY,Van Nuys Airport,medium_airport,Van Nuys,US-CA,2024-04-14 13:44,2024-04-14 13:45,2024-04-14 14:59,2024-04-14 15:56,SAME_FIELD_WITHIN_3H,0,75,KSDL 2024-04-14 11:03 (89 min heard),KLGB (US) 2024-04-20 18:14Z | KLGB (US) 2024-04-20 23:16Z | KEWR (US) 2024-04-23 19:03Z,,state_table_APPROXIMATE
N102DZ,N885LS,KVNY,Van Nuys Airport,medium_airport,Van Nuys,US-CA,2024-04-14 14:57,2024-04-14 15:04,2024-04-14 14:59,2024-04-14 15:56,HEARD_TOGETHER,4,0,KMSP 2024-04-14 11:55 (90 min heard),KLGB (US) 2024-04-20 18:14Z | KLGB (US) 2024-04-20 23:16Z | KEWR (US) 2024-04-23 19:03Z,,state_table_APPROXIMATE
N102DZ,N889LS,KVNY,Van Nuys Airport,medium_airport,Van Nuys,US-CA,2024-04-23 14:17,2024-04-23 14:33,2024-04-23 11:09,2024-04-23 13:48,SAME_FIELD_WITHIN_3H,0,30,KVNY 2024-04-20 02:24 (7 min heard),KLAS (US) 2024-04-23 23:47Z | KVNY (US) 2024-04-24 00:34Z | KVNY (US) 2024-04-24 05:59Z,,state_table_APPROXIMATE
N102DZ,N338LS,KSFO,San Francisco International Airport,large_airport,San Francisco,US-CA,2024-05-06 10:35,2024-05-06 10:37,2024-05-06 09:25,2024-05-06 09:25,SAME_FIELD_WITHIN_3H,0,70,KLAS 2024-05-06 09:13 (9 min heard),KLAX (US) 2024-05-17 03:16Z | KLAS (US) 2024-05-17 05:26Z | KSBA (US) 2024-05-21 16:52Z,,state_table_APPROXIMATE
N582MM,N889LS,KDAL,Dallas Love Field,large_airport,Dallas,US-TX,2024-09-11 20:38,2024-09-11 20:38,2024-09-11 22:02,2024-09-11 22:03,SAME_FIELD_WITHIN_3H,0,83,KDAL 2024-09-11 13:48 (3 min heard),KLAS (US) 2024-09-12 05:29Z | KVNY (US) 2024-09-13 04:44Z | KVNY (US) 2024-09-16 19:14Z,,state_table_APPROXIMATE
N872RA,N889LS,KDAL,Dallas Love Field,large_airport,Dallas,US-TX,2024-09-17 12:51,2024-09-17 12:51,2024-09-17 10:33,2024-09-17 10:38,SAME_FIELD_WITHIN_3H,0,133,KSNA 2024-09-16 19:07 (0 min heard),KDAL (US) 2024-09-20 02:40Z | PANC (US) 2024-09-21 07:11Z | PANC (US) 2024-09-26 20:03Z,,state_table_APPROXIMATE
N872RA,N336LS,KLAX,Los Angeles International Airport,large_airport,Los Angeles,US-CA,2024-10-19 13:48,2024-10-19 14:45,2024-10-19 13:33,2024-10-19 16:57,HEARD_TOGETHER,57,0,KCRQ 2024-10-17 10:27 (6 min heard),KSFO (US) 2024-10-21 14:59Z | KSFO (US) 2024-10-22 22:31Z | KLAX (US) 2024-10-22 23:47Z,,state_table_APPROXIMATE
N582MM,N889LS,KLAS,Harry Reid International Airport,large_airport,Las Vegas,US-NV,2024-11-26 13:54,2024-11-26 14:00,2024-11-26 13:26,2024-11-26 13:26,SAME_FIELD_WITHIN_3H,0,28,KSAN 2024-11-26 10:38 (124 min heard),KDAL (US) 2024-11-26 23:31Z | KDAL (US) 2024-11-27 17:37Z | KLAS (US) 2024-11-27 20:33Z,,state_table_APPROXIMATE
N79SC,N889LS,KDAL,Dallas Love Field,large_airport,Dallas,US-TX,2024-12-18 11:26,2024-12-18 11:27,2024-12-18 09:11,2024-12-18 09:13,SAME_FIELD_WITHIN_3H,0,134,KSDL 2024-12-17 11:17 (74 min heard),KDAL (US) 2024-12-20 05:06Z | KLAS (US) 2024-12-20 07:35Z | KDAL (US) 2024-12-25 18:05Z,,state_table_APPROXIMATE
N582MM,N108MS,KVNY,Van Nuys Airport,medium_airport,Van Nuys,US-CA,2024-12-20 14:20,2024-12-20 15:17,2024-12-20 13:27,2024-12-20 13:36,SAME_FIELD_WITHIN_3H,0,44,KCOE 2024-12-20 12:30 (1 min heard),KLAS (US) 2025-01-03 04:50Z | KLAX (US) 2025-01-15 19:35Z | KIAD (US) 2025-01-16 12:01Z,,state_table_APPROXIMATE
N872RA,N338LS,KVNY,Van Nuys Airport,medium_airport,Van Nuys,US-CA,2024-12-22 09:01,2024-12-22 10:18,2024-12-22 13:03,2024-12-22 14:45,SAME_FIELD_WITHIN_3H,0,165,KSNA 2024-12-20 19:20 (0 min heard),KLAS (US) 2025-01-07 19:50Z | KBUR (US) 2025-01-07 20:48Z | KBUR (US) 2025-01-08 15:51Z,,state_table_APPROXIMATE
N582MM,N336LS,KVNY,Van Nuys Airport,medium_airport,Van Nuys,US-CA,2024-12-29 16:10,2024-12-29 16:52,2024-12-29 17:12,2024-12-29 18:22,SAME_FIELD_WITHIN_3H,0,21,KSDL 2024-12-29 15:13 (44 min heard),KLAS (US) 2024-12-30 03:08Z | KTEB (US) 2025-01-19 03:41Z | KTEB (US) 2025-01-19 18:02Z,,state_table_APPROXIMATE
N560TW,N889LS,KLAS,Harry Reid International Airport,large_airport,Las Vegas,US-NV,2025-01-21 11:30,2025-01-21 11:32,2025-01-21 13:11,2025-01-21 13:19,SAME_FIELD_WITHIN_3H,0,99,KABQ 2025-01-21 09:57 (71 min heard),PANC (US) 2025-01-31 11:52Z | KLAS (US) 2025-02-03 02:57Z | KDAL (US) 2025-02-10 22:20Z,,state_table_APPROXIMATE
N582MM,N108MS,KIAD,Washington Dulles International Airport,large_airport,Dulles,US-VA,2025-02-12 20:36,2025-02-12 20:40,2025-02-12 18:32,2025-02-12 21:57,HEARD_TOGETHER,4,0,KPHX 2025-02-12 14:26 (35 min heard),KVNY (US) 2025-02-13 08:34Z | KVNY (US) 2025-02-18 01:28Z | KVNY (US) 2025-02-25 05:39Z,,state_table_APPROXIMATE
N582MM,N108MS,KVNY,Van Nuys Airport,medium_airport,Van Nuys,US-CA,2025-02-17 16:15,2025-02-17 16:18,2025-02-17 17:28,2025-02-17 17:38,SAME_FIELD_WITHIN_3H,0,70,KPHX 2025-02-14 10:43 (42 min heard),KVNY (US) 2025-02-25 05:39Z | KVNY (US) 2025-02-26 06:22Z | KLAS (US) 2025-03-18 17:04Z,,state_table_APPROXIMATE
N102DZ,N336LS,KVNY,Van Nuys Airport,medium_airport,Van Nuys,US-CA,2025-02-26 10:05,2025-02-26 10:08,2025-02-26 08:35,2025-02-26 08:49,SAME_FIELD_WITHIN_3H,0,76,KVNY 2025-02-24 15:22 (7 min heard),KVNY (US) 2025-02-27 21:58Z | KVNY (US) 2025-02-28 18:08Z | KSAN (US) 2025-03-15 16:40Z,,state_table_APPROXIMATE
N102DZ,N336LS,KVNY,Van Nuys Airport,medium_airport,Van Nuys,US-CA,2025-02-27 13:07,2025-02-27 13:20,2025-02-27 13:58,2025-02-27 14:19,SAME_FIELD_WITHIN_3H,0,38,KVNY 2025-02-26 10:05 (3 min heard),KVNY (US) 2025-02-28 18:08Z | KSAN (US) 2025-03-15 16:40Z | KSAN (US) 2025-03-18 23:32Z,,state_table_APPROXIMATE
N40JD,N889LS,KFLL,Fort Lauderdale Hollywood International Airport,large_airport,Fort Lauderdale,US-FL,2025-03-17 18:09,2025-03-17 18:13,2025-03-17 16:06,2025-03-17 16:08,SAME_FIELD_WITHIN_3H,0,120,KSDL 2025-03-17 09:24 (25 min heard),KFLL (US) 2025-03-22 00:48Z | KLAS (US) 2025-03-22 06:05Z | KEWR (US) 2025-03-25 17:45Z,,state_table_APPROXIMATE
N79SC,N889LS,KDAL,Dallas Love Field,large_airport,Dallas,US-TX,2025-04-11 08:26,2025-04-11 13:23,2025-04-11 12:19,2025-04-11 12:23,HEARD_TOGETHER,4,0,KDAL 2025-04-10 20:34 (1 min heard),KDAL (US) 2025-04-12 04:36Z | KLAS (US) 2025-04-12 07:09Z | KLAS (US) 2025-04-17 00:02Z,,state_table_APPROXIMATE
N560TW,N336LS,KLAS,Harry Reid International Airport,large_airport,Las Vegas,US-NV,2025-06-03 07:08,2025-06-03 07:08,2025-06-03 06:10,2025-06-03 06:14,SAME_FIELD_WITHIN_3H,0,54,KSDL 2025-06-03 04:53 (5 min heard),KLAS (US) 2025-06-04 00:28Z | KSNA (US) 2025-06-05 00:39Z | KLAS (US) 2025-06-08 17:17Z,,state_table_APPROXIMATE
N79SC,N339LS,KIAD,Washington Dulles International Airport,large_airport,Dulles,US-VA,2025-06-18 07:22,2025-06-18 07:44,2025-06-18 09:58,2025-06-18 11:39,SAME_FIELD_WITHIN_3H,0,134,KIAD 2025-06-17 16:06 (4 min heard),KIAD (US) 2025-06-18 22:17Z | KLAS (US) 2025-06-29 17:23Z | KATL (US) 2025-06-29 20:55Z,,state_table_APPROXIMATE
N582MM,N336LS,KLAS,Harry Reid International Airport,large_airport,Las Vegas,US-NV,2025-07-02 18:31,2025-07-02 18:35,2025-07-02 18:45,2025-07-02 18:54,SAME_FIELD_WITHIN_3H,0,10,KPHL 2025-07-02 13:58 (8 min heard),KLAX (US) 2025-07-09 03:03Z | KLAS (US) 2025-07-09 05:06Z | KLAS (US) 2025-07-18 19:42Z,,state_table_APPROXIMATE
N79SC,N885LS,KLAS,Harry Reid International Airport,large_airport,Las Vegas,US-NV,2025-07-23 13:56,2025-07-23 14:03,2025-07-23 16:09,2025-07-23 16:56,SAME_FIELD_WITHIN_3H,0,126,KCOE 2025-07-23 12:00 (46 min heard),KBUR (US) 2025-07-24 17:36Z | KLAS (US) 2025-08-01 06:38Z | KBUR (US) 2025-08-03 20:49Z,,state_table_APPROXIMATE
N582MM,N889LS,KLAS,Harry Reid International Airport,large_airport,Las Vegas,US-NV,2025-08-13 21:02,2025-08-13 21:48,2025-08-13 20:39,2025-08-13 21:10,HEARD_TOGETHER,8,0,KSDL 2025-08-13 19:48 (28 min heard),KLAS (US) 2025-08-16 05:00Z | PHNL (US) 2025-08-16 10:54Z | YBBN (AU) 2025-08-16 21:30Z,YBBN AU,state_table_APPROXIMATE
N872RA,N108MS,KVNY,Van Nuys Airport,medium_airport,Van Nuys,US-CA,2025-08-18 18:31,2025-08-18 19:28,2025-08-18 21:07,2025-08-18 21:55,SAME_FIELD_WITHIN_3H,0,99,KPDX 2025-08-18 15:46 (38 min heard),KLAX (US) 2025-08-20 22:51Z | KLAX (US) 2025-08-22 05:34Z | LLBG (IL) 2025-08-22 21:09Z,LLBG IL,state_table_APPROXIMATE
N872RA,N804MS,KSAN,San Diego International Airport,large_airport,San Diego,US-CA,2025-09-12 09:50,2025-09-12 10:51,2025-09-12 06:47,2025-09-12 08:42,SAME_FIELD_WITHIN_3H,0,68,KSNA 2025-09-11 20:07 (2 min heard),KSAN (US) 2025-09-14 21:52Z | KLAS (US) 2025-09-14 23:52Z | KLAS (US) 2025-09-25 23:07Z,,state_table_APPROXIMATE
N40JD,N804MS,KSAN,San Diego International Airport,large_airport,San Diego,US-CA,2025-09-14 16:43,2025-09-14 17:56,2025-09-14 14:52,2025-09-14 15:53,SAME_FIELD_WITHIN_3H,0,51,KSDL 2025-09-14 15:05 (47 min heard),KLAS (US) 2025-09-14 23:52Z | KLAS (US) 2025-09-25 23:07Z | LLBG (IL) 2025-09-26 15:36Z,LLBG IL,state_table_APPROXIMATE
N560TW,N338LS,KVNY,Van Nuys Airport,medium_airport,Van Nuys,US-CA,2025-09-27 08:26,2025-09-27 09:19,2025-09-27 10:05,2025-09-27 10:12,SAME_FIELD_WITHIN_3H,0,46,KSDL 2025-09-27 07:09 (10 min heard),KLAX (US) 2025-10-07 19:55Z | KLZU (US) 2025-10-08 01:49Z | KLZU (US) 2025-10-09 20:51Z,,state_table_APPROXIMATE
N560TW,N338LS,KSDL,Scottsdale Airport,small_airport,Scottsdale,US-AZ,2025-10-09 15:13,2025-10-09 15:15,2025-10-09 17:29,2025-10-09 17:31,SAME_FIELD_WITHIN_3H,0,133,KLAS 2025-10-09 14:09 (13 min heard),KSDL (US) 2025-10-10 20:58Z | KLZU (US) 2025-10-11 00:12Z | KLZU (US) 2025-10-12 05:59Z,,state_table_APPROXIMATE
N79SC,N108MS,KDAL,Dallas Love Field,large_airport,Dallas,US-TX,2025-10-22 18:47,2025-10-22 18:49,2025-10-22 19:17,2025-10-22 19:20,SAME_FIELD_WITHIN_3H,0,29,KSAT 2025-10-22 16:18 (97 min heard),KDAL (US) 2025-10-23 05:16Z | KLAS (US) 2025-10-23 07:51Z | KLAS (US) 2025-11-03 04:38Z,,state_table_APPROXIMATE
N872RA,N338LS,KVNY,Van Nuys Airport,medium_airport,Van Nuys,US-CA,2025-11-13 17:09,2025-11-13 19:41,2025-11-13 18:24,2025-11-13 18:26,HEARD_TOGETHER,3,0,KMRY 2025-11-13 15:54 (17 min heard),KVNY (US) 2025-11-14 22:02Z | KDAB (US) 2025-11-15 02:19Z | KVNY (US) 2025-11-17 03:52Z,,state_table_APPROXIMATE
N872RA,N889LS,KLAS,Harry Reid International Airport,large_airport,Las Vegas,US-NV,2025-11-15 18:01,2025-11-15 18:06,2025-11-15 18:19,2025-11-15 18:22,SAME_FIELD_WITHIN_3H,0,14,KOXR 2025-11-15 16:52 (10 min heard),PANC (US) 2025-11-16 07:06Z | RJBB (JP) 2025-11-16 16:29Z | WSSL (SG) 2025-11-17 00:07Z,RJBB JP,state_table_APPROXIMATE
N79SC,N337LS,KTEB,Teterboro Airport,medium_airport,Teterboro,US-NJ,2025-12-08 16:02,2025-12-08 18:18,2025-12-08 19:10,2025-12-08 19:35,SAME_FIELD_WITHIN_3H,0,52,KBNA 2025-12-07 18:43 (41 min heard),KLAS (US) 2025-12-09 20:22Z | KLAS (US) 2025-12-26 18:21Z | KSLC (US) 2025-12-26 20:01Z,,state_table_APPROXIMATE
N40JD,N336LS,KLAS,Harry Reid International Airport,large_airport,Las Vegas,US-NV,2026-01-18 11:08,2026-01-18 12:04,2026-01-18 11:22,2026-01-18 12:40,HEARD_TOGETHER,42,0,KSDL 2026-01-18 11:17 (1 min heard),KLAS (US) 2026-01-24 16:41Z | KLAS (US) 2026-01-25 20:13Z | KLAS (US) 2026-01-26 15:55Z,,state_table_APPROXIMATE
N40JD,N339LS,KLAS,Harry Reid International Airport,large_airport,Las Vegas,US-NV,2026-01-18 11:08,2026-01-18 12:04,2026-01-18 13:45,2026-01-18 13:51,SAME_FIELD_WITHIN_3H,0,101,KSDL 2026-01-18 11:17 (1 min heard),KDAL (US) 2026-01-19 00:00Z | KTEB (US) 2026-01-19 16:48Z | KDAL (US) 2026-01-19 23:20Z,,state_table_APPROXIMATE
N560TW,N336LS,KLAS,Harry Reid International Airport,large_airport,Las Vegas,US-NV,2026-01-28 10:03,2026-01-28 10:05,2026-01-28 07:20,2026-01-28 07:26,SAME_FIELD_WITHIN_3H,0,157,KSDL 2026-01-28 10:07 (6 min heard),KFLL (US) 2026-01-28 19:10Z | KLAS (US) 2026-01-29 01:10Z | KLAS (US) 2026-01-29 14:56Z,,state_table_APPROXIMATE
N560TW,N885LS,KLAS,Harry Reid International Airport,large_airport,Las Vegas,US-NV,2026-02-12 14:29,2026-02-12 15:42,2026-02-12 12:17,2026-02-12 12:30,SAME_FIELD_WITHIN_3H,0,120,KSDL 2026-02-12 11:45 (1 min heard),KLAS (US) 2026-02-15 22:27Z | KLAS (US) 2026-02-17 17:50Z | KLAS (US) 2026-02-18 13:18Z,,state_table_APPROXIMATE
N560TW,N337LS,KLAS,Harry Reid International Airport,large_airport,Las Vegas,US-NV,2026-02-17 13:18,2026-02-17 13:19,2026-02-17 11:20,2026-02-17 11:21,SAME_FIELD_WITHIN_3H,0,118,KSDL 2026-02-17 10:51 (75 min heard),KLAS (US) 2026-02-20 20:11Z | KVCV (US) 2026-02-20 21:39Z | KLAS (US) 2026-02-20 23:30Z,,state_table_APPROXIMATE
N560TW,N885LS,KLAS,Harry Reid International Airport,large_airport,Las Vegas,US-NV,2026-02-17 13:18,2026-02-17 13:19,2026-02-17 09:50,2026-02-17 12:51,SAME_FIELD_WITHIN_3H,0,28,KSDL 2026-02-17 10:51 (75 min heard),KLAS (US) 2026-02-18 13:18Z | KEWR (US) 2026-02-18 19:00Z | KLAS (US) 2026-02-20 03:22Z,,state_table_APPROXIMATE
N560TW,N889LS,KLAS,Harry Reid International Airport,large_airport,Las Vegas,US-NV,2026-02-17 13:18,2026-02-17 13:19,2026-02-17 09:07,2026-02-17 13:49,HEARD_TOGETHER,0,0,KSDL 2026-02-17 10:51 (75 min heard),KLAS (US) 2026-02-18 16:05Z | KDAL (US) 2026-02-18 21:26Z | KDAL (US) 2026-02-19 04:48Z,,state_table_APPROXIMATE
N872RA,N336LS,KLAX,Los Angeles International Airport,large_airport,Los Angeles,US-CA,2026-03-01 15:27,2026-03-01 16:38,2026-03-01 17:55,2026-03-01 17:59,SAME_FIELD_WITHIN_3H,0,76,KGUC 2026-03-01 13:13 (83 min heard),KLAX (US) 2026-03-02 05:02Z | KLAS (US) 2026-03-02 05:57Z | KLAS (US) 2026-03-06 17:22Z,,state_table_APPROXIMATE
N872RA,N339LS,KLAS,Harry Reid International Airport,large_airport,Las Vegas,US-NV,2026-03-07 09:47,2026-03-07 10:43,2026-03-07 13:40,2026-03-07 13:41,SAME_FIELD_WITHIN_3H,0,177,KSNA 2026-03-07 08:32 (23 min heard),KLAS (US) 2026-03-16 17:38Z | KLAS (US) 2026-03-16 20:58Z | KLAS (US) 2026-03-18 17:46Z,,state_table_APPROXIMATE
N102DZ,N108MS,KLAS,Harry Reid International Airport,large_airport,Las Vegas,US-NV,2026-04-21 15:55,2026-04-21 16:06,2026-04-21 14:44,2026-04-21 14:50,SAME_FIELD_WITHIN_3H,0,66,KMDW 2026-04-20 13:34 (135 min heard),KLAS (US) 2026-04-24 16:20Z | KLAS (US) 2026-04-27 05:55Z | KLAS (US) 2026-04-29 16:12Z,,state_table_APPROXIMATE
N102DZ,N337LS,KLAS,Harry Reid International Airport,large_airport,Las Vegas,US-NV,2026-04-21 15:55,2026-04-21 16:06,2026-04-21 12:56,2026-04-21 13:01,SAME_FIELD_WITHIN_3H,0,174,KMDW 2026-04-20 13:34 (135 min heard),KVNY (US) 2026-04-21 20:50Z | KSJC (US) 2026-04-21 21:56Z | KLAS (US) 2026-04-21 23:28Z,,state_table_APPROXIMATE
N102DZ,N337LS,KLAS,Harry Reid International Airport,large_airport,Las Vegas,US-NV,2026-04-21 15:55,2026-04-21 16:06,2026-04-21 16:28,2026-04-21 16:29,SAME_FIELD_WITHIN_3H,0,22,KMDW 2026-04-20 13:34 (135 min heard),KLAS (US) 2026-05-06 01:18Z | LGAV (GR) 2026-05-06 13:53Z | LGAV (GR) 2026-05-07 18:06Z,LGAV GR,state_table_APPROXIMATE
N102DZ,N339LS,KLAS,Harry Reid International Airport,large_airport,Las Vegas,US-NV,2026-04-21 15:55,2026-04-21 16:06,2026-04-21 12:59,2026-04-21 13:06,SAME_FIELD_WITHIN_3H,0,169,KMDW 2026-04-20 13:34 (135 min heard),KIAD (US) 2026-04-22 00:06Z | KLAS (US) 2026-04-22 20:41Z | KLAS (US) 2026-05-01 16:04Z,,state_table_APPROXIMATE
N872RA,N885LS,KLAS,Harry Reid International Airport,large_airport,Las Vegas,US-NV,2026-04-23 09:50,2026-04-23 10:28,2026-04-23 12:06,2026-04-23 12:10,SAME_FIELD_WITHIN_3H,0,98,KVNY 2026-04-22 14:39 (94 min heard),KVCV (US) 2026-04-23 20:09Z | KLAS (US) 2026-04-23 21:12Z | KLAS (US) 2026-05-04 14:08Z,,state_table_APPROXIMATE
N102DZ,N889LS,KVNY,Van Nuys Airport,medium_airport,Van Nuys,US-CA,2026-04-29 17:41,2026-04-29 17:45,2026-04-29 17:53,2026-04-29 18:45,SAME_FIELD_WITHIN_3H,0,8,KPBI 2026-04-26 12:24 (97 min heard),KLAS (US) 2026-05-05 05:11Z | KDAL (US) 2026-05-05 07:13Z | KLAS (US) 2026-05-06 02:58Z,,state_table_APPROXIMATE
N560TW,N108MS,KVNY,Van Nuys Airport,medium_airport,Van Nuys,US-CA,2026-05-03 10:20,2026-05-03 10:47,2026-05-03 10:54,2026-05-03 11:02,SAME_FIELD_WITHIN_3H,0,8,KSDL 2026-05-03 08:59 (9 min heard),KMRY (US) 2026-05-03 18:50Z | KLAX (US) 2026-05-04 00:48Z | KVNY (US) 2026-05-04 02:02Z,,state_table_APPROXIMATE
N560TW,N804MS,KLAS,Harry Reid International Airport,large_airport,Las Vegas,US-NV,2026-05-05 12:55,2026-05-05 13:22,2026-05-05 09:47,2026-05-05 11:14,SAME_FIELD_WITHIN_3H,0,101,KSDL 2026-05-05 10:04 (5 min heard),KLAS (US) 2026-05-09 16:17Z | KBOS (US) 2026-05-14 17:41Z | KEWR (US) 2026-05-14 19:59Z,,state_table_APPROXIMATE
N872RA,N339LS,KVNY,Van Nuys Airport,medium_airport,Van Nuys,US-CA,2026-05-28 09:26,2026-05-28 10:42,2026-05-28 10:03,2026-05-28 10:11,HEARD_TOGETHER,8,0,KSNA 2026-05-27 21:41 (2 min heard),KAPC (US) 2026-06-01 00:15Z | KVNY (US) 2026-06-01 01:09Z | KLAS (US) 2026-06-01 01:56Z,,state_table_APPROXIMATE
N102DZ,N338LS,KIAD,Washington Dulles International Airport,large_airport,Dulles,US-VA,2026-06-13 16:05,2026-06-13 16:59,2026-06-13 16:31,2026-06-13 16:37,HEARD_TOGETHER,6,0,KBCT 2026-06-12 13:28 (6 min heard),KIAD (US) 2026-06-14 20:06Z | KLAS (US) 2026-06-15 00:50Z | KLAS (US) 2026-06-22 14:03Z,,state_table_APPROXIMATE
N102DZ,N336LS,KLAS,Harry Reid International Airport,large_airport,Las Vegas,US-NV,2026-06-18 11:39,2026-06-18 11:44,2026-06-18 11:55,2026-06-18 12:02,SAME_FIELD_WITHIN_3H,0,10,KSDL 2026-06-18 07:27 (7 min heard),KDTW (US) 2026-06-18 22:13Z | KLAS (US) 2026-06-19 15:19Z | KLAS (US) 2026-06-19 23:05Z,,state_table_APPROXIMATE
N102DZ,N336LS,KLAS,Harry Reid International Airport,large_airport,Las Vegas,US-NV,2026-06-20 12:36,2026-06-20 12:41,2026-06-20 10:52,2026-06-20 10:54,SAME_FIELD_WITHIN_3H,0,102,KLAS 2026-06-18 11:39 (6 min heard),KLAS (US) 2026-06-24 01:25Z | KLAX (US) 2026-06-24 02:36Z | KLAS (US) 2026-06-24 05:57Z,,state_table_APPROXIMATE
N872RA,N336LS,KLAS,Harry Reid International Airport,large_airport,Las Vegas,US-NV,2026-06-23 21:21,2026-06-23 22:53,2026-06-23 18:25,2026-06-23 18:44,SAME_FIELD_WITHIN_3H,0,157,KAPA 2026-06-21 12:43 (146 min heard),KLAX (US) 2026-06-24 02:36Z | KLAS (US) 2026-06-24 05:57Z | KLAS (US) 2026-07-10 17:34Z,,state_table_APPROXIMATE
N872RA,N336LS,KLAS,Harry Reid International Airport,large_airport,Las Vegas,US-NV,2026-06-23 21:21,2026-06-23 22:53,2026-06-23 22:57,2026-06-23 23:02,SAME_FIELD_WITHIN_3H,0,4,KAPA 2026-06-21 12:43 (146 min heard),KLAS (US) 2026-07-10 17:34Z | KLAS (US) 2026-07-10 22:29Z | KLAS (US) 2026-07-12 21:32Z,,state_table_APPROXIMATE
N102DZ,N336LS,KLAS,Harry Reid International Airport,large_airport,Las Vegas,US-NV,2026-07-10 06:54,2026-07-10 09:06,2026-07-10 10:34,2026-07-10 11:34,SAME_FIELD_WITHIN_3H,0,88,KSDL 2026-07-09 16:01 (14 min heard),KLAS (US) 2026-07-10 22:29Z | KLAS (US) 2026-07-12 21:32Z | KBED (US) 2026-07-13 02:30Z,,state_table_APPROXIMATE
N872RA,N108MS,KVNY,Van Nuys Airport,medium_airport,Van Nuys,US-CA,2026-07-31 16:26,2026-07-31 17:28,2026-07-31 14:31,2026-07-31 14:37,SAME_FIELD_WITHIN_3H,0,110,KRNO 2026-07-31 10:07 (54 min heard),KLAS (US) 2026-07-31 22:32Z | KLAS (US) 2026-09-01 18:12Z | KLAX (US) 2026-09-02 12:54Z,,state_table_APPROXIMATE
N102DZ,N339LS,KLAS,Harry Reid International Airport,large_airport,Las Vegas,US-NV,2026-08-23 18:39,2026-08-23 20:40,2026-08-23 19:13,2026-08-23 20:41,HEARD_TOGETHER,87,0,KSDL 2026-08-21 21:15 (14 min heard),KLAS (US) 2026-08-30 15:49Z | KLAX (US) 2026-08-30 21:34Z | KLAS (US) 2026-08-30 22:33Z,,state_table_APPROXIMATE
N102DZ,N889LS,KLAS,Harry Reid International Airport,large_airport,Las Vegas,US-NV,2026-08-23 18:39,2026-08-23 20:40,2026-08-23 18:52,2026-08-23 19:03,HEARD_TOGETHER,11,0,KSDL 2026-08-21 21:15 (14 min heard),PANC (US) 2026-08-24 06:45Z | VMMC (MO) 2026-08-26 13:35Z | RJBB (JP) 2026-08-28 13:31Z,VMMC MO,state_table_APPROXIMATE
