fleet,kind,first_seen_at_radius,first_seen_at_window,driver,slug,tail,event_date,event_city,event_state,attendee_class,charlie_present,erika_present,event_arrival_airport,plane_day,day_offset_from_event,plane_airport,plane_airport_name,dist_event_to_plane_airport_mi,altitude_ft,ground_points,first_seen_utc,last_seen_utc,source,n_hits_in_window
FOREIGN,GROUND,40,5,WINDOW_ONLY,20240423_salt_lake_city,SU-BND,2024-04-23,Salt Lake City,UT,CHARLIE_ONLY,yes,not_documented,KSLC,2024-04-19,-4,KSLC,Salt Lake City International Airport,5.6,,2,2024-04-19T20:03:15.300000Z,2024-04-19T20:07:56.960000Z,adsb-lol,4
FOREIGN,NEARFIELD_LOWPASS,40,5,WINDOW_ONLY,20240423_salt_lake_city,SU-BND,2024-04-23,Salt Lake City,UT,CHARLIE_ONLY,yes,not_documented,KSLC,2024-04-19,-4,KSLC,Salt Lake City International Airport,5.9,6000,,2024-04-19T19:59:36.920000Z,,adsb-lol,10
FOREIGN,NEARFIELD_LOWPASS,75,7,RADIUS_AND_WINDOW,20230321_new_brunswick,SU-BTU,2023-03-21,New Brunswick,NJ,TPUSA_NO_KIRK,no,no,KEWR,2023-03-14,-7,7N7,Spitfire Aerodrome,72.3,5725,,2023-03-14T12:04:23.120000Z,,adsb-lol,4
FOREIGN,NEARFIELD_LOWPASS,100,5,RADIUS_AND_WINDOW,20230402_jefferson_city,SU-BGM,2023-04-02,Jefferson City,MO,TPUSA_NO_KIRK,no,no,KJEF,2023-03-28,-5,KSUS,Spirit of St Louis Airport,81.3,2000,,2023-03-28T18:09:13.500000Z,,adsb-lol,20
FOREIGN,NEARFIELD_LOWPASS,100,2,RADIUS_ONLY,20230402_jefferson_city,SU-BTT,2023-04-02,Jefferson City,MO,TPUSA_NO_KIRK,no,no,KJEF,2023-04-01,-1,KSUS,Spirit of St Louis Airport,81.3,2325,,2023-04-01T15:58:13.540000Z,,adsb-lol,9
FOREIGN,NEARFIELD_LOWPASS,150,2,RADIUS_ONLY,20240403_lawrence,SU-BTT,2024-04-03,Lawrence,KS,CHARLIE_ONLY,yes,not_documented,KLWC,2024-04-03,0,3KS7,Berwick Airport,137.3,5125,,2024-04-03T13:44:22.140000Z,,airplanes-live,9
KIRK,GROUND,40,3,WINDOW_ONLY,20220104_phoenix,N560TW,2022-01-04,Phoenix,AZ,CHARLIE_ONLY,yes,not_documented,KPHX,2022-01-01,-3,KSDL,Scottsdale Airport,10.9,,15,2022-01-01T04:43:17.400000Z,2022-01-01T04:44:41.600000Z,adsbexchange-samples,2
KIRK,GROUND,40,5,WINDOW_ONLY,20231010_orlando,N582MM,2023-10-10,Orlando,FL,CHARLIE_ONLY,yes,not_documented,KMCO,2023-10-14,4,KORL,Orlando Executive Airport,10.7,,37,2023-10-14T07:03:27.060000Z,2023-10-14T07:07:09.170000Z,airplanes-live,1
KIRK,GROUND,40,5,WINDOW_ONLY,20240314_fullerton,N102DZ,2024-03-14,Fullerton,CA,CHARLIE_ONLY,yes,not_documented,KFUL,2024-03-09,-5,KVNY,Van Nuys Airport,39.0,,149,2024-03-09T04:33:46.700000Z,2024-03-09T05:09:12.720000Z,airplanes-live,1
KIRK,GROUND,40,5,WINDOW_ONLY,20240314_fullerton,N560TW,2024-03-14,Fullerton,CA,CHARLIE_ONLY,yes,not_documented,KFUL,2024-03-18,4,KLAX,Los Angeles International Airport,27.1,,2,2024-03-18T15:58:52.720000Z,2024-03-18T15:58:54.010000Z,airplanes-live,1
KIRK,GROUND,40,5,WINDOW_ONLY,20240319_phoenix,N872RA,2024-03-19,Phoenix,AZ,CHARLIE_ONLY,yes,not_documented,KPHX,2024-03-15,-4,KSDL,Scottsdale Airport,10.6,,11,2024-03-15T14:55:02.920000Z,2024-03-15T14:56:30.640000Z,adsb-lol,4
KIRK,GROUND,40,7,WINDOW_ONLY,20240508_las_vegas,N2100L,2024-05-08,Las Vegas,NV,CHARLIE_ONLY,yes,not_documented,KLAS,2024-05-01,-7,KLAS,Harry Reid International Airport,12.3,,107,2024-05-01T16:48:36.690000Z,2024-05-01T17:03:40.270000Z,adsbexchange-samples,1
KIRK,GROUND,40,3,WINDOW_ONLY,20240508_las_vegas,N560TW,2024-05-08,Las Vegas,NV,CHARLIE_ONLY,yes,not_documented,KLAS,2024-05-05,-3,KLAS,Harry Reid International Airport,12.0,,29,2024-05-05T17:16:23.390000Z,2024-05-05T18:44:11.650000Z,airplanes-live,1
KIRK,GROUND,40,7,WINDOW_ONLY,20240910_boulder,N560TW,2024-09-10,Boulder,CO,CHARLIE_ONLY,yes,not_documented,KBJC,2024-09-03,-7,KAPA,Centennial Airport,38.0,,7,2024-09-03T21:22:06.900000Z,2024-09-03T21:24:04.040000Z,adsb-lol,2
KIRK,GROUND,40,7,WINDOW_ONLY,20240911_denton,N872RA,2024-09-11,Denton,TX,CHARLIE_ONLY,yes,not_documented,KDTO,2024-09-17,6,KDAL,Dallas Love Field,30.7,,1,2024-09-17T17:51:47.970000Z,2024-09-17T17:51:47.970000Z,adsb-lol,2
KIRK,GROUND,40,7,WINDOW_ONLY,20241011_corvallis,N560TW,2024-10-11,Corvallis,OR,CHARLIE_ONLY,yes,not_documented,KCVO,2024-10-18,7,KEUG,Eugene Airport,31.2,,170,2024-10-18T22:26:22.310000Z,2024-10-18T23:45:26.850000Z,adsb-lol,2
KIRK,GROUND,40,3,WINDOW_ONLY,20241016_tucson,N888KG,2024-10-16,Tucson,AZ,CHARLIE_ONLY,yes,not_documented,KTUS,2024-10-19,3,KTUS,Tucson International Airport,4.7,,30,2024-10-19T21:59:36.500000Z,2024-10-19T22:06:24.120000Z,adsb-lol,2
KIRK,GROUND,40,7,WINDOW_ONLY,20241024_las_vegas,N102DZ,2024-10-24,Las Vegas,NV,CHARLIE_ONLY,yes,not_documented,KLAS,2024-10-18,-6,KLAS,Harry Reid International Airport,11.8,,22,2024-10-18T19:38:47.550000Z,2024-10-18T19:46:52.880000Z,adsb-lol,4
KIRK,GROUND,40,3,WINDOW_ONLY,20241028_phoenix,N40JD,2024-10-28,Phoenix,AZ,CHARLIE_ONLY,yes,not_documented,KPHX,2024-10-25,-3,KSDL,Scottsdale Airport,10.8,,25,2024-10-25T19:24:09.950000Z,2024-10-25T19:38:06.800000Z,adsb-lol,2
KIRK,GROUND,40,3,WINDOW_ONLY,20241028_phoenix,N872RA,2024-10-28,Phoenix,AZ,CHARLIE_ONLY,yes,not_documented,KPHX,2024-10-31,3,KSDL,Scottsdale Airport,11.1,,262,2024-10-31T22:48:04.980000Z,2024-10-31T23:23:05.160000Z,airplanes-live,4
KIRK,GROUND,40,5,WINDOW_ONLY,20250303_los_angeles,N102DZ,2025-03-03,Los Angeles,CA,CHARLIE_ONLY,yes,not_documented,KLAX,2025-02-27,-4,KVNY,Van Nuys Airport,14.4,,103,2025-02-27T21:07:08.300000Z,2025-02-27T21:20:43.140000Z,airplanes-live,3
KIRK,GROUND,40,5,WINDOW_ONLY,20250806_rancho_palos_verdes,N40JD,2025-08-06,Rancho Palos Verdes,CA,CHARLIE_ONLY,yes,not_documented,KTOA,2025-08-01,-5,KSNA,John Wayne Orange County International Airport,29.0,,61,2025-08-01T01:06:06.980000Z,2025-08-01T01:08:26.200000Z,adsbexchange-samples,2
KIRK,GROUND,40,5,WINDOW_ONLY,20250806_rancho_palos_verdes,N872RA,2025-08-06,Rancho Palos Verdes,CA,CHARLIE_ONLY,yes,not_documented,KTOA,2025-08-01,-5,KSNA,John Wayne Orange County International Airport,29.0,,127,2025-08-01T14:43:06.320000Z,2025-08-01T15:43:31.340000Z,adsbexchange-samples,1
KIRK,GROUND,75,2,RADIUS_ONLY,20230314_davis,N872RA,2023-03-14,Davis,CA,CHARLIE_ONLY,yes,not_documented,KSMF,2023-03-15,1,KOAK,Oakland San Francisco Bay Airport,63.0,,290,2023-03-15T03:38:07.310000Z,2023-03-15T04:46:24.580000Z,airplanes-live,4
KIRK,GROUND,75,2,RADIUS_ONLY,20230327_fort_worth,N582MM,2023-03-27,Fort Worth,TX,CHARLIE_ONLY,yes,not_documented,KFTW,2023-03-26,-1,KTKI,McKinney National Airport,51.6,,2,2023-03-26T13:12:51.990000Z,2023-03-26T13:12:54.390000Z,adsb-lol,4
KIRK,GROUND,75,7,RADIUS_AND_WINDOW,20240307_san_luis_obispo,N872RA,2024-03-07,San Luis Obispo,CA,CHARLIE_ONLY,yes,not_documented,KSBP,2024-03-14,7,KSBA,Santa Barbara Municipal Airport,74.4,,25,2024-03-14T23:04:08.180000Z,2024-03-14T23:05:37.760000Z,airplanes-live,1
KIRK,GROUND,75,2,RADIUS_ONLY,20240318_san_diego,N872RA,2024-03-18,San Diego,CA,CHARLIE_ONLY,yes,not_documented,KSAN,2024-03-18,0,KSNA,John Wayne Orange County International Airport,72.8,,2,2024-03-18T20:39:10.400000Z,2024-03-18T20:39:13.720000Z,airplanes-live,2
KIRK,GROUND,75,7,RADIUS_AND_WINDOW,20250424_laramie,N872RA,2025-04-24,Laramie,WY,CHARLIE_ONLY,yes,not_documented,KLAR,2025-04-30,6,KFNL,Northern Colorado Regional Airport,66.4,,85,2025-04-30T00:20:26.950000Z,2025-04-30T01:00:51.240000Z,adsb-lol,2
KIRK,GROUND,75,5,RADIUS_AND_WINDOW,20250911_woodland_park,N40JD,2025-09-11,Woodland Park,CO,TPUSA_NO_KIRK,no_scheduled_not_held,unknown,KCOS,2025-09-06,-5,KAPA,Centennial Airport,41.2,,23,2025-09-06T15:59:17.730000Z,2025-09-06T16:01:46.220000Z,adsb-lol,4
KIRK,GROUND,75,2,RADIUS_ONLY,20250911_woodland_park,N582MM,2025-09-11,Woodland Park,CO,TPUSA_NO_KIRK,no_scheduled_not_held,unknown,KCOS,2025-09-09,-2,KBJC,Rocky Mountain Metropolitan Airport,62.7,,147,2025-09-09T20:11:42.530000Z,2025-09-09T20:13:58.250000Z,adsb-lol,6
KIRK,GROUND,75,2,RADIUS_ONLY,20250918_fort_collins,N582MM,2025-09-18,Fort Collins,CO,TPUSA_NO_KIRK,no_scheduled_not_held,unknown,KFNL,2025-09-19,1,KBJC,Rocky Mountain Metropolitan Airport,44.3,,223,2025-09-19T15:38:03.210000Z,2025-09-19T16:11:28.650000Z,adsb-lol,4
KIRK,GROUND,100,2,RADIUS_ONLY,20231018_san_antonio,N560TW,2023-10-18,San Antonio,TX,CHARLIE_ONLY,yes,not_documented,KSAT,2023-10-16,-2,KGTU,Georgetown Executive Airport at Johnny Gantt Field,98.0,,6,2023-10-16T15:45:15.720000Z,2023-10-16T16:03:59.300000Z,adsb-lol,4
KIRK,GROUND,100,2,RADIUS_ONLY,20231019_springfield,N888KG,2023-10-19,Springfield,MO,CHARLIE_ONLY,yes,not_documented,KSGF,2023-10-18,-1,KXNA,Northwest Arkansas National Airport,84.0,,26,2023-10-18T15:18:44.830000Z,2023-10-18T15:22:56.100000Z,airplanes-live,1
KIRK,GROUND,100,2,RADIUS_ONLY,20240318_san_diego,N102DZ,2024-03-18,San Diego,CA,CHARLIE_ONLY,yes,not_documented,KSAN,2024-03-18,0,KTRM,Jacqueline Cochran Regional Airport,79.2,,5,2024-03-18T20:06:41.960000Z,2024-03-18T20:06:55.370000Z,airplanes-live,1
KIRK,GROUND,100,2,RADIUS_ONLY,20240930_missoula,N872RA,2024-09-30,Missoula,MT,CHARLIE_ONLY,yes,not_documented,KMSO,2024-10-01,1,KGPI,Glacier Park International Airport,99.8,,22,2024-10-01T19:24:20.890000Z,2024-10-01T20:04:40.730000Z,adsbexchange-samples,1
KIRK,GROUND,100,2,RADIUS_ONLY,20250806_rancho_palos_verdes,N560TW,2025-08-06,Rancho Palos Verdes,CA,CHARLIE_ONLY,yes,not_documented,KTOA,2025-08-10,4,KCRQ,McClellan-Palomar Airport,75.7,,1,2025-08-10T20:47:37.140000Z,2025-08-10T20:47:37.140000Z,adsb-lol,2
KIRK,GROUND,150,2,RADIUS_ONLY,20230301_santa_barbara,N872RA,2023-03-01,Santa Barbara,CA,CHARLIE_ONLY,yes,not_documented,KSBA,2023-03-03,2,KSNA,John Wayne Orange County International Airport,116.9,,45,2023-03-03T14:02:05.480000Z,2023-03-03T14:07:38.240000Z,airplanes-live,1
KIRK,GROUND,150,2,RADIUS_ONLY,20230919_flagstaff,N560TW,2023-09-19,Flagstaff,AZ,CHARLIE_ONLY,yes,not_documented,KFLG,2023-09-18,-1,KSDL,Scottsdale Airport,108.6,,6,2023-09-18T16:59:02.290000Z,2023-09-18T17:02:18.510000Z,airplanes-live,7
KIRK,GROUND,150,2,RADIUS_ONLY,20240129_las_vegas,N1098L,2024-01-29,Las Vegas,NV,CHARLIE_ONLY,yes,not_documented,KLAS,2024-02-01,3,KHII,Lake Havasu City Airport,125.0,,35,2024-02-01T23:10:44.020000Z,2024-02-01T23:16:36.260000Z,adsbexchange-samples,2
KIRK,GROUND,150,2,RADIUS_ONLY,20240307_san_luis_obispo,N102DZ,2024-03-07,San Luis Obispo,CA,CHARLIE_ONLY,yes,not_documented,KSBP,2024-03-09,2,KVNY,Van Nuys Airport,143.8,,149,2024-03-09T04:33:46.700000Z,2024-03-09T05:09:12.720000Z,airplanes-live,1
KIRK,GROUND,150,2,RADIUS_ONLY,20240318_san_diego,N560TW,2024-03-18,San Diego,CA,CHARLIE_ONLY,yes,not_documented,KSAN,2024-03-18,0,KLAX,Los Angeles International Airport,106.3,,2,2024-03-18T15:58:52.720000Z,2024-03-18T15:58:54.010000Z,airplanes-live,1
KIRK,GROUND,150,2,RADIUS_ONLY,20240516_san_diego,N102DZ,2024-05-16,San Diego,CA,CHARLIE_ONLY,yes,not_documented,KSAN,2024-05-16,0,KVNY,Van Nuys Airport,124.0,,81,2024-05-16T07:07:13.840000Z,2024-05-16T07:13:23.690000Z,airplanes-live,2
KIRK,GROUND,150,2,RADIUS_ONLY,20240724_west_palm_beach,N582MM,2024-07-24,West Palm Beach,FL,CHARLIE_ONLY,yes,not_documented,KPBI,2024-07-26,2,KFMY,Page Field,108.1,,21,2024-07-26T12:38:22.140000Z,2024-07-26T12:46:02.500000Z,airplanes-live,2
KIRK,GROUND,150,2,RADIUS_ONLY,20240726_west_palm_beach,N582MM,2024-07-26,West Palm Beach,FL,CHARLIE_ONLY,yes,not_documented,KPBI,2024-07-26,0,KFMY,Page Field,108.1,,21,2024-07-26T12:38:22.140000Z,2024-07-26T12:46:02.500000Z,airplanes-live,2
KIRK,GROUND,150,2,RADIUS_ONLY,20241015_flagstaff,N560TW,2024-10-15,Flagstaff,AZ,CHARLIE_ONLY,yes,not_documented,KFLG,2024-10-16,1,KSDL,Scottsdale Airport,109.1,,115,2024-10-16T14:36:12.150000Z,2024-10-16T15:25:20.460000Z,adsb-lol,4
KIRK,GROUND,150,2,RADIUS_ONLY,20241015_flagstaff,N582MM,2024-10-15,Flagstaff,AZ,CHARLIE_ONLY,yes,not_documented,KFLG,2024-10-15,0,KSDL,Scottsdale Airport,109.0,,385,2024-10-15T17:01:12.270000Z,2024-10-15T19:00:26.700000Z,adsb-lol,10
KIRK,GROUND,150,2,RADIUS_ONLY,20241015_flagstaff,N872RA,2024-10-15,Flagstaff,AZ,CHARLIE_ONLY,yes,not_documented,KFLG,2024-10-16,1,KSDL,Scottsdale Airport,108.9,,101,2024-10-16T19:35:41.140000Z,2024-10-16T20:23:19.510000Z,adsb-lol,2
KIRK,GROUND,150,2,RADIUS_ONLY,20241016_tucson,N560TW,2024-10-16,Tucson,AZ,CHARLIE_ONLY,yes,not_documented,KTUS,2024-10-17,1,KSDL,Scottsdale Airport,118.1,,47,2024-10-17T00:44:19.140000Z,2024-10-17T00:46:39.150000Z,airplanes-live,6
KIRK,GROUND,150,2,RADIUS_ONLY,20241016_tucson,N582MM,2024-10-16,Tucson,AZ,CHARLIE_ONLY,yes,not_documented,KTUS,2024-10-17,1,KPHX,Phoenix Sky Harbor International Airport,110.6,,15,2024-10-17T03:40:42.600000Z,2024-10-17T03:41:56.290000Z,airplanes-live,10
KIRK,GROUND,150,2,RADIUS_ONLY,20241016_tucson,N872RA,2024-10-16,Tucson,AZ,CHARLIE_ONLY,yes,not_documented,KTUS,2024-10-16,0,KSDL,Scottsdale Airport,118.1,,101,2024-10-16T19:35:41.140000Z,2024-10-16T20:23:19.510000Z,adsb-lol,2
KIRK,GROUND,150,7,RADIUS_AND_WINDOW,20250227_gainesville,N582MM,2025-02-27,Gainesville,FL,CHARLIE_ONLY,yes,not_documented,KGNV,2025-02-20,-7,KTPA,Tampa International Airport,117.5,,11,2025-02-20T04:51:25.120000Z,2025-02-20T04:55:11.550000Z,airplanes-live,5
KIRK,GROUND,150,2,RADIUS_ONLY,20250424_laramie,N40JD,2025-04-24,Laramie,WY,CHARLIE_ONLY,yes,not_documented,KLAR,2025-04-23,-1,KBJC,Rocky Mountain Metropolitan Airport,100.1,,225,2025-04-23T19:29:42.600000Z,2025-04-23T20:27:22.270000Z,adsb-lol,2
KIRK,GROUND,150,5,RADIUS_AND_WINDOW,20250424_laramie,N582MM,2025-04-24,Laramie,WY,CHARLIE_ONLY,yes,not_documented,KLAR,2025-04-29,5,KAPA,Centennial Airport,126.5,,4,2025-04-29T21:46:47.940000Z,2025-04-29T21:47:22.240000Z,airplanes-live,2
KIRK,GROUND,150,2,RADIUS_ONLY,20250501_san_diego,N102DZ,2025-05-01,San Diego,CA,CHARLIE_ONLY,yes,not_documented,KSAN,2025-04-30,-1,KVNY,Van Nuys Airport,124.3,,89,2025-04-30T19:57:23.240000Z,2025-04-30T20:14:14Z,airplanes-live,4
KIRK,GROUND,150,5,RADIUS_AND_WINDOW,20250501_san_diego,N560TW,2025-05-01,San Diego,CA,CHARLIE_ONLY,yes,not_documented,KSAN,2025-05-05,4,KVNY,Van Nuys Airport,123.7,,121,2025-05-05T18:18:21.830000Z,2025-05-05T18:51:19.880000Z,adsb-lol,2
KIRK,GROUND,150,5,RADIUS_AND_WINDOW,20250506_san_francisco,N2100L,2025-05-06,San Francisco,CA,CHARLIE_ONLY,yes,not_documented,KSFO,2025-05-01,-5,KSMF,Sacramento International Airport,103.1,,142,2025-05-01T17:17:42.990000Z,2025-05-01T17:40:04.550000Z,adsbexchange-samples,1
KIRK,GROUND,150,2,RADIUS_ONLY,20250506_san_francisco,N872RA,2025-05-06,San Francisco,CA,CHARLIE_ONLY,yes,not_documented,KSFO,2025-05-04,-2,KMRY,Monterey Regional Airport,101.8,,8,2025-05-04T21:20:21.230000Z,2025-05-04T21:22:10.090000Z,airplanes-live,2
KIRK,GROUND,150,7,RADIUS_AND_WINDOW,20251016_norman,N582MM,2025-10-16,Norman,OK,TPUSA_NO_KIRK,no_deceased,unknown,KOUN,2025-10-23,7,KTKI,McKinney National Airport,148.8,,35,2025-10-23T22:05:26.270000Z,2025-10-23T22:38:53.320000Z,airplanes-live,1
KIRK,NEARFIELD_LOWPASS,40,3,WINDOW_ONLY,20220104_phoenix,N560TW,2022-01-04,Phoenix,AZ,CHARLIE_ONLY,yes,not_documented,KPHX,2022-01-01,-3,US-1816,Mountain View Park Glider Landing Zone,0.6,2325,,2022-01-01T00:10:43.300000Z,,adsbexchange-samples,5
KIRK,NEARFIELD_LOWPASS,40,5,WINDOW_ONLY,20230327_fort_worth,N582MM,2023-03-27,Fort Worth,TX,CHARLIE_ONLY,yes,not_documented,KFTW,2023-03-23,-4,4TA1,Warschun Ranch Airport,38.5,5200,,2023-03-23T13:37:13.710000Z,,adsb-lol,8
KIRK,NEARFIELD_LOWPASS,40,5,WINDOW_ONLY,20231010_orlando,N582MM,2023-10-10,Orlando,FL,CHARLIE_ONLY,yes,not_documented,KMCO,2023-10-14,4,KMCO,Orlando International Airport,3.6,875,,2023-10-14T07:02:13.230000Z,,adsb-lol,20
KIRK,NEARFIELD_LOWPASS,40,5,WINDOW_ONLY,20240314_fullerton,N102DZ,2024-03-14,Fullerton,CA,CHARLIE_ONLY,yes,not_documented,KFUL,2024-03-09,-5,KBUR,Hollywood Burbank/Bob Hope Airport,33.0,1900,,2024-03-09T04:31:55.850000Z,,adsb-lol,6
KIRK,NEARFIELD_LOWPASS,40,5,WINDOW_ONLY,20240314_fullerton,N560TW,2024-03-14,Fullerton,CA,CHARLIE_ONLY,yes,not_documented,KFUL,2024-03-18,4,KFUL,Fullerton Municipal Airport,3.1,6000,,2024-03-18T15:52:34.250000Z,,adsb-lol,12
KIRK,NEARFIELD_LOWPASS,40,5,WINDOW_ONLY,20240319_phoenix,N872RA,2024-03-19,Phoenix,AZ,CHARLIE_ONLY,yes,not_documented,KPHX,2024-03-15,-4,US-1816,Mountain View Park Glider Landing Zone,0.6,2700,,2024-03-15T16:40:52.810000Z,,adsb-lol,10
KIRK,NEARFIELD_LOWPASS,40,5,WINDOW_ONLY,20240327_lubbock,N560TW,2024-03-27,Lubbock,TX,CHARLIE_ONLY,yes,not_documented,KLBB,2024-03-22,-5,KF82,Town & Country Airpark,6.8,5150,,2024-03-22T00:50:10.570000Z,,airplanes-live,6
KIRK,NEARFIELD_LOWPASS,40,7,WINDOW_ONLY,20240508_las_vegas,N2100L,2024-05-08,Las Vegas,NV,CHARLIE_ONLY,yes,not_documented,KLAS,2024-05-01,-7,KVGT,North Las Vegas Airport,4.3,2275,,2024-05-01T17:03:41.090000Z,,adsbexchange-samples,5
KIRK,NEARFIELD_LOWPASS,40,3,WINDOW_ONLY,20240508_las_vegas,N560TW,2024-05-08,Las Vegas,NV,CHARLIE_ONLY,yes,not_documented,KLAS,2024-05-05,-3,KVGT,North Las Vegas Airport,4.3,4675,,2024-05-05T17:11:05.520000Z,,adsb-lol,8
KIRK,NEARFIELD_LOWPASS,40,7,WINDOW_ONLY,20240910_boulder,N560TW,2024-09-10,Boulder,CO,CHARLIE_ONLY,yes,not_documented,KBJC,2024-09-03,-7,KAPA,Centennial Airport,38.0,6000,,2024-09-03T21:21:15.710000Z,,adsb-lol,4
KIRK,NEARFIELD_LOWPASS,40,7,WINDOW_ONLY,20240911_denton,N872RA,2024-09-11,Denton,TX,CHARLIE_ONLY,yes,not_documented,KDTO,2024-09-17,6,TE81,Smither Field,7.0,5950,,2024-09-17T17:35:25.020000Z,,adsb-lol,67
KIRK,NEARFIELD_LOWPASS,40,7,WINDOW_ONLY,20241011_corvallis,N560TW,2024-10-11,Corvallis,OR,CHARLIE_ONLY,yes,not_documented,KCVO,2024-10-18,7,OG36,Munson Airport,22.2,2375,,2024-10-18T22:23:20.510000Z,,adsb-lol,14
KIRK,NEARFIELD_LOWPASS,40,5,WINDOW_ONLY,20241016_tucson,N560TW,2024-10-16,Tucson,AZ,CHARLIE_ONLY,yes,not_documented,KTUS,2024-10-20,4,KDMA,Davis Monthan Air Force Base,1.2,4250,,2024-10-20T19:28:16.350000Z,,adsb-lol,18
KIRK,NEARFIELD_LOWPASS,40,3,WINDOW_ONLY,20241016_tucson,N888KG,2024-10-16,Tucson,AZ,CHARLIE_ONLY,yes,not_documented,KTUS,2024-10-19,3,KDMA,Davis Monthan Air Force Base,1.2,4775,,2024-10-19T21:56:48.290000Z,,adsb-lol,6
KIRK,NEARFIELD_LOWPASS,40,7,WINDOW_ONLY,20241024_las_vegas,N102DZ,2024-10-24,Las Vegas,NV,CHARLIE_ONLY,yes,not_documented,KLAS,2024-10-18,-6,KVGT,North Las Vegas Airport,4.3,2350,,2024-10-18T21:09:16.880000Z,,adsb-lol,8
KIRK,NEARFIELD_LOWPASS,40,3,WINDOW_ONLY,20241028_phoenix,N872RA,2024-10-28,Phoenix,AZ,CHARLIE_ONLY,yes,not_documented,KPHX,2024-10-31,3,KDVT,Phoenix Deer Valley Airport,8.0,5925,,2024-10-31T20:57:36.300000Z,,adsb-lol,10
KIRK,NEARFIELD_LOWPASS,40,3,WINDOW_ONLY,20250218_phoenix,N40JD,2025-02-18,Phoenix,AZ,CHARLIE_ONLY,yes,not_documented,KPHX,2025-02-22,4,US-1816,Mountain View Park Glider Landing Zone,0.6,1950,,2025-02-22T19:02:52.460000Z,,adsb-lol,8
KIRK,NEARFIELD_LOWPASS,40,5,WINDOW_ONLY,20250303_los_angeles,N102DZ,2025-03-03,Los Angeles,CA,CHARLIE_ONLY,yes,not_documented,KLAX,2025-02-27,-4,KSMO,Santa Monica Municipal Airport,2.3,4350,,2025-02-27T21:22:08.910000Z,,adsb-lol,14
KIRK,NEARFIELD_LOWPASS,40,3,WINDOW_ONLY,20250506_san_francisco,N40JD,2025-05-06,San Francisco,CA,CHARLIE_ONLY,yes,not_documented,KSFO,2025-05-03,-3,KDVO,Marin County Airport - Gnoss Field,38.7,6000,,2025-05-03T18:20:45Z,,adsb-lol,2
KIRK,NEARFIELD_LOWPASS,40,5,WINDOW_ONLY,20250806_rancho_palos_verdes,N40JD,2025-08-06,Rancho Palos Verdes,CA,CHARLIE_ONLY,yes,not_documented,KTOA,2025-08-01,-5,KSNA,John Wayne Orange County International Airport,29.1,2175,,2025-08-01T01:02:33.020000Z,,adsbexchange-samples,1
KIRK,NEARFIELD_LOWPASS,75,2,RADIUS_ONLY,20230314_davis,N872RA,2023-03-14,Davis,CA,CHARLIE_ONLY,yes,not_documented,KSMF,2023-03-15,1,KO69,Petaluma Municipal Airport,51.3,5925,,2023-03-15T17:38:11.760000Z,,adsb-lol,24
KIRK,NEARFIELD_LOWPASS,75,2,RADIUS_ONLY,20231018_san_antonio,N560TW,2023-10-18,San Antonio,TX,CHARLIE_ONLY,yes,not_documented,KSAT,2023-10-16,-2,K3R9,Lakeway Airpark,69.5,5925,,2023-10-16T21:17:59.150000Z,,adsb-lol,2
KIRK,NEARFIELD_LOWPASS,75,7,RADIUS_AND_WINDOW,20240307_san_luis_obispo,N872RA,2024-03-07,San Luis Obispo,CA,CHARLIE_ONLY,yes,not_documented,KSBP,2024-03-14,7,KSBA,Santa Barbara Municipal Airport,74.7,2400,,2024-03-14T23:00:25.800000Z,,airplanes-live,1
KIRK,NEARFIELD_LOWPASS,75,2,RADIUS_ONLY,20240318_san_diego,N872RA,2024-03-18,San Diego,CA,CHARLIE_ONLY,yes,not_documented,KSAN,2024-03-16,-2,KSNA,John Wayne Orange County International Airport,73.0,225,,2024-03-16T19:17:56.030000Z,,adsb-lol,6
KIRK,NEARFIELD_LOWPASS,75,2,RADIUS_ONLY,20250303_los_angeles,N2100L,2025-03-03,Los Angeles,CA,CHARLIE_ONLY,yes,not_documented,KLAX,2025-03-01,-2,KNTD,Point Mugu Naval Air Station (Naval Base Ventura Co),41.2,5550,,2025-03-01T19:57:01.480000Z,,adsbexchange-samples,4
KIRK,NEARFIELD_LOWPASS,75,7,RADIUS_AND_WINDOW,20250424_laramie,N872RA,2025-04-24,Laramie,WY,CHARLIE_ONLY,yes,not_documented,KLAR,2025-04-30,6,CO55,Christman Field,54.6,6000,,2025-04-30T00:18:24.570000Z,,adsb-lol,12
KIRK,NEARFIELD_LOWPASS,75,2,RADIUS_ONLY,20250806_rancho_palos_verdes,N560TW,2025-08-06,Rancho Palos Verdes,CA,CHARLIE_ONLY,yes,not_documented,KTOA,2025-08-10,4,KOKB,Oceanside Municipal Airport,68.8,1175,,2025-08-10T20:44:11.850000Z,,adsb-lol,2
KIRK,NEARFIELD_LOWPASS,75,7,RADIUS_AND_WINDOW,20250911_woodland_park,N1098L,2025-09-11,Woodland Park,CO,TPUSA_NO_KIRK,no_scheduled_not_held,unknown,KCOS,2025-09-05,-6,2CO5,Edenway Airport,50.5,5975,,2025-09-05T00:29:00.730000Z,,adsb-lol,4
KIRK,NEARFIELD_LOWPASS,75,5,RADIUS_AND_WINDOW,20250911_woodland_park,N40JD,2025-09-11,Woodland Park,CO,TPUSA_NO_KIRK,no_scheduled_not_held,unknown,KCOS,2025-09-06,-5,KAPA,Centennial Airport,41.1,6000,,2025-09-06T15:58:15.910000Z,,adsb-lol,4
KIRK,NEARFIELD_LOWPASS,75,2,RADIUS_ONLY,20250911_woodland_park,N582MM,2025-09-11,Woodland Park,CO,TPUSA_NO_KIRK,no_scheduled_not_held,unknown,KCOS,2025-09-09,-2,KBJC,Rocky Mountain Metropolitan Airport,63.0,5950,,2025-09-09T00:29:47.340000Z,,adsb-lol,26
KIRK,NEARFIELD_LOWPASS,75,7,RADIUS_AND_WINDOW,20251016_norman,N1098L,2025-10-16,Norman,OK,TPUSA_NO_KIRK,no_deceased,unknown,KOUN,2025-10-10,-6,US-0302,Elgin's Stony Field Airport,61.5,5900,,2025-10-10T16:01:52.120000Z,,airplanes-live,2
KIRK,NEARFIELD_LOWPASS,75,5,RADIUS_AND_WINDOW,20251021_bloomington,N560TW,2025-10-21,Bloomington,IN,TPUSA_NO_KIRK,no_deceased,unknown,KBMG,2025-10-17,-4,IN44,Habermel Airport,48.4,5950,,2025-10-17T18:38:20.090000Z,,airplanes-live,6
KIRK,NEARFIELD_LOWPASS,75,3,RADIUS_AND_WINDOW,20251027_baton_rouge,N582MM,2025-10-27,Baton Rouge,LA,TPUSA_NO_KIRK,no_deceased,unknown,KBTR,2025-10-30,3,KNEW,Lakefront Airport,71.5,6000,,2025-10-30T13:44:39.300000Z,,airplanes-live,1
KIRK,NEARFIELD_LOWPASS,100,2,RADIUS_ONLY,20230500_tallahassee,N40JD,2023-05-01,Tallahassee,FL,CHARLIE_ONLY,yes,not_documented,KTLH,2023-05-08,7,2FL0,Crystal Village Airport,85.4,1250,,2023-05-08T12:26:59.370000Z,,airplanes-live,4
KIRK,NEARFIELD_LOWPASS,100,2,RADIUS_ONLY,20230919_flagstaff,N560TW,2023-09-19,Flagstaff,AZ,CHARLIE_ONLY,yes,not_documented,KFLG,2023-09-18,-1,18AZ,Sky Ranch At Carefree Airport,95.7,5950,,2023-09-18T19:25:34.920000Z,,adsb-lol,6
KIRK,NEARFIELD_LOWPASS,100,2,RADIUS_ONLY,20231019_springfield,N888KG,2023-10-19,Springfield,MO,CHARLIE_ONLY,yes,not_documented,KSGF,2023-10-18,-1,KVBT,Bentonville Municipal-Louise M Thaden Field,77.9,1225,,2023-10-18T15:23:11.150000Z,,airplanes-live,19
KIRK,NEARFIELD_LOWPASS,100,2,RADIUS_ONLY,20240318_san_diego,N102DZ,2024-03-18,San Diego,CA,CHARLIE_ONLY,yes,not_documented,KSAN,2024-03-17,-1,KTRM,Jacqueline Cochran Regional Airport,79.5,6000,,2024-03-17T18:27:11.140000Z,,airplanes-live,3
KIRK,NEARFIELD_LOWPASS,100,2,RADIUS_ONLY,20240318_san_diego,N560TW,2024-03-18,San Diego,CA,CHARLIE_ONLY,yes,not_documented,KSAN,2024-03-18,0,KFUL,Fullerton Municipal Airport,87.8,6000,,2024-03-18T15:52:34.250000Z,,adsb-lol,4
KIRK,NEARFIELD_LOWPASS,100,2,RADIUS_ONLY,20240930_missoula,N872RA,2024-09-30,Missoula,MT,CHARLIE_ONLY,yes,not_documented,KMSO,2024-10-01,1,KS27,Kalispell City Airport,91.0,2950,,2024-10-01T20:05:24.550000Z,,adsbexchange-samples,6
KIRK,NEARFIELD_LOWPASS,100,2,RADIUS_ONLY,20241015_flagstaff,N560TW,2024-10-15,Flagstaff,AZ,CHARLIE_ONLY,yes,not_documented,KFLG,2024-10-17,2,18AZ,Sky Ranch At Carefree Airport,95.7,5975,,2024-10-17T00:39:58.180000Z,,adsb-lol,2
KIRK,NEARFIELD_LOWPASS,100,2,RADIUS_ONLY,20241015_flagstaff,N582MM,2024-10-15,Flagstaff,AZ,CHARLIE_ONLY,yes,not_documented,KFLG,2024-10-13,-2,18AZ,Sky Ranch At Carefree Airport,95.7,5975,,2024-10-13T06:25:52.220000Z,,adsb-lol,4
KIRK,NEARFIELD_LOWPASS,100,2,RADIUS_ONLY,20241015_flagstaff,N872RA,2024-10-15,Flagstaff,AZ,CHARLIE_ONLY,yes,not_documented,KFLG,2024-10-16,1,18AZ,Sky Ranch At Carefree Airport,95.7,6000,,2024-10-16T19:29:31.780000Z,,adsb-lol,2
KIRK,NEARFIELD_LOWPASS,100,5,RADIUS_AND_WINDOW,20241016_tucson,N872RA,2024-10-16,Tucson,AZ,CHARLIE_ONLY,yes,not_documented,KTUS,2024-10-12,-4,KP19,Stellar Airpark,99.8,3325,,2024-10-12T16:14:46.730000Z,,adsb-lol,2
KIRK,NEARFIELD_LOWPASS,100,2,RADIUS_ONLY,20250424_laramie,N40JD,2025-04-24,Laramie,WY,CHARLIE_ONLY,yes,not_documented,KLAR,2025-04-23,-1,US-6650,Leyners Hayfield Airport,90.9,5600,,2025-04-23T20:27:29.020000Z,,adsb-lol,12
KIRK,NEARFIELD_LOWPASS,100,5,RADIUS_AND_WINDOW,20250506_san_francisco,N2100L,2025-05-06,San Francisco,CA,CHARLIE_ONLY,yes,not_documented,KSFO,2025-05-01,-5,KEDU,University Airport,87.6,5975,,2025-05-01T17:09:07.630000Z,,adsbexchange-samples,6
KIRK,NEARFIELD_LOWPASS,100,2,RADIUS_ONLY,20251016_norman,N582MM,2025-10-16,Norman,OK,TPUSA_NO_KIRK,no_deceased,unknown,KOUN,2025-10-16,0,KRVS,Tulsa Riverside Airport,94.3,3150,,2025-10-16T15:45:22.500000Z,,airplanes-live,1
KIRK,NEARFIELD_LOWPASS,150,2,RADIUS_ONLY,20230301_santa_barbara,N872RA,2023-03-01,Santa Barbara,CA,CHARLIE_ONLY,yes,not_documented,KSBA,2023-03-03,2,KSNA,John Wayne Orange County International Airport,117.0,50,,2023-03-03T14:07:51.280000Z,,adsb-lol,2
KIRK,NEARFIELD_LOWPASS,150,2,RADIUS_ONLY,20230919_flagstaff,N582MM,2023-09-19,Flagstaff,AZ,CHARLIE_ONLY,yes,not_documented,KFLG,2023-09-19,0,AZ64,Rio Vista Hills Airport,104.6,4500,,2023-09-19T14:08:20.750000Z,,adsb-lol,31
KIRK,NEARFIELD_LOWPASS,150,2,RADIUS_ONLY,20240129_las_vegas,N1098L,2024-01-29,Las Vegas,NV,CHARLIE_ONLY,yes,not_documented,KLAS,2024-02-01,3,KEED,Needles Airport,107.6,5950,,2024-02-01T21:24:12.720000Z,,adsbexchange-samples,4
KIRK,NEARFIELD_LOWPASS,150,2,RADIUS_ONLY,20240307_san_luis_obispo,N102DZ,2024-03-07,San Luis Obispo,CA,CHARLIE_ONLY,yes,not_documented,KSBP,2024-03-09,2,KVNY,Van Nuys Airport,143.6,3500,,2024-03-09T04:30:13.680000Z,,adsb-lol,4
KIRK,NEARFIELD_LOWPASS,150,5,RADIUS_AND_WINDOW,20240319_pittsburgh,N888KG,2024-03-19,Pittsburgh,PA,TPUSA_NO_KIRK,no,no,KPIT,2024-03-23,4,KCGF,Cuyahoga County Airport,110.7,2400,,2024-03-23T13:43:34.400000Z,,adsb-lol,6
KIRK,NEARFIELD_LOWPASS,150,7,RADIUS_AND_WINDOW,20240508_las_vegas,N1098L,2024-05-08,Las Vegas,NV,CHARLIE_ONLY,yes,not_documented,KLAS,2024-05-01,-7,KSGU,St George Regional Airport,111.9,5475,,2024-05-01T16:21:23.070000Z,,adsbexchange-samples,5
KIRK,NEARFIELD_LOWPASS,150,2,RADIUS_ONLY,20240508_las_vegas,N888KG,2024-05-08,Las Vegas,NV,CHARLIE_ONLY,yes,not_documented,KLAS,2024-05-07,-1,KSGU,St George Regional Airport,111.9,5875,,2024-05-07T16:11:25.890000Z,,adsb-lol,3
KIRK,NEARFIELD_LOWPASS,150,2,RADIUS_ONLY,20240516_san_diego,N102DZ,2024-05-16,San Diego,CA,CHARLIE_ONLY,yes,not_documented,KSAN,2024-05-16,0,KSMO,Santa Monica Municipal Airport,112.4,3125,,2024-05-16T23:21:19.520000Z,,adsb-lol,8
KIRK,NEARFIELD_LOWPASS,150,2,RADIUS_ONLY,20240919_university_park,N102DZ,2024-09-19,University Park,PA,CHARLIE_ONLY,yes,not_documented,KUNV,2024-09-18,-1,67NJ,Mount Pleasant Landing Strip,145.5,5925,,2024-09-18T01:18:40.800000Z,,adsb-lol,6
KIRK,NEARFIELD_LOWPASS,150,2,RADIUS_ONLY,20241022_omaha,N872RA,2024-10-22,Omaha,NE,CHARLIE_ONLY,yes,not_documented,KOMA,2024-10-23,1,0C1,Triple R Airport,139.7,3925,,2024-10-23T14:59:29.700000Z,,adsb-lol,12
KIRK,NEARFIELD_LOWPASS,150,5,RADIUS_AND_WINDOW,20250424_laramie,N582MM,2025-04-24,Laramie,WY,CHARLIE_ONLY,yes,not_documented,KLAR,2025-04-29,5,KBKF,Buckley Space Force Base,119.6,6000,,2025-04-29T21:45:57.580000Z,,adsb-lol,4
KIRK,NEARFIELD_LOWPASS,150,2,RADIUS_ONLY,20250501_san_diego,N102DZ,2025-05-01,San Diego,CA,CHARLIE_ONLY,yes,not_documented,KSAN,2025-04-30,-1,KBUR,Hollywood Burbank/Bob Hope Airport,119.0,2475,,2025-04-30T18:23:32.320000Z,,adsb-lol,6
KIRK,NEARFIELD_LOWPASS,150,5,RADIUS_AND_WINDOW,20250501_san_diego,N560TW,2025-05-01,San Diego,CA,CHARLIE_ONLY,yes,not_documented,KSAN,2025-05-05,4,KBUR,Hollywood Burbank/Bob Hope Airport,119.0,2200,,2025-05-05T18:16:30.430000Z,,adsb-lol,6
KIRK,NEARFIELD_LOWPASS,150,2,RADIUS_ONLY,20250506_san_francisco,N872RA,2025-05-06,San Francisco,CA,CHARLIE_ONLY,yes,not_documented,KSFO,2025-05-04,-2,KOAR,Marina Municipal Airport,100.5,3475,,2025-05-04T19:54:03.720000Z,,airplanes-live,4
KIRK,NEARFIELD_LOWPASS,150,3,RADIUS_AND_WINDOW,20251016_norman,N560TW,2025-10-16,Norman,OK,TPUSA_NO_KIRK,no_deceased,unknown,KOUN,2025-10-19,3,US-1103,Viskup Family Field,117.6,1825,,2025-10-19T17:58:54.740000Z,,airplanes-live,4
