slug,date,group,attendee_class,city,state,airport,su_in_radius,su_just_outside,su_just_outside_tails,cov_following_pct,ac_days_needed,ac_days_held,control_verdict
20220104_phoenix,2022-01-04,CHARLIE_ONLY,CHARLIE_ONLY,Phoenix,AZ,KPHX,no,0,,0.0,75,0,ARCHIVE RETENTION BOUNDARY
20220216_st_charles,2022-02-16,CHARLIE_ONLY,CHARLIE_ONLY,St. Charles,IL,KDPA,no,0,,0.0,75,0,ARCHIVE RETENTION BOUNDARY
20220329_colorado_springs,2022-03-29,CHARLIE_ONLY,CHARLIE_ONLY,Colorado Springs,CO,KCOS,no,0,,0.0,75,0,ARCHIVE RETENTION BOUNDARY
20220330_fayetteville,2022-03-30,CHARLIE_ONLY,CHARLIE_ONLY,Fayetteville,AR,KXNA,no,0,,0.0,75,4,ARCHIVE RETENTION BOUNDARY
20220331_auburn,2022-03-31,CHARLIE_ONLY,CHARLIE_ONLY,Auburn,AL,KAUO,no,0,,0.0,75,4,ARCHIVE RETENTION BOUNDARY
20220403_st_louis,2022-04-03,CHARLIE_ONLY,CHARLIE_ONLY,St. Louis,MO,KSTL,no,0,,0.0,75,4,ARCHIVE RETENTION BOUNDARY
20220412_boulder,2022-04-12,CHARLIE_ONLY,CHARLIE_ONLY,Boulder,CO,KBJC,no,0,,0.0,75,0,ARCHIVE RETENTION BOUNDARY
20220413_berkeley,2022-04-13,CHARLIE_ONLY,CHARLIE_ONLY,Berkeley,CA,KOAK,no,0,,0.0,75,0,ARCHIVE RETENTION BOUNDARY
20220414_fullerton,2022-04-14,CHARLIE_ONLY,CHARLIE_ONLY,Fullerton,CA,KFUL,no,0,,0.0,75,0,ARCHIVE RETENTION BOUNDARY
20220420_milwaukee,2022-04-20,CHARLIE_ONLY,CHARLIE_ONLY,Milwaukee,WI,KMKE,no,0,,0.0,75,0,ARCHIVE RETENTION BOUNDARY
20220519_tpusa_debate_night,2022-05-19,CHARLIE_ONLY,CHARLIE_ONLY,UNKNOWN,,,no,0,,0,0,0,
20220521_tpusa_debate_night,2022-05-21,CHARLIE_ONLY,CHARLIE_ONLY,UNKNOWN,,,no,0,,0,0,0,
20220602_grapevine,2022-06-02,CHARLIE_ONLY,CHARLIE_ONLY,Grapevine,TX,KDFW,no,0,,2.4,105,5,ARCHIVE RETENTION BOUNDARY
20220705_tpusa_debate_night,2022-07-05,CHARLIE_ONLY,CHARLIE_ONLY,UNKNOWN,,,no,0,,0,0,0,
20220722_tampa,2022-07-22,CHARLIE_ONLY,CHARLIE_ONLY,Tampa,FL,KTPA,no,0,,0.0,105,0,ARCHIVE RETENTION BOUNDARY
20220810_san_diego,2022-08-10,CHARLIE_ONLY,CHARLIE_ONLY,San Diego,CA,KSAN,no,0,,0.0,105,0,ARCHIVE RETENTION BOUNDARY
20220814_phoenix,2022-08-14,CHARLIE_ONLY,CHARLIE_ONLY,Phoenix,AZ,KPHX,no,0,,0.0,75,0,ARCHIVE RETENTION BOUNDARY
20220916_phoenix,2022-09-16,CHARLIE_ONLY,CHARLIE_ONLY,Phoenix,AZ,KPHX,no,0,,0.0,90,0,ARCHIVE RETENTION BOUNDARY
20221003_newark,2022-10-03,TPUSA_NO_KIRK_PREDEATH,TPUSA_NO_KIRK,Newark,DE,KILG,no,0,,3.3,75,1,ARCHIVE RETENTION BOUNDARY
20221010_phoenix,2022-10-10,CHARLIE_ONLY,CHARLIE_ONLY,Phoenix,AZ,KPHX,no,0,,0.0,75,0,ARCHIVE RETENTION BOUNDARY
20221012_austin,2022-10-12,CHARLIE_ONLY,CHARLIE_ONLY,Austin,TX,KAUS,no,0,,0.0,75,0,ARCHIVE RETENTION BOUNDARY
20221013_east_lansing,2022-10-13,TPUSA_NO_KIRK_PREDEATH,TPUSA_NO_KIRK,East Lansing,MI,KLAN,no,0,,0.0,75,0,ARCHIVE RETENTION BOUNDARY
20221017_fargo,2022-10-17,TPUSA_NO_KIRK_PREDEATH,TPUSA_NO_KIRK,Fargo,ND,KFAR,no,0,,0.0,75,0,ARCHIVE RETENTION BOUNDARY
20221018_kansas_city,2022-10-18,CHARLIE_ONLY,CHARLIE_ONLY,Kansas City,MO,KMCI,no,0,,0.0,75,0,ARCHIVE RETENTION BOUNDARY
20221020_tallahassee,2022-10-20,CHARLIE_ONLY,CHARLIE_ONLY,Tallahassee,FL,KTLH,no,0,,0.0,75,0,ARCHIVE RETENTION BOUNDARY
20221025_charlotte,2022-10-25,CHARLIE_ONLY,CHARLIE_ONLY,Charlotte,NC,KCLT,no,0,,0.0,75,0,ARCHIVE RETENTION BOUNDARY
20221130_albuquerque,2022-11-30,CHARLIE_ONLY,CHARLIE_ONLY,Albuquerque,NM,KABQ,no,0,,3.3,75,4,ARCHIVE RETENTION BOUNDARY
20221217_phoenix,2022-12-17,CHARLIE_ONLY,CHARLIE_ONLY,Phoenix,AZ,KPHX,no,0,,0.0,120,0,ARCHIVE RETENTION BOUNDARY
20230208_tempe,2023-02-08,CHARLIE_ONLY,CHARLIE_ONLY,Tempe,AZ,KPHX,no,0,,6.7,75,12,ARCHIVE HEALTHY
20230301_santa_barbara,2023-03-01,CHARLIE_ONLY,CHARLIE_ONLY,Santa Barbara,CA,KSBA,no,0,,3.3,75,8,ARCHIVE HEALTHY
20230308_lexington,2023-03-08,CHARLIE_ONLY,CHARLIE_ONLY,Lexington,KY,KLEX,no,0,,6.7,75,8,ARCHIVE HEALTHY
20230309_chicago,2023-03-09,CHARLIE_ONLY,CHARLIE_ONLY,Chicago,IL,KORD,no,0,,3.3,75,9,ARCHIVE HEALTHY
20230314_davis,2023-03-14,CHARLIE_ONLY,CHARLIE_ONLY,Davis,CA,KSMF,no,0,,13.3,75,9,ARCHIVE HEALTHY
20230321_baton_rouge,2023-03-21,TPUSA_NO_KIRK_PREDEATH,TPUSA_NO_KIRK,Baton Rouge,LA,KBTR,no,0,,0.0,75,8,ARCHIVE HEALTHY
20230321_new_brunswick,2023-03-21,TPUSA_NO_KIRK_PREDEATH,TPUSA_NO_KIRK,New Brunswick,NJ,KEWR,no,0,,0.0,75,8,ARCHIVE HEALTHY
20230322_columbus,2023-03-22,CHARLIE_ONLY,CHARLIE_ONLY,Columbus,OH,KCMH,no,0,,0.0,75,10,ARCHIVE HEALTHY
20230327_fort_worth,2023-03-27,CHARLIE_ONLY,CHARLIE_ONLY,Fort Worth,TX,KFTW,no,0,,13.3,75,10,ARCHIVE HEALTHY
20230402_jefferson_city,2023-04-02,TPUSA_NO_KIRK_PREDEATH,TPUSA_NO_KIRK,Jefferson City,MO,KJEF,no,0,,6.7,75,9,ARCHIVE HEALTHY
20230423_topeka,2023-04-23,TPUSA_NO_KIRK_PREDEATH,TPUSA_NO_KIRK,Topeka,KS,KFOE,no,0,,3.3,75,6,ARCHIVE HEALTHY
20230500_nashville,2023-05 (m,CHARLIE_ONLY,CHARLIE_ONLY,Nashville,TN,KBNA,no,0,,6.7,525,64,ARCHIVE HEALTHY
20230500_tallahassee,2023-05 (m,CHARLIE_ONLY,CHARLIE_ONLY,Tallahassee,FL,KTLH,no,0,,6.7,525,64,ARCHIVE HEALTHY
20230609_grapevine,2023-06-09,CHARLIE_ONLY,CHARLIE_ONLY,Grapevine,TX,KDFW,no,0,,11.9,105,15,ARCHIVE HEALTHY
20230617_deerfield,2023-06-17,CHARLIE_ONLY,CHARLIE_ONLY,Deerfield,IL,KPWK,no,0,,2.4,105,10,ARCHIVE HEALTHY
20230712_west_palm_beach,2023-07-12,CHARLIE_ONLY,CHARLIE_ONLY,West Palm Beach,FL,KPBI,no,0,,21.4,105,18,ARCHIVE HEALTHY
20230715_west_palm_beach,2023-07-15,CHARLIE_ONLY,CHARLIE_ONLY,West Palm Beach,FL,KPBI,no,0,,16.7,90,15,ARCHIVE HEALTHY
20230825_lincoln,2023-08-25,CHARLIE_ONLY,CHARLIE_ONLY,Lincoln,NE,KLNK,no,0,,13.3,75,14,ARCHIVE HEALTHY
20230913_san_diego,2023-09-13,CHARLIE_ONLY,CHARLIE_ONLY,San Diego,CA,KSAN,no,0,,4.8,105,10,ARCHIVE HEALTHY
20230919_flagstaff,2023-09-19,CHARLIE_ONLY,CHARLIE_ONLY,Flagstaff,AZ,KFLG,no,0,,20.0,75,13,ARCHIVE HEALTHY
20230927_tempe,2023-09-27,CHARLIE_ONLY,CHARLIE_ONLY,Tempe,AZ,KPHX,no,0,,6.7,75,10,ARCHIVE HEALTHY
20231002_san_jose,2023-10-02,CHARLIE_ONLY,CHARLIE_ONLY,San Jose,CA,KSJC,no,0,,6.7,75,6,ARCHIVE HEALTHY
20231010_orlando,2023-10-10,CHARLIE_ONLY,CHARLIE_ONLY,Orlando,FL,KMCO,no,0,,3.3,75,6,ARCHIVE HEALTHY
20231012_atlanta,2023-10-12,TPUSA_NO_KIRK_PREDEATH,TPUSA_NO_KIRK,Atlanta,GA,KATL,no,0,,3.3,75,8,ARCHIVE HEALTHY
20231018_san_antonio,2023-10-18,CHARLIE_ONLY,CHARLIE_ONLY,San Antonio,TX,KSAT,no,0,,13.3,75,13,ARCHIVE HEALTHY
20231019_springfield,2023-10-19,CHARLIE_ONLY,CHARLIE_ONLY,Springfield,MO,KSGF,no,0,,20.0,75,14,ARCHIVE HEALTHY
20231025_buffalo,2023-10-25,TPUSA_NO_KIRK_PREDEATH,TPUSA_NO_KIRK,Buffalo,NY,KBUF,no,0,,13.3,75,11,ARCHIVE HEALTHY
20231109_los_angeles,2023-11-09,CHARLIE_ONLY,CHARLIE_ONLY,Los Angeles,CA,KLAX,no,0,,6.7,75,9,ARCHIVE HEALTHY
20231216_phoenix,2023-12-16,CHARLIE_ONLY,CHARLIE_ONLY,Phoenix,AZ,KPHX,no,0,,4.2,120,14,ARCHIVE HEALTHY
20240129_las_vegas,2024-01-29,CHARLIE_ONLY,CHARLIE_ONLY,Las Vegas,NV,KLAS,no,0,,3.0,165,21,ARCHIVE HEALTHY
20240306_chapel_hill,2024-03-06,TPUSA_NO_KIRK_PREDEATH,TPUSA_NO_KIRK,Chapel Hill,NC,KRDU,no,0,,10.0,75,15,ARCHIVE HEALTHY
20240307_san_luis_obispo,2024-03-07,CHARLIE_ONLY,CHARLIE_ONLY,San Luis Obispo,CA,KSBP,no,0,,10.0,75,14,ARCHIVE HEALTHY
20240314_fullerton,2024-03-14,CHARLIE_ONLY,CHARLIE_ONLY,Fullerton,CA,KFUL,no,0,,3.3,75,9,ARCHIVE HEALTHY
20240318_san_diego,2024-03-18,CHARLIE_ONLY,CHARLIE_ONLY,San Diego,CA,KSAN,no,0,,6.7,75,16,ARCHIVE HEALTHY
20240319_phoenix,2024-03-19,CHARLIE_ONLY,CHARLIE_ONLY,Phoenix,AZ,KPHX,no,0,,6.7,75,18,ARCHIVE HEALTHY
20240319_pittsburgh,2024-03-19,TPUSA_NO_KIRK_PREDEATH,TPUSA_NO_KIRK,Pittsburgh,PA,KPIT,no,0,,6.7,75,18,ARCHIVE HEALTHY
20240321_las_vegas,2024-03-21,CHARLIE_ONLY,CHARLIE_ONLY,Las Vegas,NV,KLAS,no,0,,10.0,75,20,ARCHIVE HEALTHY
20240327_lubbock,2024-03-27,CHARLIE_ONLY,CHARLIE_ONLY,Lubbock,TX,KLBB,no,0,,20.0,75,16,ARCHIVE HEALTHY
20240403_lawrence,2024-04-03,CHARLIE_ONLY,CHARLIE_ONLY,Lawrence,KS,KLWC,no,0,,26.7,75,22,ARCHIVE HEALTHY
20240409_omaha,2024-04-09,CHARLIE_ONLY,CHARLIE_ONLY,Omaha,NE,KOMA,no,0,,6.7,75,17,ARCHIVE HEALTHY
20240423_salt_lake_city,2024-04-23,CHARLIE_ONLY,CHARLIE_ONLY,Salt Lake City,UT,KSLC,no,3,SU-BND;SU-BTT,6.7,75,12,ARCHIVE HEALTHY
20240507_seattle,2024-05-07,CHARLIE_ONLY,CHARLIE_ONLY,Seattle,WA,KSEA,no,0,,20.0,75,17,ARCHIVE HEALTHY
20240508_las_vegas,2024-05-08,CHARLIE_ONLY,CHARLIE_ONLY,Las Vegas,NV,KLAS,no,0,,20.0,75,16,ARCHIVE HEALTHY
20240516_san_diego,2024-05-16,CHARLIE_ONLY,CHARLIE_ONLY,San Diego,CA,KSAN,no,0,,20.0,75,11,ARCHIVE HEALTHY
20240607_san_antonio,2024-06-07,CHARLIE_ONLY,CHARLIE_ONLY,San Antonio,TX,KSAT,no,0,,21.4,105,24,ARCHIVE HEALTHY
20240614_detroit,2024-06-14,CHARLIE_ONLY,CHARLIE_ONLY,Detroit,MI,KDTW,no,0,,2.4,105,16,ARCHIVE HEALTHY
20240724_west_palm_beach,2024-07-24,CHARLIE_ONLY,CHARLIE_ONLY,West Palm Beach,FL,KPBI,no,0,,21.4,105,22,ARCHIVE HEALTHY
20240726_west_palm_beach,2024-07-26,CHARLIE_ONLY,CHARLIE_ONLY,West Palm Beach,FL,KPBI,no,0,,19.0,105,22,ARCHIVE HEALTHY
20240903_phoenix,2024-09-03,CHARLIE_ONLY,CHARLIE_ONLY,Phoenix,AZ,KPHX,no,0,,3.3,75,14,ARCHIVE HEALTHY
20240905_madison,2024-09-05,CHARLIE_ONLY,CHARLIE_ONLY,Madison,WI,KMSN,no,0,,6.7,75,16,ARCHIVE HEALTHY
20240910_boulder,2024-09-10,CHARLIE_ONLY,CHARLIE_ONLY,Boulder,CO,KBJC,no,0,,6.7,75,13,ARCHIVE HEALTHY
20240911_denton,2024-09-11,CHARLIE_ONLY,CHARLIE_ONLY,Denton,TX,KDTO,no,0,,3.3,75,12,ARCHIVE HEALTHY
20240913_manhattan,2024-09-13,CHARLIE_ONLY,CHARLIE_ONLY,Manhattan,KS,KMHK,no,0,,0.0,75,15,ARCHIVE HEALTHY
20240918_pittsburgh,2024-09-18,CHARLIE_ONLY,CHARLIE_ONLY,Pittsburgh,PA,KPIT,no,0,,13.3,75,20,ARCHIVE HEALTHY
20240919_university_park,2024-09-19,CHARLIE_ONLY,CHARLIE_ONLY,University Park,PA,KUNV,no,0,,16.7,75,22,ARCHIVE HEALTHY
20240930_missoula,2024-09-30,CHARLIE_ONLY,CHARLIE_ONLY,Missoula,MT,KMSO,no,0,,10.0,75,22,ARCHIVE HEALTHY
20241011_corvallis,2024-10-11,CHARLIE_ONLY,CHARLIE_ONLY,Corvallis,OR,KCVO,no,0,,6.7,75,14,ARCHIVE HEALTHY
20241015_university_of_nevada,2024-10-15,CHARLIE_ONLY,CHARLIE_ONLY,AMBIGUOUS,NV,,no,0,,0,0,0,
20241015_flagstaff,2024-10-15,CHARLIE_ONLY,CHARLIE_ONLY,Flagstaff,AZ,KFLG,no,0,,16.7,75,19,ARCHIVE HEALTHY
20241016_tucson,2024-10-16,CHARLIE_ONLY,CHARLIE_ONLY,Tucson,AZ,KTUS,no,0,,13.3,75,19,ARCHIVE HEALTHY
20241021_chapel_hill,2024-10-21,CHARLIE_ONLY,CHARLIE_ONLY,Chapel Hill,NC,KRDU,no,0,,20.0,75,24,ARCHIVE HEALTHY
20241021_atlanta,2024-10-21,CHARLIE_ONLY,CHARLIE_ONLY,Atlanta,GA,KATL,no,0,,20.0,75,24,ARCHIVE HEALTHY
20241022_omaha,2024-10-22,CHARLIE_ONLY,CHARLIE_ONLY,Omaha,NE,KOMA,no,0,,16.7,75,23,ARCHIVE HEALTHY
20241022_athens,2024-10-22,CHARLIE_ONLY,CHARLIE_ONLY,Athens,GA,KAHN,no,0,,16.7,75,23,ARCHIVE HEALTHY
20241023_duluth,2024-10-23,CHARLIE_ONLY,CHARLIE_ONLY,Duluth,GA,KPDK,no,0,,10.0,75,19,ARCHIVE HEALTHY
20241024_las_vegas,2024-10-24,CHARLIE_ONLY,CHARLIE_ONLY,Las Vegas,NV,KLAS,no,0,,10.0,75,17,ARCHIVE HEALTHY
20241028_phoenix,2024-10-28,CHARLIE_ONLY,CHARLIE_ONLY,Phoenix,AZ,KPHX,no,0,,6.7,75,14,ARCHIVE HEALTHY
20241030_greenville,2024-10-30,CHARLIE_ONLY,CHARLIE_ONLY,Greenville,NC,KPGV,no,0,,0.0,75,19,ARCHIVE HEALTHY
20241031_high_point,2024-10-31,CHARLIE_ONLY,CHARLIE_ONLY,High Point,NC,KGSO,no,0,,0.0,75,19,ARCHIVE HEALTHY
20241219_phoenix,2024-12-19,CHARLIE_ONLY,CHARLIE_ONLY,Phoenix,AZ,KPHX,no,0,,12.5,120,24,ARCHIVE HEALTHY
20250119_washington,2025-01-19,CHARLIE_ONLY,CHARLIE_ONLY,Washington,DC,KDCA,no,0,,11.1,90,12,ARCHIVE HEALTHY
20250218_phoenix,2025-02-18,CHARLIE_ONLY,CHARLIE_ONLY,Phoenix,AZ,KPHX,no,0,,8.3,90,22,ARCHIVE HEALTHY
20250220_tampa,2025-02-20,CHARLIE_ONLY,CHARLIE_ONLY,Tampa,FL,KTPA,no,0,,6.7,75,17,ARCHIVE HEALTHY
20250227_gainesville,2025-02-27,CHARLIE_ONLY,CHARLIE_ONLY,Gainesville,FL,KGNV,no,0,,3.3,75,18,ARCHIVE HEALTHY
20250228_tallahassee,2025-02-28,CHARLIE_ONLY,CHARLIE_ONLY,Tallahassee,FL,KTLH,no,0,,0.0,75,19,ARCHIVE HEALTHY
20250303_los_angeles,2025-03-03,CHARLIE_ONLY,CHARLIE_ONLY,Los Angeles,CA,KLAX,no,0,,0.0,75,17,ARCHIVE HEALTHY
20250313_knoxville,2025-03-13,CHARLIE_ONLY,CHARLIE_ONLY,Knoxville,TN,KTYS,no,0,,0.0,75,14,ARCHIVE HEALTHY
20250318_gainesville,2025-03-18,CHARLIE_ONLY,CHARLIE_ONLY,Gainesville,GA,KGVL,no,0,,9.5,105,24,ARCHIVE HEALTHY
20250408_urbana,2025-04-08,CHARLIE_ONLY,CHARLIE_ONLY,Urbana,IL,KCMI,no,0,,23.3,75,24,ARCHIVE HEALTHY
20250408_normal,2025-04-08,CHARLIE_ONLY,CHARLIE_ONLY,Normal,IL,KBMI,no,0,,23.3,75,24,ARCHIVE HEALTHY
20250410_west_lafayette,2025-04-10,CHARLIE_ONLY,CHARLIE_ONLY,West Lafayette,IN,KLAF,no,0,,16.7,75,20,ARCHIVE HEALTHY
20250411_east_lansing,2025-04-11,CHARLIE_ONLY,CHARLIE_ONLY,East Lansing,MI,KLAN,no,0,,6.7,75,18,ARCHIVE HEALTHY
20250422_college_station,2025-04-22,CHARLIE_ONLY,CHARLIE_ONLY,College Station,TX,KCLL,no,0,,6.7,75,13,ARCHIVE HEALTHY
20250424_laramie,2025-04-24,CHARLIE_ONLY,CHARLIE_ONLY,Laramie,WY,KLAR,no,0,,10.0,75,17,ARCHIVE HEALTHY
20250429_tpusa_student_town_h,2025-04-29,CHARLIE_ONLY,CHARLIE_ONLY,UNKNOWN,,,no,0,,0,0,0,
20250501_san_diego,2025-05-01,CHARLIE_ONLY,CHARLIE_ONLY,San Diego,CA,KSAN,no,0,,13.3,75,23,ARCHIVE HEALTHY
20250506_san_francisco,2025-05-06,CHARLIE_ONLY,CHARLIE_ONLY,San Francisco,CA,KSFO,no,0,,3.3,75,21,ARCHIVE HEALTHY
20250613_grapevine,2025-06-13,CHARLIE_AND_ERIKA,CHARLIE_AND_ERIKA,Grapevine,TX,KDFW,no,0,,14.3,105,25,ARCHIVE HEALTHY
20250709_tampa,2025-07-09,CHARLIE_ONLY,CHARLIE_ONLY,Tampa,FL,KTPA,no,0,,14.3,105,21,ARCHIVE HEALTHY
20250710_tampa,2025-07-10,CHARLIE_ONLY,CHARLIE_ONLY,Tampa,FL,KTPA,no,0,,14.6,120,22,ARCHIVE HEALTHY
20250711_tampa,2025-07-11,CHARLIE_ONLY,CHARLIE_ONLY,Tampa,FL,KTPA,no,0,,14.3,105,19,ARCHIVE HEALTHY
20250806_rancho_palos_verdes,2025-08-06,CHARLIE_ONLY,CHARLIE_ONLY,Rancho Palos Verdes,CA,KTOA,no,0,,9.5,105,20,ARCHIVE HEALTHY
20250820_dallas,2025-08-20,CHARLIE_ONLY,CHARLIE_ONLY,Dallas,TX,KDAL,no,0,,9.5,105,16,ARCHIVE HEALTHY
20250821_north_myrtle_beach,2025-08-21,CHARLIE_ONLY,CHARLIE_ONLY,North Myrtle Beach,SC,KCRE,no,0,,10.0,75,12,ARCHIVE HEALTHY
20250905_seoul,2025-09-05,CHARLIE_ONLY,CHARLIE_ONLY,Seoul,,RKSI,no,0,,27.8,90,40,ARCHIVE HEALTHY
20250907_tokyo,2025-09-07,CHARLIE_ONLY,CHARLIE_ONLY,Tokyo,,RJTT,no,0,,23.3,75,33,ARCHIVE HEALTHY
20250910_orem,2025-09-10,CHARLIE_ONLY,CHARLIE_ONLY,Orem,UT,KPVU,yes,0,,20.0,75,36,ARCHIVE HEALTHY
20250911_woodland_park,2025-09-11,TPUSA_NO_KIRK_POSTDEATH,TPUSA_NO_KIRK,Woodland Park,CO,KCOS,no,0,,20.0,75,35,ARCHIVE HEALTHY
20250918_fort_collins,2025-09-18,TPUSA_NO_KIRK_POSTDEATH,TPUSA_NO_KIRK,Fort Collins,CO,KFNL,no,0,,10.0,75,17,ARCHIVE HEALTHY
20250919_murfreesboro,2025-09-19,TPUSA_NO_KIRK_POSTDEATH,TPUSA_NO_KIRK,Murfreesboro,TN,KMBT,no,0,,13.9,90,21,ARCHIVE HEALTHY
20250921_glendale,2025-09-21,ERIKA_ONLY,ERIKA_ONLY,Glendale,AZ,KGEU,no,0,,30.0,75,23,ARCHIVE HEALTHY
20250922_minneapolis,2025-09-22,TPUSA_NO_KIRK_POSTDEATH,TPUSA_NO_KIRK,Minneapolis,MN,KMSP,no,0,,40.0,75,24,ARCHIVE HEALTHY
20250924_blacksburg,2025-09-24,TPUSA_NO_KIRK_POSTDEATH,TPUSA_NO_KIRK,Blacksburg,VA,KBCB,no,0,,23.3,75,17,ARCHIVE HEALTHY
20250925_hanover,2025-09-25,TPUSA_NO_KIRK_POSTDEATH,TPUSA_NO_KIRK,Hanover,NH,KLEB,no,0,,26.7,75,16,ARCHIVE HEALTHY
20250930_logan,2025-09-30,TPUSA_NO_KIRK_POSTDEATH,TPUSA_NO_KIRK,Logan,UT,KLGU,no,0,,16.7,75,13,ARCHIVE HEALTHY
20251007_bozeman,2025-10-07,TPUSA_NO_KIRK_POSTDEATH,TPUSA_NO_KIRK,Bozeman,MT,KBZN,no,0,,10.0,75,19,ARCHIVE HEALTHY
20251009_grand_forks,2025-10-09,TPUSA_NO_KIRK_POSTDEATH,TPUSA_NO_KIRK,Grand Forks,ND,KGFK,no,0,,16.7,75,22,ARCHIVE HEALTHY
20251016_norman,2025-10-16,TPUSA_NO_KIRK_POSTDEATH,TPUSA_NO_KIRK,Norman,OK,KOUN,no,0,,30.0,75,28,ARCHIVE HEALTHY
20251021_bloomington,2025-10-21,TPUSA_NO_KIRK_POSTDEATH,TPUSA_NO_KIRK,Bloomington,IN,KBMG,no,0,,26.7,75,23,ARCHIVE HEALTHY
20251027_baton_rouge,2025-10-27,TPUSA_NO_KIRK_POSTDEATH,TPUSA_NO_KIRK,Baton Rouge,LA,KBTR,no,0,,20.0,75,22,ARCHIVE HEALTHY
20251029_oxford,2025-10-29,TPUSA_NO_KIRK_POSTDEATH,TPUSA_NO_KIRK,Oxford,MS,KUOX,no,0,,13.3,75,21,ARCHIVE HEALTHY
