scope,tail,side,year,window_aircraft_days_needed,window_HELD,window_ASKED_AND_EMPTY,window_NEVER_ASKED,window_coverage_pct,window_queried_pct,disk_HELD_any_date,disk_ASKED_AND_EMPTY_any_date
tail_year,SU-BGM,following,2022,99,0,99,0,0.0,100.0,0,111
tail_year,SU-BGM,following,2023,157,13,144,0,8.3,100.0,14,144
tail_year,SU-BGM,following,2024,142,6,136,0,4.2,100.0,6,136
tail_year,SU-BGM,following,2025,141,12,129,0,8.5,100.0,12,131
tail_year,SU-BGM,following,2026,0,0,0,0,,,2,0
tail_year,SU-BND,following,2022,99,0,99,0,0.0,100.0,2,111
tail_year,SU-BND,following,2023,157,11,146,0,7.0,100.0,12,146
tail_year,SU-BND,following,2024,142,18,124,0,12.7,100.0,22,124
tail_year,SU-BND,following,2025,141,26,115,0,18.4,100.0,31,117
tail_year,SU-BND,following,2026,0,0,0,0,,,6,0
tail_year,SU-BTT,following,2021,0,0,0,0,,,0,4
tail_year,SU-BTT,following,2022,99,1,98,0,1.0,100.0,3,230
tail_year,SU-BTT,following,2023,157,12,145,0,7.6,100.0,26,234
tail_year,SU-BTT,following,2024,142,13,129,0,9.2,100.0,23,159
tail_year,SU-BTT,following,2025,141,20,121,0,14.2,100.0,27,123
tail_year,SU-BTT,following,2026,0,0,0,0,,,4,0
tail_year,SU-BTU,following,2022,99,1,98,0,1.0,100.0,1,110
tail_year,SU-BTU,following,2023,157,23,134,0,14.6,100.0,24,134
tail_year,SU-BTU,following,2024,142,12,130,0,8.5,100.0,14,130
tail_year,SU-BTU,following,2025,141,12,129,0,8.5,100.0,12,131
tail_year,SU-BTU,following,2026,0,0,0,0,,,4,0
tail_year,SU-BTV,following,2022,99,1,98,0,1.0,100.0,1,110
tail_year,SU-BTV,following,2023,157,10,147,0,6.4,100.0,10,147
tail_year,SU-BTV,following,2024,142,12,130,0,8.5,100.0,12,130
tail_year,SU-BTV,following,2025,141,16,125,0,11.3,100.0,17,127
tail_year,SU-BTV,following,2026,0,0,0,0,,,5,0
tail_year,T7-ELL,following,2022,99,0,99,0,0.0,100.0,3,111
tail_year,T7-ELL,following,2023,157,10,147,0,6.4,100.0,11,147
tail_year,T7-ELL,following,2024,142,33,109,0,23.2,100.0,34,109
tail_year,T7-ELL,following,2025,141,28,113,0,19.9,100.0,31,115
tail_year,T7-ELL,following,2026,0,0,0,0,,,20,0
tail_year,N102DZ,kirk,2022,99,1,98,0,1.0,100.0,3,110
tail_year,N102DZ,kirk,2023,157,15,142,0,9.6,100.0,15,142
tail_year,N102DZ,kirk,2024,142,67,75,0,47.2,100.0,70,75
tail_year,N102DZ,kirk,2025,141,50,91,0,35.5,100.0,58,93
tail_year,N102DZ,kirk,2026,0,0,0,0,,,36,0
tail_year,N40JD,kirk,2022,99,1,98,0,1.0,100.0,1,110
tail_year,N40JD,kirk,2023,157,13,144,0,8.3,100.0,14,144
tail_year,N40JD,kirk,2024,142,8,134,0,5.6,100.0,9,134
tail_year,N40JD,kirk,2025,141,63,78,0,44.7,100.0,72,78
tail_year,N40JD,kirk,2026,0,0,0,0,,,2,0
tail_year,N560TW,kirk,2022,99,1,98,0,1.0,100.0,6,110
tail_year,N560TW,kirk,2023,157,58,99,0,36.9,100.0,62,99
tail_year,N560TW,kirk,2024,142,52,90,0,36.6,100.0,55,90
tail_year,N560TW,kirk,2025,141,54,87,0,38.3,100.0,58,89
tail_year,N560TW,kirk,2026,0,0,0,0,,,17,0
tail_year,N582MM,kirk,2022,99,1,98,0,1.0,100.0,1,110
tail_year,N582MM,kirk,2023,157,70,87,0,44.6,100.0,72,87
tail_year,N582MM,kirk,2024,142,105,37,0,73.9,100.0,110,37
tail_year,N582MM,kirk,2025,141,125,16,0,88.7,100.0,140,16
tail_year,N872RA,kirk,2022,99,2,97,0,2.0,100.0,2,109
tail_year,N872RA,kirk,2023,157,28,129,0,17.8,100.0,28,129
tail_year,N872RA,kirk,2024,142,76,66,0,53.5,100.0,79,66
tail_year,N872RA,kirk,2025,141,70,71,0,49.6,100.0,78,73
tail_year,N872RA,kirk,2026,0,0,0,0,,,40,0
tail_year,N888KG,kirk,2022,99,3,96,0,3.0,100.0,5,108
tail_year,N888KG,kirk,2023,157,33,124,0,21.0,100.0,35,124
tail_year,N888KG,kirk,2024,142,30,112,0,21.1,100.0,32,112
tail_year,N888KG,kirk,2025,141,16,125,0,11.3,100.0,19,127
tail_year,N888KG,kirk,2026,0,0,0,0,,,6,0
tail_year,N1098L,n1098l,2022,99,0,0,99,0.0,0.0,0,0
tail_year,N1098L,n1098l,2023,157,0,0,157,0.0,0.0,2,0
tail_year,N1098L,n1098l,2024,142,4,0,138,2.8,2.8,9,0
tail_year,N1098L,n1098l,2025,141,19,0,122,13.5,13.5,23,0
tail_year,N1098L,n1098l,2026,0,0,0,0,,,29,0
tail_year,N2100L,n1098l,2022,99,0,0,99,0.0,0.0,0,0
tail_year,N2100L,n1098l,2023,157,0,0,157,0.0,0.0,2,0
tail_year,N2100L,n1098l,2024,142,4,0,138,2.8,2.8,9,0
tail_year,N2100L,n1098l,2025,141,9,0,132,6.4,6.4,13,0
tail_year,N2100L,n1098l,2026,0,0,0,0,,,21,0
tail_year,N59906,n1098l,2022,99,2,0,97,2.0,2.0,6,0
tail_year,N59906,n1098l,2023,157,4,0,153,2.5,2.5,6,0
tail_year,N59906,n1098l,2024,142,2,0,140,1.4,1.4,4,0
tail_year,N59906,n1098l,2025,141,8,0,133,5.7,5.7,14,0
tail_year,N59906,n1098l,2026,0,0,0,0,,,18,0
tail_year,CONTROL-RYANAIR,control,2022,0,0,0,0,,,0,14
tail_year,CONTROL-RYANAIR,control,2023,0,0,0,0,,,19,1
tail_year,CONTROL-RYANAIR,control,2024,0,0,0,0,,,17,1
tail_year,CONTROL-RYANAIR,control,2025,0,0,0,0,,,13,5
tail_year,CONTROL-LUFTHANSA,control,2022,0,0,0,0,,,0,14
tail_year,CONTROL-LUFTHANSA,control,2023,0,0,0,0,,,20,0
tail_year,CONTROL-LUFTHANSA,control,2024,0,0,0,0,,,17,1
tail_year,CONTROL-LUFTHANSA,control,2025,0,0,0,0,,,18,0
SIDE_TOTAL,ALL,following,ALL,3234,290,2944,0,9.0,100.0,389,3271
SIDE_TOTAL,ALL,kirk,ALL,3234,942,2292,0,29.1,100.0,1125,2372
SIDE_TOTAL,ALL,n1098l,ALL,1617,52,0,1565,3.2,3.2,156,0
SIDE_TOTAL,ALL,control,ALL,0,0,0,0,,,104,36
FLEET_TOTAL,ALL,15_case_tails,ALL,8085,1284,5236,1565,15.9,80.6,1670,5643
