slug,date,who,attendee_class,city,state,window_from,window_to,window_days,tails,testable,control_verdict,aircraft_days_needed,HELD,ASKED_AND_EMPTY,NEVER_ASKED,coverage_pct,queried_pct,following_needed,following_HELD,following_ASKED_AND_EMPTY,following_NEVER_ASKED,following_coverage_pct,yaml_agrees
20220104_phoenix,2022-01-04,Charlie,CHARLIE_ONLY,Phoenix,AZ,2022-01-02,2022-01-06,5,15,NO_ARCHIVE_RETENTION_BOUNDARY,ARCHIVE RETENTION BOUNDARY,75,0,60,15,0.0,80.0,30,0,30,0,0.0,YES
20220216_st_charles,2022-02-16,Charlie,CHARLIE_ONLY,St. Charles,IL,2022-02-14,2022-02-18,5,15,NO_ARCHIVE_RETENTION_BOUNDARY,ARCHIVE RETENTION BOUNDARY,75,0,60,15,0.0,80.0,30,0,30,0,0.0,YES
20220329_colorado_springs,2022-03-29,Charlie,CHARLIE_ONLY,Colorado Springs,CO,2022-03-27,2022-03-31,5,15,NO_ARCHIVE_RETENTION_BOUNDARY,ARCHIVE RETENTION BOUNDARY,75,0,60,15,0.0,80.0,30,0,30,0,0.0,YES
20220330_fayetteville,2022-03-30,Charlie,CHARLIE_ONLY,Fayetteville,AR,2022-03-28,2022-04-01,5,15,NO_ARCHIVE_RETENTION_BOUNDARY,ARCHIVE RETENTION BOUNDARY,75,4,56,15,5.3,80.0,30,0,30,0,0.0,YES
20220331_auburn,2022-03-31,Charlie,CHARLIE_ONLY,Auburn,AL,2022-03-29,2022-04-02,5,15,NO_ARCHIVE_RETENTION_BOUNDARY,ARCHIVE RETENTION BOUNDARY,75,4,56,15,5.3,80.0,30,0,30,0,0.0,YES
20220403_st_louis,2022-04-03,Charlie,CHARLIE_ONLY,St. Louis,MO,2022-04-01,2022-04-05,5,15,NO_ARCHIVE_RETENTION_BOUNDARY,ARCHIVE RETENTION BOUNDARY,75,4,56,15,5.3,80.0,30,0,30,0,0.0,YES
20220412_boulder,2022-04-12,Charlie,CHARLIE_ONLY,Boulder,CO,2022-04-10,2022-04-14,5,15,NO_ARCHIVE_RETENTION_BOUNDARY,ARCHIVE RETENTION BOUNDARY,75,0,60,15,0.0,80.0,30,0,30,0,0.0,YES
20220413_berkeley,2022-04-13,Charlie,CHARLIE_ONLY,Berkeley,CA,2022-04-11,2022-04-15,5,15,NO_ARCHIVE_RETENTION_BOUNDARY,ARCHIVE RETENTION BOUNDARY,75,0,60,15,0.0,80.0,30,0,30,0,0.0,YES
20220414_fullerton,2022-04-14,Charlie,CHARLIE_ONLY,Fullerton,CA,2022-04-12,2022-04-16,5,15,NO_ARCHIVE_RETENTION_BOUNDARY,ARCHIVE RETENTION BOUNDARY,75,0,60,15,0.0,80.0,30,0,30,0,0.0,YES
20220420_milwaukee,2022-04-20,Charlie,CHARLIE_ONLY,Milwaukee,WI,2022-04-18,2022-04-22,5,15,NO_ARCHIVE_RETENTION_BOUNDARY,ARCHIVE RETENTION BOUNDARY,75,0,60,15,0.0,80.0,30,0,30,0,0.0,YES
20220519_tpusa_debate_night,2022-05-19,Charlie,CHARLIE_ONLY,UNKNOWN,,,,0,0,NO_SEARCH_WINDOW_GEOCODE_FAILED,,0,0,0,0,0.0,0.0,0,0,0,0,,N/A
20220521_tpusa_debate_night,2022-05-21,Charlie,CHARLIE_ONLY,UNKNOWN,,,,0,0,NO_SEARCH_WINDOW_GEOCODE_FAILED,,0,0,0,0,0.0,0.0,0,0,0,0,,N/A
20220602_grapevine,2022-06-02,Charlie,CHARLIE_ONLY,Grapevine,TX,2022-05-31,2022-06-06,7,15,NO_ARCHIVE_RETENTION_BOUNDARY,ARCHIVE RETENTION BOUNDARY,105,5,80,20,4.8,81.0,42,1,41,0,2.4,YES
20220705_tpusa_debate_night,2022-07-05,Charlie,CHARLIE_ONLY,UNKNOWN,,,,0,0,NO_SEARCH_WINDOW_GEOCODE_FAILED,,0,0,0,0,0.0,0.0,0,0,0,0,,N/A
20220722_tampa,2022-07-22,Charlie,CHARLIE_ONLY,Tampa,FL,2022-07-20,2022-07-26,7,15,NO_ARCHIVE_RETENTION_BOUNDARY,ARCHIVE RETENTION BOUNDARY,105,0,84,21,0.0,80.0,42,0,42,0,0.0,YES
20220810_san_diego,2022-08-10,Charlie,CHARLIE_ONLY,San Diego,CA,2022-08-08,2022-08-14,7,15,NO_ARCHIVE_RETENTION_BOUNDARY,ARCHIVE RETENTION BOUNDARY,105,0,84,21,0.0,80.0,42,0,42,0,0.0,YES
20220814_phoenix,2022-08-14,Charlie,CHARLIE_ONLY,Phoenix,AZ,2022-08-12,2022-08-16,5,15,NO_ARCHIVE_RETENTION_BOUNDARY,ARCHIVE RETENTION BOUNDARY,75,0,60,15,0.0,80.0,30,0,30,0,0.0,YES
20220916_phoenix,2022-09-16,Charlie,CHARLIE_ONLY,Phoenix,AZ,2022-09-14,2022-09-19,6,15,NO_ARCHIVE_RETENTION_BOUNDARY,ARCHIVE RETENTION BOUNDARY,90,0,72,18,0.0,80.0,36,0,36,0,0.0,YES
20221003_newark,2022-10-03,TPUSA,TPUSA_NO_KIRK,Newark,DE,2022-10-01,2022-10-05,5,15,NO_ARCHIVE_RETENTION_BOUNDARY,ARCHIVE RETENTION BOUNDARY,75,1,59,15,1.3,80.0,30,1,29,0,3.3,YES
20221010_phoenix,2022-10-10,Charlie,CHARLIE_ONLY,Phoenix,AZ,2022-10-08,2022-10-12,5,15,NO_ARCHIVE_RETENTION_BOUNDARY,ARCHIVE RETENTION BOUNDARY,75,0,60,15,0.0,80.0,30,0,30,0,0.0,YES
20221012_austin,2022-10-12,Charlie,CHARLIE_ONLY,Austin,TX,2022-10-10,2022-10-14,5,15,NO_ARCHIVE_RETENTION_BOUNDARY,ARCHIVE RETENTION BOUNDARY,75,0,60,15,0.0,80.0,30,0,30,0,0.0,YES
20221013_east_lansing,2022-10-13,TPUSA,TPUSA_NO_KIRK,East Lansing,MI,2022-10-11,2022-10-15,5,15,NO_ARCHIVE_RETENTION_BOUNDARY,ARCHIVE RETENTION BOUNDARY,75,0,60,15,0.0,80.0,30,0,30,0,0.0,YES
20221017_fargo,2022-10-17,TPUSA,TPUSA_NO_KIRK,Fargo,ND,2022-10-15,2022-10-19,5,15,NO_ARCHIVE_RETENTION_BOUNDARY,ARCHIVE RETENTION BOUNDARY,75,0,60,15,0.0,80.0,30,0,30,0,0.0,YES
20221018_kansas_city,2022-10-18,Charlie,CHARLIE_ONLY,Kansas City,MO,2022-10-16,2022-10-20,5,15,NO_ARCHIVE_RETENTION_BOUNDARY,ARCHIVE RETENTION BOUNDARY,75,0,60,15,0.0,80.0,30,0,30,0,0.0,YES
20221020_tallahassee,2022-10-20,Charlie,CHARLIE_ONLY,Tallahassee,FL,2022-10-18,2022-10-22,5,15,NO_ARCHIVE_RETENTION_BOUNDARY,ARCHIVE RETENTION BOUNDARY,75,0,60,15,0.0,80.0,30,0,30,0,0.0,YES
20221025_charlotte,2022-10-25,Charlie,CHARLIE_ONLY,Charlotte,NC,2022-10-23,2022-10-27,5,15,NO_ARCHIVE_RETENTION_BOUNDARY,ARCHIVE RETENTION BOUNDARY,75,0,60,15,0.0,80.0,30,0,30,0,0.0,YES
20221130_albuquerque,2022-11-30,Charlie,CHARLIE_ONLY,Albuquerque,NM,2022-11-28,2022-12-02,5,15,NO_ARCHIVE_RETENTION_BOUNDARY,ARCHIVE RETENTION BOUNDARY,75,4,57,14,5.3,81.3,30,1,29,0,3.3,YES
20221217_phoenix,2022-12-17,Charlie,CHARLIE_ONLY,Phoenix,AZ,2022-12-15,2022-12-22,8,15,NO_ARCHIVE_RETENTION_BOUNDARY,ARCHIVE RETENTION BOUNDARY,120,0,96,24,0.0,80.0,48,0,48,0,0.0,YES
20230208_tempe,2023-02-08,Charlie,CHARLIE_ONLY,Tempe,AZ,2023-02-06,2023-02-10,5,15,YES,ARCHIVE HEALTHY,75,12,48,15,16.0,80.0,30,2,28,0,6.7,YES
20230301_santa_barbara,2023-03-01,Charlie,CHARLIE_ONLY,Santa Barbara,CA,2023-02-27,2023-03-03,5,15,YES,ARCHIVE HEALTHY,75,8,53,14,10.7,81.3,30,1,29,0,3.3,YES
20230308_lexington,2023-03-08,Charlie,CHARLIE_ONLY,Lexington,KY,2023-03-06,2023-03-10,5,15,YES,ARCHIVE HEALTHY,75,8,52,15,10.7,80.0,30,2,28,0,6.7,YES
20230309_chicago,2023-03-09,Charlie,CHARLIE_ONLY,Chicago,IL,2023-03-07,2023-03-11,5,15,YES,ARCHIVE HEALTHY,75,9,51,15,12.0,80.0,30,1,29,0,3.3,YES
20230314_davis,2023-03-14,Charlie,CHARLIE_ONLY,Davis,CA,2023-03-12,2023-03-16,5,15,YES,ARCHIVE HEALTHY,75,9,51,15,12.0,80.0,30,4,26,0,13.3,YES
20230321_baton_rouge,2023-03-21,TPUSA,TPUSA_NO_KIRK,Baton Rouge,LA,2023-03-19,2023-03-23,5,15,YES,ARCHIVE HEALTHY,75,8,52,15,10.7,80.0,30,0,30,0,0.0,YES
20230321_new_brunswick,2023-03-21,TPUSA,TPUSA_NO_KIRK,New Brunswick,NJ,2023-03-19,2023-03-23,5,15,YES,ARCHIVE HEALTHY,75,8,52,15,10.7,80.0,30,0,30,0,0.0,YES
20230322_columbus,2023-03-22,Charlie,CHARLIE_ONLY,Columbus,OH,2023-03-20,2023-03-24,5,15,YES,ARCHIVE HEALTHY,75,10,50,15,13.3,80.0,30,0,30,0,0.0,YES
20230327_fort_worth,2023-03-27,Charlie,CHARLIE_ONLY,Fort Worth,TX,2023-03-25,2023-03-29,5,15,YES,ARCHIVE HEALTHY,75,10,50,15,13.3,80.0,30,4,26,0,13.3,YES
20230402_jefferson_city,2023-04-02,TPUSA,TPUSA_NO_KIRK,Jefferson City,MO,2023-03-31,2023-04-04,5,15,YES,ARCHIVE HEALTHY,75,9,52,14,12.0,81.3,30,2,28,0,6.7,YES
20230423_topeka,2023-04-23,TPUSA,TPUSA_NO_KIRK,Topeka,KS,2023-04-21,2023-04-25,5,15,YES,ARCHIVE HEALTHY,75,6,54,15,8.0,80.0,30,1,29,0,3.3,YES
20230500_nashville,2023-05-01,Charlie,CHARLIE_ONLY,Nashville,TN,2023-04-29,2023-06-02,35,15,YES,ARCHIVE HEALTHY,525,64,357,104,12.2,80.2,210,14,196,0,6.7,YES
20230500_tallahassee,2023-05-01,Charlie,CHARLIE_ONLY,Tallahassee,FL,2023-04-29,2023-06-02,35,15,YES,ARCHIVE HEALTHY,525,64,357,104,12.2,80.2,210,14,196,0,6.7,YES
20230609_grapevine,2023-06-09,Charlie,CHARLIE_ONLY,Grapevine,TX,2023-06-07,2023-06-13,7,15,YES,ARCHIVE HEALTHY,105,15,69,21,14.3,80.0,42,5,37,0,11.9,YES
20230617_deerfield,2023-06-17,Charlie,CHARLIE_ONLY,Deerfield,IL,2023-06-15,2023-06-21,7,15,YES,ARCHIVE HEALTHY,105,10,74,21,9.5,80.0,42,1,41,0,2.4,YES
20230712_west_palm_beach,2023-07-12,Charlie,CHARLIE_ONLY,West Palm Beach,FL,2023-07-10,2023-07-16,7,15,YES,ARCHIVE HEALTHY,105,18,66,21,17.1,80.0,42,9,33,0,21.4,YES
20230715_west_palm_beach,2023-07-15,Charlie,CHARLIE_ONLY,West Palm Beach,FL,2023-07-13,2023-07-18,6,15,YES,ARCHIVE HEALTHY,90,15,57,18,16.7,80.0,36,6,30,0,16.7,YES
20230825_lincoln,2023-08-25,Charlie,CHARLIE_ONLY,Lincoln,NE,2023-08-23,2023-08-27,5,15,YES,ARCHIVE HEALTHY,75,14,46,15,18.7,80.0,30,4,26,0,13.3,YES
20230913_san_diego,2023-09-13,Charlie,CHARLIE_ONLY,San Diego,CA,2023-09-11,2023-09-17,7,15,YES,ARCHIVE HEALTHY,105,10,74,21,9.5,80.0,42,2,40,0,4.8,YES
20230919_flagstaff,2023-09-19,Charlie,CHARLIE_ONLY,Flagstaff,AZ,2023-09-17,2023-09-21,5,15,YES,ARCHIVE HEALTHY,75,13,47,15,17.3,80.0,30,6,24,0,20.0,YES
20230927_tempe,2023-09-27,Charlie,CHARLIE_ONLY,Tempe,AZ,2023-09-25,2023-09-29,5,15,YES,ARCHIVE HEALTHY,75,10,50,15,13.3,80.0,30,2,28,0,6.7,YES
20231002_san_jose,2023-10-02,Charlie,CHARLIE_ONLY,San Jose,CA,2023-09-30,2023-10-04,5,15,YES,ARCHIVE HEALTHY,75,6,55,14,8.0,81.3,30,2,28,0,6.7,YES
20231010_orlando,2023-10-10,Charlie,CHARLIE_ONLY,Orlando,FL,2023-10-08,2023-10-12,5,15,YES,ARCHIVE HEALTHY,75,6,54,15,8.0,80.0,30,1,29,0,3.3,YES
20231012_atlanta,2023-10-12,TPUSA,TPUSA_NO_KIRK,Atlanta,GA,2023-10-10,2023-10-14,5,15,YES,ARCHIVE HEALTHY,75,8,52,15,10.7,80.0,30,1,29,0,3.3,YES
20231018_san_antonio,2023-10-18,Charlie,CHARLIE_ONLY,San Antonio,TX,2023-10-16,2023-10-20,5,15,YES,ARCHIVE HEALTHY,75,13,47,15,17.3,80.0,30,4,26,0,13.3,YES
20231019_springfield,2023-10-19,Charlie,CHARLIE_ONLY,Springfield,MO,2023-10-17,2023-10-21,5,15,YES,ARCHIVE HEALTHY,75,14,46,15,18.7,80.0,30,6,24,0,20.0,YES
20231025_buffalo,2023-10-25,TPUSA,TPUSA_NO_KIRK,Buffalo,NY,2023-10-23,2023-10-27,5,15,YES,ARCHIVE HEALTHY,75,11,49,15,14.7,80.0,30,4,26,0,13.3,YES
20231109_los_angeles,2023-11-09,Charlie,CHARLIE_ONLY,Los Angeles,CA,2023-11-07,2023-11-11,5,15,YES,ARCHIVE HEALTHY,75,9,51,15,12.0,80.0,30,2,28,0,6.7,YES
20231216_phoenix,2023-12-16,Charlie,CHARLIE_ONLY,Phoenix,AZ,2023-12-14,2023-12-21,8,15,YES,ARCHIVE HEALTHY,120,14,82,24,11.7,80.0,48,2,46,0,4.2,YES
20240129_las_vegas,2024-01-29,Charlie,CHARLIE_ONLY,Las Vegas,NV,2024-01-27,2024-02-06,11,15,YES,ARCHIVE HEALTHY,165,21,114,30,12.7,81.8,66,2,64,0,3.0,YES
20240306_chapel_hill,2024-03-06,TPUSA,TPUSA_NO_KIRK,Chapel Hill,NC,2024-03-04,2024-03-08,5,15,YES,ARCHIVE HEALTHY,75,15,45,15,20.0,80.0,30,3,27,0,10.0,YES
20240307_san_luis_obispo,2024-03-07,Charlie,CHARLIE_ONLY,San Luis Obispo,CA,2024-03-05,2024-03-09,5,15,YES,ARCHIVE HEALTHY,75,14,46,15,18.7,80.0,30,3,27,0,10.0,YES
20240314_fullerton,2024-03-14,Charlie,CHARLIE_ONLY,Fullerton,CA,2024-03-12,2024-03-16,5,15,YES,ARCHIVE HEALTHY,75,9,51,15,12.0,80.0,30,1,29,0,3.3,YES
20240318_san_diego,2024-03-18,Charlie,CHARLIE_ONLY,San Diego,CA,2024-03-16,2024-03-20,5,15,YES,ARCHIVE HEALTHY,75,16,44,15,21.3,80.0,30,2,28,0,6.7,YES
20240319_phoenix,2024-03-19,Charlie,CHARLIE_ONLY,Phoenix,AZ,2024-03-17,2024-03-21,5,15,YES,ARCHIVE HEALTHY,75,18,42,15,24.0,80.0,30,2,28,0,6.7,YES
20240319_pittsburgh,2024-03-19,TPUSA,TPUSA_NO_KIRK,Pittsburgh,PA,2024-03-17,2024-03-21,5,15,YES,ARCHIVE HEALTHY,75,18,42,15,24.0,80.0,30,2,28,0,6.7,YES
20240321_las_vegas,2024-03-21,Charlie,CHARLIE_ONLY,Las Vegas,NV,2024-03-19,2024-03-23,5,15,YES,ARCHIVE HEALTHY,75,20,40,15,26.7,80.0,30,3,27,0,10.0,YES
20240327_lubbock,2024-03-27,Charlie,CHARLIE_ONLY,Lubbock,TX,2024-03-25,2024-03-29,5,15,YES,ARCHIVE HEALTHY,75,16,44,15,21.3,80.0,30,6,24,0,20.0,YES
20240403_lawrence,2024-04-03,Charlie,CHARLIE_ONLY,Lawrence,KS,2024-04-01,2024-04-05,5,15,YES,ARCHIVE HEALTHY,75,22,40,13,29.3,82.7,30,8,22,0,26.7,YES
20240409_omaha,2024-04-09,Charlie,CHARLIE_ONLY,Omaha,NE,2024-04-07,2024-04-11,5,15,YES,ARCHIVE HEALTHY,75,17,43,15,22.7,80.0,30,2,28,0,6.7,YES
20240423_salt_lake_city,2024-04-23,Charlie,CHARLIE_ONLY,Salt Lake City,UT,2024-04-21,2024-04-25,5,15,YES,ARCHIVE HEALTHY,75,12,48,15,16.0,80.0,30,2,28,0,6.7,YES
20240507_seattle,2024-05-07,Charlie,CHARLIE_ONLY,Seattle,WA,2024-05-05,2024-05-09,5,15,YES,ARCHIVE HEALTHY,75,17,43,15,22.7,80.0,30,6,24,0,20.0,YES
20240508_las_vegas,2024-05-08,Charlie,CHARLIE_ONLY,Las Vegas,NV,2024-05-06,2024-05-10,5,15,YES,ARCHIVE HEALTHY,75,16,44,15,21.3,80.0,30,6,24,0,20.0,YES
20240516_san_diego,2024-05-16,Charlie,CHARLIE_ONLY,San Diego,CA,2024-05-14,2024-05-18,5,15,YES,ARCHIVE HEALTHY,75,11,49,15,14.7,80.0,30,6,24,0,20.0,YES
20240607_san_antonio,2024-06-07,Charlie,CHARLIE_ONLY,San Antonio,TX,2024-06-05,2024-06-11,7,15,YES,ARCHIVE HEALTHY,105,24,60,21,22.9,80.0,42,9,33,0,21.4,YES
20240614_detroit,2024-06-14,Charlie,CHARLIE_ONLY,Detroit,MI,2024-06-12,2024-06-18,7,15,YES,ARCHIVE HEALTHY,105,16,68,21,15.2,80.0,42,1,41,0,2.4,YES
20240724_west_palm_beach,2024-07-24,Charlie,CHARLIE_ONLY,West Palm Beach,FL,2024-07-22,2024-07-28,7,15,YES,ARCHIVE HEALTHY,105,22,62,21,21.0,80.0,42,9,33,0,21.4,YES
20240726_west_palm_beach,2024-07-26,Charlie,CHARLIE_ONLY,West Palm Beach,FL,2024-07-24,2024-07-30,7,15,YES,ARCHIVE HEALTHY,105,22,62,21,21.0,80.0,42,8,34,0,19.0,YES
20240903_phoenix,2024-09-03,Charlie,CHARLIE_ONLY,Phoenix,AZ,2024-09-01,2024-09-05,5,15,YES,ARCHIVE HEALTHY,75,14,46,15,18.7,80.0,30,1,29,0,3.3,YES
20240905_madison,2024-09-05,Charlie,CHARLIE_ONLY,Madison,WI,2024-09-03,2024-09-07,5,15,YES,ARCHIVE HEALTHY,75,16,44,15,21.3,80.0,30,2,28,0,6.7,YES
20240910_boulder,2024-09-10,Charlie,CHARLIE_ONLY,Boulder,CO,2024-09-08,2024-09-12,5,15,YES,ARCHIVE HEALTHY,75,13,47,15,17.3,80.0,30,2,28,0,6.7,YES
20240911_denton,2024-09-11,Charlie,CHARLIE_ONLY,Denton,TX,2024-09-09,2024-09-13,5,15,YES,ARCHIVE HEALTHY,75,12,48,15,16.0,80.0,30,1,29,0,3.3,YES
20240913_manhattan,2024-09-13,Charlie,CHARLIE_ONLY,Manhattan,KS,2024-09-11,2024-09-15,5,15,YES,ARCHIVE HEALTHY,75,15,45,15,20.0,80.0,30,0,30,0,0.0,YES
20240918_pittsburgh,2024-09-18,Charlie,CHARLIE_ONLY,Pittsburgh,PA,2024-09-16,2024-09-20,5,15,YES,ARCHIVE HEALTHY,75,20,40,15,26.7,80.0,30,4,26,0,13.3,YES
20240919_university_park,2024-09-19,Charlie,CHARLIE_ONLY,University Park,PA,2024-09-17,2024-09-21,5,15,YES,ARCHIVE HEALTHY,75,22,38,15,29.3,80.0,30,5,25,0,16.7,YES
20240930_missoula,2024-09-30,Charlie,CHARLIE_ONLY,Missoula,MT,2024-09-28,2024-10-02,5,15,YES,ARCHIVE HEALTHY,75,22,40,13,29.3,82.7,30,3,27,0,10.0,YES
20241011_corvallis,2024-10-11,Charlie,CHARLIE_ONLY,Corvallis,OR,2024-10-09,2024-10-13,5,15,YES,ARCHIVE HEALTHY,75,14,46,15,18.7,80.0,30,2,28,0,6.7,YES
20241015_flagstaff,2024-10-15,Charlie,CHARLIE_ONLY,Flagstaff,AZ,2024-10-13,2024-10-17,5,15,YES,ARCHIVE HEALTHY,75,19,41,15,25.3,80.0,30,5,25,0,16.7,YES
20241015_university_of_nevada,2024-10-15,Charlie,CHARLIE_ONLY,AMBIGUOUS,NV,,,0,0,NO_SEARCH_WINDOW_GEOCODE_FAILED,,0,0,0,0,0.0,0.0,0,0,0,0,,N/A
20241016_tucson,2024-10-16,Charlie,CHARLIE_ONLY,Tucson,AZ,2024-10-14,2024-10-18,5,15,YES,ARCHIVE HEALTHY,75,19,41,15,25.3,80.0,30,4,26,0,13.3,YES
20241021_atlanta,2024-10-21,Charlie,CHARLIE_ONLY,Atlanta,GA,2024-10-19,2024-10-23,5,15,YES,ARCHIVE HEALTHY,75,24,36,15,32.0,80.0,30,6,24,0,20.0,YES
20241021_chapel_hill,2024-10-21,Charlie,CHARLIE_ONLY,Chapel Hill,NC,2024-10-19,2024-10-23,5,15,YES,ARCHIVE HEALTHY,75,24,36,15,32.0,80.0,30,6,24,0,20.0,YES
20241022_athens,2024-10-22,Charlie,CHARLIE_ONLY,Athens,GA,2024-10-20,2024-10-24,5,15,YES,ARCHIVE HEALTHY,75,23,37,15,30.7,80.0,30,5,25,0,16.7,YES
20241022_omaha,2024-10-22,Charlie,CHARLIE_ONLY,Omaha,NE,2024-10-20,2024-10-24,5,15,YES,ARCHIVE HEALTHY,75,23,37,15,30.7,80.0,30,5,25,0,16.7,YES
20241023_duluth,2024-10-23,Charlie,CHARLIE_ONLY,Duluth,GA,2024-10-21,2024-10-25,5,15,YES,ARCHIVE HEALTHY,75,19,41,15,25.3,80.0,30,3,27,0,10.0,YES
20241024_las_vegas,2024-10-24,Charlie,CHARLIE_ONLY,Las Vegas,NV,2024-10-22,2024-10-26,5,15,YES,ARCHIVE HEALTHY,75,17,43,15,22.7,80.0,30,3,27,0,10.0,YES
20241028_phoenix,2024-10-28,Charlie,CHARLIE_ONLY,Phoenix,AZ,2024-10-26,2024-10-30,5,15,YES,ARCHIVE HEALTHY,75,14,46,15,18.7,80.0,30,2,28,0,6.7,YES
20241030_greenville,2024-10-30,Charlie,CHARLIE_ONLY,Greenville,NC,2024-10-28,2024-11-01,5,15,YES,ARCHIVE HEALTHY,75,19,44,12,25.3,84.0,30,0,30,0,0.0,YES
20241031_high_point,2024-10-31,Charlie,CHARLIE_ONLY,High Point,NC,2024-10-29,2024-11-02,5,15,YES,ARCHIVE HEALTHY,75,19,44,12,25.3,84.0,30,0,30,0,0.0,YES
20241219_phoenix,2024-12-19,Charlie,CHARLIE_ONLY,Phoenix,AZ,2024-12-17,2024-12-24,8,15,YES,ARCHIVE HEALTHY,120,24,72,24,20.0,80.0,48,6,42,0,12.5,YES
20250119_washington,2025-01-19,Charlie,CHARLIE_ONLY,Washington,DC,2025-01-17,2025-01-22,6,15,YES,ARCHIVE HEALTHY,90,12,60,18,13.3,80.0,36,4,32,0,11.1,YES
20250218_phoenix,2025-02-18,Charlie,CHARLIE_ONLY,Phoenix,AZ,2025-02-16,2025-02-21,6,15,YES,ARCHIVE HEALTHY,90,22,50,18,24.4,80.0,36,3,33,0,8.3,YES
20250220_tampa,2025-02-20,Charlie,CHARLIE_ONLY,Tampa,FL,2025-02-18,2025-02-22,5,15,YES,ARCHIVE HEALTHY,75,17,43,15,22.7,80.0,30,2,28,0,6.7,YES
20250227_gainesville,2025-02-27,Charlie,CHARLIE_ONLY,Gainesville,FL,2025-02-25,2025-03-01,5,15,YES,ARCHIVE HEALTHY,75,18,43,14,24.0,81.3,30,1,29,0,3.3,YES
20250228_tallahassee,2025-02-28,Charlie,CHARLIE_ONLY,Tallahassee,FL,2025-02-26,2025-03-02,5,15,YES,ARCHIVE HEALTHY,75,19,42,14,25.3,81.3,30,0,30,0,0.0,YES
20250303_los_angeles,2025-03-03,Charlie,CHARLIE_ONLY,Los Angeles,CA,2025-03-01,2025-03-05,5,15,YES,ARCHIVE HEALTHY,75,17,44,14,22.7,81.3,30,0,30,0,0.0,YES
20250313_knoxville,2025-03-13,Charlie,CHARLIE_ONLY,Knoxville,TN,2025-03-11,2025-03-15,5,15,YES,ARCHIVE HEALTHY,75,14,46,15,18.7,80.0,30,0,30,0,0.0,YES
20250318_gainesville,2025-03-18,Charlie,CHARLIE_ONLY,Gainesville,GA,2025-03-16,2025-03-22,7,15,YES,ARCHIVE HEALTHY,105,24,60,21,22.9,80.0,42,4,38,0,9.5,YES
20250408_normal,2025-04-08,Charlie,CHARLIE_ONLY,Normal,IL,2025-04-06,2025-04-10,5,15,YES,ARCHIVE HEALTHY,75,24,36,15,32.0,80.0,30,7,23,0,23.3,YES
20250408_urbana,2025-04-08,Charlie,CHARLIE_ONLY,Urbana,IL,2025-04-06,2025-04-10,5,15,YES,ARCHIVE HEALTHY,75,24,36,15,32.0,80.0,30,7,23,0,23.3,YES
20250410_west_lafayette,2025-04-10,Charlie,CHARLIE_ONLY,West Lafayette,IN,2025-04-08,2025-04-12,5,15,YES,ARCHIVE HEALTHY,75,20,40,15,26.7,80.0,30,5,25,0,16.7,YES
20250411_east_lansing,2025-04-11,Charlie,CHARLIE_ONLY,East Lansing,MI,2025-04-09,2025-04-13,5,15,YES,ARCHIVE HEALTHY,75,18,42,15,24.0,80.0,30,2,28,0,6.7,YES
20250422_college_station,2025-04-22,Charlie,CHARLIE_ONLY,College Station,TX,2025-04-20,2025-04-24,5,15,YES,ARCHIVE HEALTHY,75,13,47,15,17.3,80.0,30,2,28,0,6.7,YES
20250424_laramie,2025-04-24,Charlie,CHARLIE_ONLY,Laramie,WY,2025-04-22,2025-04-26,5,15,YES,ARCHIVE HEALTHY,75,17,43,15,22.7,80.0,30,3,27,0,10.0,YES
20250429_tpusa_student_town_h,2025-04-29,Charlie,CHARLIE_ONLY,UNKNOWN,,,,0,0,NO_SEARCH_WINDOW_GEOCODE_FAILED,,0,0,0,0,0.0,0.0,0,0,0,0,,N/A
20250501_san_diego,2025-05-01,Charlie,CHARLIE_ONLY,San Diego,CA,2025-04-29,2025-05-03,5,15,YES,ARCHIVE HEALTHY,75,23,38,14,30.7,81.3,30,4,26,0,13.3,YES
20250506_san_francisco,2025-05-06,Charlie,CHARLIE_ONLY,San Francisco,CA,2025-05-04,2025-05-08,5,15,YES,ARCHIVE HEALTHY,75,21,39,15,28.0,80.0,30,1,29,0,3.3,YES
20250613_grapevine,2025-06-13,Both,CHARLIE_AND_ERIKA,Grapevine,TX,2025-06-11,2025-06-17,7,15,YES,ARCHIVE HEALTHY,105,25,59,21,23.8,80.0,42,6,36,0,14.3,YES
20250709_tampa,2025-07-09,Charlie,CHARLIE_ONLY,Tampa,FL,2025-07-07,2025-07-13,7,15,YES,ARCHIVE HEALTHY,105,21,63,21,20.0,80.0,42,6,36,0,14.3,YES
20250710_tampa,2025-07-10,Charlie,CHARLIE_ONLY,Tampa,FL,2025-07-08,2025-07-15,8,15,YES,ARCHIVE HEALTHY,120,22,74,24,18.3,80.0,48,7,41,0,14.6,YES
20250711_tampa,2025-07-11,Charlie,CHARLIE_ONLY,Tampa,FL,2025-07-09,2025-07-15,7,15,YES,ARCHIVE HEALTHY,105,19,65,21,18.1,80.0,42,6,36,0,14.3,YES
20250806_rancho_palos_verdes,2025-08-06,Charlie,CHARLIE_ONLY,Rancho Palos Verdes,CA,2025-08-04,2025-08-10,7,15,YES,ARCHIVE HEALTHY,105,20,64,21,19.0,80.0,42,4,38,0,9.5,YES
20250820_dallas,2025-08-20,Charlie,CHARLIE_ONLY,Dallas,TX,2025-08-18,2025-08-24,7,15,YES,ARCHIVE HEALTHY,105,16,68,21,15.2,80.0,42,4,38,0,9.5,YES
20250821_north_myrtle_beach,2025-08-21,Charlie,CHARLIE_ONLY,North Myrtle Beach,SC,2025-08-19,2025-08-23,5,15,YES,ARCHIVE HEALTHY,75,12,48,15,16.0,80.0,30,3,27,0,10.0,YES
20250905_seoul,2025-09-05,Charlie,CHARLIE_ONLY,Seoul,,2025-09-03,2025-09-08,6,15,YES,ARCHIVE HEALTHY,90,40,42,8,44.4,91.1,36,10,26,0,27.8,YES
20250907_tokyo,2025-09-07,Charlie,CHARLIE_ONLY,Tokyo,,2025-09-05,2025-09-09,5,15,YES,ARCHIVE HEALTHY,75,33,34,8,44.0,89.3,30,7,23,0,23.3,YES
20250910_orem,2025-09-10,Charlie,CHARLIE_ONLY,Orem,UT,2025-09-08,2025-09-12,5,15,YES,ARCHIVE HEALTHY,75,36,34,5,48.0,93.3,30,6,24,0,20.0,YES
20250911_woodland_park,2025-09-11,Charlie,TPUSA_NO_KIRK,Woodland Park,CO,2025-09-09,2025-09-13,5,15,YES,ARCHIVE HEALTHY,75,35,35,5,46.7,93.3,30,6,24,0,20.0,YES
20250918_fort_collins,2025-09-18,Charlie,TPUSA_NO_KIRK,Fort Collins,CO,2025-09-16,2025-09-20,5,15,YES,ARCHIVE HEALTHY,75,17,46,12,22.7,84.0,30,3,27,0,10.0,YES
20250919_murfreesboro,2025-09-19,Charlie,TPUSA_NO_KIRK,Murfreesboro,TN,2025-09-17,2025-09-22,6,15,YES,ARCHIVE HEALTHY,90,21,51,18,23.3,80.0,36,5,31,0,13.9,YES
20250921_glendale,2025-09-21,Erika,ERIKA_ONLY,Glendale,AZ,2025-09-19,2025-09-23,5,15,YES,ARCHIVE HEALTHY,75,23,37,15,30.7,80.0,30,9,21,0,30.0,YES
20250922_minneapolis,2025-09-22,TPUSA,TPUSA_NO_KIRK,Minneapolis,MN,2025-09-20,2025-09-24,5,15,YES,ARCHIVE HEALTHY,75,24,36,15,32.0,80.0,30,12,18,0,40.0,YES
20250924_blacksburg,2025-09-24,TPUSA,TPUSA_NO_KIRK,Blacksburg,VA,2025-09-22,2025-09-26,5,15,YES,ARCHIVE HEALTHY,75,17,43,15,22.7,80.0,30,7,23,0,23.3,YES
20250925_hanover,2025-09-25,Charlie,TPUSA_NO_KIRK,Hanover,NH,2025-09-23,2025-09-27,5,15,YES,ARCHIVE HEALTHY,75,16,44,15,21.3,80.0,30,8,22,0,26.7,YES
20250930_logan,2025-09-30,TPUSA,TPUSA_NO_KIRK,Logan,UT,2025-09-28,2025-10-02,5,15,YES,ARCHIVE HEALTHY,75,13,49,13,17.3,82.7,30,5,25,0,16.7,YES
20251007_bozeman,2025-10-07,TPUSA,TPUSA_NO_KIRK,Bozeman,MT,2025-10-05,2025-10-09,5,15,YES,ARCHIVE HEALTHY,75,19,44,12,25.3,84.0,30,3,27,0,10.0,YES
20251009_grand_forks,2025-10-09,TPUSA,TPUSA_NO_KIRK,Grand Forks,ND,2025-10-07,2025-10-11,5,15,YES,ARCHIVE HEALTHY,75,22,43,10,29.3,86.7,30,5,25,0,16.7,YES
20251016_norman,2025-10-16,TPUSA,TPUSA_NO_KIRK,Norman,OK,2025-10-14,2025-10-18,5,15,YES,ARCHIVE HEALTHY,75,28,36,11,37.3,85.3,30,9,21,0,30.0,YES
20251021_bloomington,2025-10-21,TPUSA,TPUSA_NO_KIRK,Bloomington,IN,2025-10-19,2025-10-23,5,15,YES,ARCHIVE HEALTHY,75,23,37,15,30.7,80.0,30,8,22,0,26.7,YES
20251027_baton_rouge,2025-10-27,TPUSA,TPUSA_NO_KIRK,Baton Rouge,LA,2025-10-25,2025-10-29,5,15,YES,ARCHIVE HEALTHY,75,22,38,15,29.3,80.0,30,6,24,0,20.0,YES
20251029_oxford,2025-10-29,TPUSA,TPUSA_NO_KIRK,Oxford,MS,2025-10-27,2025-10-31,5,15,YES,ARCHIVE HEALTHY,75,21,39,15,28.0,80.0,30,4,26,0,13.3,YES
