visit_date,tail,ground_airport,ground_airport_name,ground_airport_city,lat,lon,median_dist_km,ground_points,first_seen_utc,last_seen_utc,sources,n_source_files,bucket,field_mro_on_field,field_is_us_customs_port,field_documented_mundane_reason,bucket_event_slug,bucket_event_date,bucket_event_city,bucket_event_who,bucket_event_airport,bucket_dist_to_event_city_mi,bucket_dist_to_event_airport_mi,bucket_gap_days,nearest_in_time_slug,nearest_in_time_date,nearest_in_time_city,nearest_in_time_gap_days,nearest_in_time_dist_mi,nearest_in_space_slug,nearest_in_space_date,nearest_in_space_city,nearest_in_space_dist_mi,nearest_in_space_gap_days,best_combined_slug,best_combined_date,best_combined_city,best_combined_who,best_combined_attendee_class,best_combined_dist_city_mi,best_combined_dist_airport_mi,best_combined_gap_days,best_combined_score,best_combined_event_airport,same_airport_as_event,in_overlaps_csv,overlaps_csv_ids,status,top5
2022-02-01,T7-ELL,KTUS,Tucson International Airport,Tucson,32.11632,-110.94379,0.56,49,2022-02-01T00:31:19.700000Z,2022-02-01T00:38:19.300000Z,adsbexchange-samples,1,KNOWN_TRANSIT,"Bombardier Tucson Service Centre - on this field since 1976, the LARGEST of Bombardier's service centres at nearly 1 million sq ft of hangar, 900+ staff, OEM heavy maintenance, modification, paint and avionics for LEARJET, CHALLENGER AND GLOBAL aircraft",yes - international airport with US customs and immigration,MRO+US_CUSTOMS_PORT,,,,,,,,,20220216_st_charles,2022-02-16,"St. Charles, IL",-15,1414.2,20241016_tucson,2024-10-16,"Tucson, AZ",5.0,-988,20220104_phoenix,2022-01-04,"Phoenix, AZ",Charlie,CHARLIE_ONLY,120.6,110.1,+28,10.539,KPHX,no,no,,NEW,"20220104_phoenix|2022-01-04|Phoenix,AZ|Charlie|dist_city=120.6mi|dist_apt=110.1mi|gap=+28d|score=10.54 || 20220216_st_charles|2022-02-16|St. Charles,IL|Charlie|dist_city=1414.2mi|dist_apt=1416.9mi|gap=-15d|score=19.14 || 20220329_colorado_springs|2022-03-29|Colorado Springs,CO|Charlie|dist_city=581.5mi|dist_apt=580.2mi|gap=-56d|score=24.48 || 20220414_fullerton|2022-04-14|Fullerton,CA|Charlie|dist_city=422.7mi|dist_apt=425.3mi|gap=-72d|score=28.23 || 20220330_fayetteville|2022-03-30|Fayetteville,AR|Charlie|dist_city=996.6mi|dist_apt=991.9mi|gap=-57d|score=28.97"
2022-06-01,SU-BTT,KILG,Wilmington Airport,Wilmington,39.67459,-75.60039,0.69,9,2022-06-01T00:00:00Z,2022-06-01T00:01:25.400000Z,adsbexchange-samples,1,KNOWN_TRANSIT,none of note,yes - well-established East Coast customs and fuel stop,US_CUSTOMS_PORT,,,,,,,,,20220602_grapevine,2022-06-02,"Grapevine, TX",-1,1279.3,20221003_newark,2022-10-03,"Newark, DE",8.4,-124,20220602_grapevine,2022-06-02,"Grapevine, TX",Charlie,CHARLIE_ONLY,1279.3,1278.5,-1,13.126,KDFW,no,no,,NEW,"20220602_grapevine|2022-06-02|Grapevine,TX|Charlie|dist_city=1279.3mi|dist_apt=1278.5mi|gap=-1d|score=13.13 || 20220420_milwaukee|2022-04-20|Milwaukee,WI|Charlie|dist_city=681.8mi|dist_apt=676.3mi|gap=+42d|score=20.82 || 20220722_tampa|2022-07-22|Tampa,FL|Charlie|dist_city=899.2mi|dist_apt=900.2mi|gap=-51d|score=25.99 || 20220403_st_louis|2022-04-03|St. Louis,MO|Charlie|dist_city=787.0mi|dist_apt=792.4mi|gap=+59d|score=27.54 || 20220331_auburn|2022-03-31|Auburn,AL|Charlie|dist_city=736.2mi|dist_apt=733.3mi|gap=+62d|score=28.03"
2022-08-01,T7-ELL,KLAX,Los Angeles International Airport,Los Angeles,33.93585,-118.38771,2.01,73,2022-08-01T00:08:18.570000Z,2022-08-01T00:14:08.500000Z,adsbexchange-samples,1,DISTANT,UNKNOWN,UNKNOWN,NONE_DOCUMENTED,,,,,,,,,20220722_tampa,2022-07-22,"Tampa, FL",+8,2156.0,20231109_los_angeles,2023-11-09,"Los Angeles, CA",5.9,-465,20220810_san_diego,2022-08-10,"San Diego, CA",Charlie,CHARLIE_ONLY,105.9,108.1,-9,4.059,KSAN,no,no,,NEW,"20220810_san_diego|2022-08-10|San Diego,CA|Charlie|dist_city=105.9mi|dist_apt=108.1mi|gap=-9d|score=4.06 || 20220814_phoenix|2022-08-14|Phoenix,AZ|Charlie|dist_city=362.6mi|dist_apt=368.5mi|gap=-13d|score=7.96 || 20220916_phoenix|2022-09-16|Phoenix,AZ|Charlie|dist_city=362.6mi|dist_apt=368.5mi|gap=-46d|score=18.96 || 20220722_tampa|2022-07-22|Tampa,FL|Charlie|dist_city=2156.0mi|dist_apt=2152.8mi|gap=+8d|score=24.23 || 20221010_phoenix|2022-10-10|Phoenix,AZ|Charlie|dist_city=362.6mi|dist_apt=368.5mi|gap=-70d|score=26.96"
2022-08-01,T7-ELL,KTUS,Tucson International Airport,Tucson,32.11634,-110.94521,0.69,86,2022-08-01T01:36:39.570000Z,2022-08-01T01:41:41.010000Z,adsbexchange-samples,1,KNOWN_TRANSIT,"Bombardier Tucson Service Centre - on this field since 1976, the LARGEST of Bombardier's service centres at nearly 1 million sq ft of hangar, 900+ staff, OEM heavy maintenance, modification, paint and avionics for LEARJET, CHALLENGER AND GLOBAL aircraft",yes - international airport with US customs and immigration,MRO+US_CUSTOMS_PORT,,,,,,,,,20220722_tampa,2022-07-22,"Tampa, FL",+8,1721.3,20241016_tucson,2024-10-16,"Tucson, AZ",5.0,-807,20220814_phoenix,2022-08-14,"Phoenix, AZ",Charlie,CHARLIE_ONLY,120.6,110.0,-13,5.539,KPHX,no,no,,NEW,"20220814_phoenix|2022-08-14|Phoenix,AZ|Charlie|dist_city=120.6mi|dist_apt=110.0mi|gap=-13d|score=5.54 || 20220810_san_diego|2022-08-10|San Diego,CA|Charlie|dist_city=364.0mi|dist_apt=366.6mi|gap=-9d|score=6.64 || 20220916_phoenix|2022-09-16|Phoenix,AZ|Charlie|dist_city=120.6mi|dist_apt=110.0mi|gap=-46d|score=16.54 || 20220722_tampa|2022-07-22|Tampa,FL|Charlie|dist_city=1721.3mi|dist_apt=1718.1mi|gap=+8d|score=19.88 || 20221010_phoenix|2022-10-10|Phoenix,AZ|Charlie|dist_city=120.6mi|dist_apt=110.0mi|gap=-70d|score=24.54"
2022-09-01,SU-BTT,KICT,Wichita Dwight D. Eisenhower National Airport,Wichita,37.65583,-97.42283,0.79,159,2022-09-01T16:33:26.990000Z,2022-09-01T16:59:21.900000Z,adsbexchange-samples,1,KNOWN_TRANSIT,Yingling Aviation - FAA Part 145 repair station servicing Dassault Falcon aircraft; Dassault-Wichita State ties since 2015,yes,MRO+US_CUSTOMS_PORT,,,,,,,,,20220916_phoenix,2022-09-16,"Phoenix, AZ",-15,869.7,20240913_manhattan,2024-09-13,"Manhattan, KS",114.7,-743,20220916_phoenix,2022-09-16,"Phoenix, AZ",Charlie,CHARLIE_ONLY,869.7,869.0,-15,13.697,KPHX,no,no,,NEW,"20220916_phoenix|2022-09-16|Phoenix,AZ|Charlie|dist_city=869.7mi|dist_apt=869.0mi|gap=-15d|score=13.70 || 20220814_phoenix|2022-08-14|Phoenix,AZ|Charlie|dist_city=869.7mi|dist_apt=869.0mi|gap=+18d|score=14.70 || 20221018_kansas_city|2022-10-18|Kansas City,MO|Charlie|dist_city=184.1mi|dist_apt=185.5mi|gap=-47d|score=17.51 || 20220810_san_diego|2022-08-10|San Diego,CA|Charlie|dist_city=1159.1mi|dist_apt=1164.2mi|gap=+20d|score=18.26 || 20221012_austin|2022-10-12|Austin,TX|Charlie|dist_city=508.7mi|dist_apt=515.5mi|gap=-41d|score=18.75"
2022-09-01,T7-ELL,KLAX,Los Angeles International Airport,Los Angeles,33.93576,-118.38702,2.07,90,2022-09-01T02:08:02.330000Z,2022-09-01T02:16:34.620000Z,adsbexchange-samples,1,DISTANT,UNKNOWN,UNKNOWN,NONE_DOCUMENTED,,,,,,,,,20220916_phoenix,2022-09-16,"Phoenix, AZ",-15,362.5,20231109_los_angeles,2023-11-09,"Los Angeles, CA",5.9,-434,20220810_san_diego,2022-08-10,"San Diego, CA",Charlie,CHARLIE_ONLY,105.9,108.0,+20,7.725,KSAN,no,no,,NEW,"20220810_san_diego|2022-08-10|San Diego,CA|Charlie|dist_city=105.9mi|dist_apt=108.0mi|gap=+20d|score=7.73 || 20220916_phoenix|2022-09-16|Phoenix,AZ|Charlie|dist_city=362.5mi|dist_apt=368.4mi|gap=-15d|score=8.63 || 20220814_phoenix|2022-08-14|Phoenix,AZ|Charlie|dist_city=362.5mi|dist_apt=368.4mi|gap=+18d|score=9.63 || 20221010_phoenix|2022-10-10|Phoenix,AZ|Charlie|dist_city=362.5mi|dist_apt=368.4mi|gap=-39d|score=16.63 || 20221012_austin|2022-10-12|Austin,TX|Charlie|dist_city=1231.0mi|dist_apt=1238.4mi|gap=-41d|score=25.98"
2023-03-02,SU-BTT,KILG,Wilmington Airport,Wilmington,39.67353,-75.60168,0.71,4,2023-03-02T15:34:06.270000Z,2023-03-02T15:34:27.830000Z,adsb-lol;airplanes-live,2,KNOWN_TRANSIT,none of note,yes - well-established East Coast customs and fuel stop,US_CUSTOMS_PORT,,,,,,,,,20230301_santa_barbara,2023-03-01,"Santa Barbara, CA",+1,2435.3,20221003_newark,2022-10-03,"Newark, DE",8.3,+150,20230308_lexington,2023-03-08,"Lexington, KY",Charlie,CHARLIE_ONLY,490.4,497.3,-6,6.904,KLEX,no,no,,NEW,"20230308_lexington|2023-03-08|Lexington,KY|Charlie|dist_city=490.4mi|dist_apt=497.3mi|gap=-6d|score=6.90 || 20230321_new_brunswick|2023-03-21|New Brunswick,NJ|TPUSA|dist_city=83.1mi|dist_apt=103.1mi|gap=-19d|score=7.16 || 20230309_chicago|2023-03-09|Chicago,IL|Charlie|dist_city=649.2mi|dist_apt=662.0mi|gap=-7d|score=8.83 || 20230322_columbus|2023-03-22|Columbus,OH|Charlie|dist_city=392.2mi|dist_apt=387.3mi|gap=-20d|score=10.59 || 20230321_baton_rouge|2023-03-21|Baton Rouge,LA|TPUSA|dist_city=1083.0mi|dist_apt=1079.6mi|gap=-19d|score=17.16"
2023-03-13,SU-BTU,KILG,Wilmington Airport,Wilmington,39.67472,-75.60173,0.6,16,2023-03-13T16:34:51.760000Z,2023-03-13T16:40:08.120000Z,adsb-lol;airplanes-live,4,KNOWN_TRANSIT,none of note,yes - well-established East Coast customs and fuel stop,US_CUSTOMS_PORT,,,,,,,,,20230314_davis,2023-03-14,"Davis, CA",-1,2446.8,20221003_newark,2022-10-03,"Newark, DE",8.3,+161,20230321_new_brunswick,2023-03-21,"New Brunswick, NJ",TPUSA,TPUSA_NO_KIRK,83.0,103.1,-8,3.497,KEWR,no,no,,NEW,"20230321_new_brunswick|2023-03-21|New Brunswick,NJ|TPUSA|dist_city=83.0mi|dist_apt=103.1mi|gap=-8d|score=3.50 || 20230308_lexington|2023-03-08|Lexington,KY|Charlie|dist_city=490.4mi|dist_apt=497.3mi|gap=+5d|score=6.57 || 20230322_columbus|2023-03-22|Columbus,OH|Charlie|dist_city=392.2mi|dist_apt=387.3mi|gap=-9d|score=6.92 || 20230309_chicago|2023-03-09|Chicago,IL|Charlie|dist_city=649.2mi|dist_apt=662.0mi|gap=+4d|score=7.83 || 20230321_baton_rouge|2023-03-21|Baton Rouge,LA|TPUSA|dist_city=1083.1mi|dist_apt=1079.7mi|gap=-8d|score=13.50"
2023-03-29,T7-ELL,KLAX,Los Angeles International Airport,Los Angeles,33.93542,-118.39812,1.2,18,2023-03-29T03:41:22.910000Z,2023-03-29T03:43:35.610000Z,airplanes-live,2,DISTANT,UNKNOWN,UNKNOWN,NONE_DOCUMENTED,,,,,,,,,20230327_fort_worth,2023-03-27,"Fort Worth, TX",+2,1215.3,20231109_los_angeles,2023-11-09,"Los Angeles, CA",5.8,-225,20230314_davis,2023-03-14,"Davis, CA",Charlie,CHARLIE_ONLY,369.5,373.8,+15,8.695,KSMF,no,no,,NEW,"20230314_davis|2023-03-14|Davis,CA|Charlie|dist_city=369.5mi|dist_apt=373.8mi|gap=+15d|score=8.69 || 20230301_santa_barbara|2023-03-01|Santa Barbara,CA|Charlie|dist_city=81.9mi|dist_apt=89.1mi|gap=+28d|score=10.15 || 20230327_fort_worth|2023-03-27|Fort Worth,TX|Charlie|dist_city=1215.3mi|dist_apt=1214.1mi|gap=+2d|score=12.82 || 20230402_jefferson_city|2023-04-02|Jefferson City,MO|TPUSA|dist_city=1491.5mi|dist_apt=1491.5mi|gap=-4d|score=16.25 || 20230321_baton_rouge|2023-03-21|Baton Rouge,LA|TPUSA|dist_city=1607.7mi|dist_apt=1605.0mi|gap=+8d|score=18.74"
2023-04-20,SU-BTT,KILG,Wilmington Airport,Wilmington,39.67448,-75.6018,0.62,4,2023-04-20T17:04:07.390000Z,2023-04-20T17:04:30.240000Z,adsb-lol;airplanes-live,2,KNOWN_TRANSIT,none of note,yes - well-established East Coast customs and fuel stop,US_CUSTOMS_PORT,,,,,,,,,20230423_topeka,2023-04-23,"Topeka, KS",-3,1072.2,20221003_newark,2022-10-03,"Newark, DE",8.3,+199,20230500_nashville,2023-05-01,"Nashville, TN",Charlie,CHARLIE_ONLY,658.0,651.2,-11,10.247,KBNA,no,yes,OWENS-013,KNOWN,"20230500_nashville|2023-05-01|Nashville,TN|Charlie|dist_city=658.0mi|dist_apt=651.2mi|gap=-11d|score=10.25 || 20230321_new_brunswick|2023-03-21|New Brunswick,NJ|TPUSA|dist_city=83.0mi|dist_apt=103.1mi|gap=+30d|score=10.83 || 20230500_tallahassee|2023-05-01|Tallahassee,FL|Charlie|dist_city=802.4mi|dist_apt=808.8mi|gap=-11d|score=11.69 || 20230423_topeka|2023-04-23|Topeka,KS|TPUSA|dist_city=1072.2mi|dist_apt=1071.4mi|gap=-3d|score=11.72 || 20230322_columbus|2023-03-22|Columbus,OH|Charlie|dist_city=392.2mi|dist_apt=387.3mi|gap=+29d|score=13.59"
2023-04-21,SU-BTT,KILG,Wilmington Airport,Wilmington,39.67191,-75.60353,0.8,3,2023-04-21T11:58:55.880000Z,2023-04-21T11:59:08.940000Z,airplanes-live,1,KNOWN_TRANSIT,none of note,yes - well-established East Coast customs and fuel stop,US_CUSTOMS_PORT,,,,,,,,,20230423_topeka,2023-04-23,"Topeka, KS",-2,1072.1,20221003_newark,2022-10-03,"Newark, DE",8.2,+200,20230500_nashville,2023-05-01,"Nashville, TN",Charlie,CHARLIE_ONLY,657.9,651.1,-10,9.912,KBNA,no,no,,NEW,"20230500_nashville|2023-05-01|Nashville,TN|Charlie|dist_city=657.9mi|dist_apt=651.1mi|gap=-10d|score=9.91 || 20230321_new_brunswick|2023-03-21|New Brunswick,NJ|TPUSA|dist_city=83.2mi|dist_apt=103.3mi|gap=+31d|score=11.17 || 20230500_tallahassee|2023-05-01|Tallahassee,FL|Charlie|dist_city=802.2mi|dist_apt=808.6mi|gap=-10d|score=11.36 || 20230423_topeka|2023-04-23|Topeka,KS|TPUSA|dist_city=1072.1mi|dist_apt=1071.3mi|gap=-2d|score=11.39 || 20230322_columbus|2023-03-22|Columbus,OH|Charlie|dist_city=392.1mi|dist_apt=387.2mi|gap=+30d|score=13.92"
2023-05-01,SU-BTU,KBGR,Bangor International Airport,Bangor,44.81985,-68.84128,1.89,177,2023-05-01T17:49:35.070000Z,2023-05-01T18:45:23.570000Z,adsb-lol;adsbexchange-samples;airplanes-live,6,KNOWN_TRANSIT,fuel and handling,yes,MRO+US_CUSTOMS_PORT,,,,,,,,,20230500_nashville,2023-05-01,"Nashville, TN",+0,1116.6,20250925_hanover,2025-09-25,"Hanover, NH",186.2,-878,20230500_nashville,2023-05-01,"Nashville, TN",Charlie,CHARLIE_ONLY,1116.6,1109.7,+0,11.166,KBNA,no,no,,NEW,"20230500_nashville|2023-05-01|Nashville,TN|Charlie|dist_city=1116.6mi|dist_apt=1109.7mi|gap=+0d|score=11.17 || 20230500_tallahassee|2023-05-01|Tallahassee,FL|Charlie|dist_city=1297.8mi|dist_apt=1304.3mi|gap=+0d|score=12.98 || 20230423_topeka|2023-04-23|Topeka,KS|TPUSA|dist_city=1429.8mi|dist_apt=1430.6mi|gap=+8d|score=16.96 || 20230321_new_brunswick|2023-03-21|New Brunswick,NJ|TPUSA|dist_city=413.0mi|dist_apt=392.9mi|gap=+41d|score=17.80 || 20230322_columbus|2023-03-22|Columbus,OH|Charlie|dist_city=793.8mi|dist_apt=789.0mi|gap=+40d|score=21.27"
2023-05-06,SU-BTU,KILG,Wilmington Airport,Wilmington,39.67422,-75.6016,0.65,16,2023-05-06T15:18:28.030000Z,2023-05-06T15:19:25.350000Z,adsb-lol;airplanes-live,4,KNOWN_TRANSIT,none of note,yes - well-established East Coast customs and fuel stop,US_CUSTOMS_PORT,,,,,,,,,20230500_nashville,2023-05-01,"Nashville, TN",+0,658.0,20221003_newark,2022-10-03,"Newark, DE",8.3,+215,20230500_nashville,2023-05-01,"Nashville, TN",Charlie,CHARLIE_ONLY,658.0,651.2,+0,6.58,KBNA,no,no,,NEW,"20230500_nashville|2023-05-01|Nashville,TN|Charlie|dist_city=658.0mi|dist_apt=651.2mi|gap=+0d|score=6.58 || 20230500_tallahassee|2023-05-01|Tallahassee,FL|Charlie|dist_city=802.4mi|dist_apt=808.8mi|gap=+0d|score=8.02 || 20230423_topeka|2023-04-23|Topeka,KS|TPUSA|dist_city=1072.2mi|dist_apt=1071.4mi|gap=+13d|score=15.06 || 20230321_new_brunswick|2023-03-21|New Brunswick,NJ|TPUSA|dist_city=83.0mi|dist_apt=103.1mi|gap=+46d|score=16.16 || 20230322_columbus|2023-03-22|Columbus,OH|Charlie|dist_city=392.2mi|dist_apt=387.3mi|gap=+45d|score=18.92"
2023-05-26,SU-BTU,KILG,Wilmington Airport,Wilmington,39.67348,-75.60111,0.74,4,2023-05-26T16:07:10.100000Z,2023-05-26T16:07:10.530000Z,adsb-lol,2,KNOWN_TRANSIT,none of note,yes - well-established East Coast customs and fuel stop,US_CUSTOMS_PORT,,,,,,,,,20230500_nashville,2023-05-01,"Nashville, TN",+0,658.1,20221003_newark,2022-10-03,"Newark, DE",8.3,+235,20230500_nashville,2023-05-01,"Nashville, TN",Charlie,CHARLIE_ONLY,658.1,651.2,+0,6.581,KBNA,no,no,,NEW,"20230500_nashville|2023-05-01|Nashville,TN|Charlie|dist_city=658.1mi|dist_apt=651.2mi|gap=+0d|score=6.58 || 20230500_tallahassee|2023-05-01|Tallahassee,FL|Charlie|dist_city=802.3mi|dist_apt=808.8mi|gap=+0d|score=8.02 || 20230617_deerfield|2023-06-17|Deerfield,IL|Charlie|dist_city=661.7mi|dist_apt=663.5mi|gap=-22d|score=13.95 || 20230609_grapevine|2023-06-09|Grapevine,TX|Charlie|dist_city=1279.2mi|dist_apt=1278.5mi|gap=-14d|score=17.46 || 20230423_topeka|2023-04-23|Topeka,KS|TPUSA|dist_city=1072.3mi|dist_apt=1071.4mi|gap=+33d|score=21.72"
2023-05-28,SU-BTU,KILG,Wilmington Airport,Wilmington,39.67043,-75.60371,0.95,32,2023-05-28T11:31:13.820000Z,2023-05-28T11:34:06.170000Z,adsb-lol;airplanes-live,4,KNOWN_TRANSIT,none of note,yes - well-established East Coast customs and fuel stop,US_CUSTOMS_PORT,,,,,,,,,20230500_nashville,2023-05-01,"Nashville, TN",+0,657.9,20221003_newark,2022-10-03,"Newark, DE",8.2,+237,20230500_nashville,2023-05-01,"Nashville, TN",Charlie,CHARLIE_ONLY,657.9,651.0,+0,6.579,KBNA,no,no,,NEW,"20230500_nashville|2023-05-01|Nashville,TN|Charlie|dist_city=657.9mi|dist_apt=651.0mi|gap=+0d|score=6.58 || 20230500_tallahassee|2023-05-01|Tallahassee,FL|Charlie|dist_city=802.1mi|dist_apt=808.6mi|gap=+0d|score=8.02 || 20230617_deerfield|2023-06-17|Deerfield,IL|Charlie|dist_city=661.7mi|dist_apt=663.5mi|gap=-20d|score=13.28 || 20230609_grapevine|2023-06-09|Grapevine,TX|Charlie|dist_city=1279.0mi|dist_apt=1278.3mi|gap=-12d|score=16.79 || 20230423_topeka|2023-04-23|Topeka,KS|TPUSA|dist_city=1072.1mi|dist_apt=1071.3mi|gap=+35d|score=22.39"
2023-07-17,SU-BTU,KILG,Wilmington Airport,Wilmington,39.67601,-75.60164,0.51,36,2023-07-17T11:43:29.950000Z,2023-07-17T11:45:37.520000Z,adsb-lol;airplanes-live,4,KNOWN_TRANSIT,none of note,yes - well-established East Coast customs and fuel stop,US_CUSTOMS_PORT,,,,,,,,,20230715_west_palm_beach,2023-07-15,"West Palm Beach, FL",+1,930.6,20221003_newark,2022-10-03,"Newark, DE",8.3,+287,20230715_west_palm_beach,2023-07-15,"West Palm Beach, FL",Charlie,CHARLIE_ONLY,930.6,934.2,+1,9.639,KPBI,no,no,,NEW,"20230715_west_palm_beach|2023-07-15|West Palm Beach,FL|Charlie|dist_city=930.6mi|dist_apt=934.2mi|gap=+1d|score=9.64 || 20230712_west_palm_beach|2023-07-12|West Palm Beach,FL|Charlie|dist_city=930.6mi|dist_apt=934.2mi|gap=+3d|score=10.31 || 20230617_deerfield|2023-06-17|Deerfield,IL|Charlie|dist_city=661.7mi|dist_apt=663.5mi|gap=+28d|score=15.95 || 20230500_nashville|2023-05-01|Nashville,TN|Charlie|dist_city=658.1mi|dist_apt=651.3mi|gap=+47d|score=22.25 || 20230500_tallahassee|2023-05-01|Tallahassee,FL|Charlie|dist_city=802.5mi|dist_apt=808.9mi|gap=+47d|score=23.69"
2023-09-01,T7-ELL,KLAX,Los Angeles International Airport,Los Angeles,33.93539,-118.39007,1.83,162,2023-09-01T14:41:22.200000Z,2023-09-01T19:05:13.940000Z,adsbexchange-samples,2,DISTANT,UNKNOWN,UNKNOWN,NONE_DOCUMENTED,,,,,,,,,20230825_lincoln,2023-08-25,"Lincoln, NE",+7,1279.2,20231109_los_angeles,2023-11-09,"Los Angeles, CA",5.9,-69,20230913_san_diego,2023-09-13,"San Diego, CA",Charlie,CHARLIE_ONLY,106.0,108.1,-12,5.06,KSAN,no,no,,NEW,"20230913_san_diego|2023-09-13|San Diego,CA|Charlie|dist_city=106.0mi|dist_apt=108.1mi|gap=-12d|score=5.06 || 20230919_flagstaff|2023-09-19|Flagstaff,AZ|Charlie|dist_city=394.7mi|dist_apt=391.4mi|gap=-18d|score=9.95 || 20230927_tempe|2023-09-27|Tempe,AZ|Charlie|dist_city=373.3mi|dist_apt=368.6mi|gap=-26d|score=12.40 || 20231002_san_jose|2023-10-02|San Jose,CA|Charlie|dist_city=301.5mi|dist_apt=309.1mi|gap=-31d|score=13.35 || 20230825_lincoln|2023-08-25|Lincoln,NE|Charlie|dist_city=1279.2mi|dist_apt=1275.4mi|gap=+7d|score=15.13"
2023-09-26,SU-BTV,KILG,Wilmington Airport,Wilmington,39.67523,-75.60172,0.56,16,2023-09-26T11:52:31.670000Z,2023-09-26T11:52:55.400000Z,adsb-lol;airplanes-live,4,KNOWN_TRANSIT,none of note,yes - well-established East Coast customs and fuel stop,US_CUSTOMS_PORT,,,,,,,,,20230927_tempe,2023-09-27,"Tempe, AZ",-1,2048.6,20221003_newark,2022-10-03,"Newark, DE",8.3,+358,20231012_atlanta,2023-10-12,"Atlanta, GA",TPUSA,TPUSA_NO_KIRK,636.2,642.4,-16,11.696,KATL,no,no,,NEW,"20231012_atlanta|2023-10-12|Atlanta,GA|TPUSA|dist_city=636.2mi|dist_apt=642.4mi|gap=-16d|score=11.70 || 20231025_buffalo|2023-10-25|Buffalo,NY|TPUSA|dist_city=279.3mi|dist_apt=278.0mi|gap=-29d|score=12.46 || 20231010_orlando|2023-10-10|Orlando,FL|Charlie|dist_city=842.6mi|dist_apt=842.4mi|gap=-14d|score=13.09 || 20231019_springfield|2023-10-19|Springfield,MO|Charlie|dist_city=971.0mi|dist_apt=975.2mi|gap=-23d|score=17.38 || 20230927_tempe|2023-09-27|Tempe,AZ|Charlie|dist_city=2048.6mi|dist_apt=2051.3mi|gap=-1d|score=20.82"
2023-10-13,SU-BTU,KILG,Wilmington Airport,Wilmington,39.67341,-75.60164,0.72,4,2023-10-13T16:29:09.230000Z,2023-10-13T16:29:09.280000Z,adsb-lol;airplanes-live,4,KNOWN_TRANSIT,none of note,yes - well-established East Coast customs and fuel stop,US_CUSTOMS_PORT,,,,,,,,,20231012_atlanta,2023-10-12,"Atlanta, GA",+1,636.2,20221003_newark,2022-10-03,"Newark, DE",8.3,+375,20231012_atlanta,2023-10-12,"Atlanta, GA",TPUSA,TPUSA_NO_KIRK,636.2,642.3,+1,6.695,KATL,no,no,,NEW,"20231012_atlanta|2023-10-12|Atlanta,GA|TPUSA|dist_city=636.2mi|dist_apt=642.3mi|gap=+1d|score=6.70 || 20231025_buffalo|2023-10-25|Buffalo,NY|TPUSA|dist_city=279.4mi|dist_apt=278.1mi|gap=-12d|score=6.79 || 20231010_orlando|2023-10-10|Orlando,FL|Charlie|dist_city=842.4mi|dist_apt=842.3mi|gap=+3d|score=9.42 || 20231019_springfield|2023-10-19|Springfield,MO|Charlie|dist_city=971.0mi|dist_apt=975.2mi|gap=-6d|score=11.71 || 20231018_san_antonio|2023-10-18|San Antonio,TX|Charlie|dist_city=1476.6mi|dist_apt=1471.1mi|gap=-5d|score=16.43"
2024-02-09,SU-BTT,KLNK,Lincoln Airport,Lincoln,40.85203,-96.75084,1.22,1,2024-02-09T18:39:38.690000Z,2024-02-09T18:39:38.690000Z,airplanes-live,1,DISTANT,Duncan Aviation HEADQUARTERS and main plant - one of the largest privately-owned business-aviation MRO facilities in the world,limited - customs facilities are limited; Omaha handles the entry,MRO+LIMITED_CUSTOMS,,,,,,,,,20240129_las_vegas,2024-01-29,"Las Vegas, NV",+5,1047.8,20230825_lincoln,2023-08-25,"Lincoln, NE",4.9,+168,20240129_las_vegas,2024-01-29,"Las Vegas, NV",Charlie,CHARLIE_ONLY,1047.8,1046.2,+5,12.144,KLAS,no,yes,OWENS-020,KNOWN,"20240129_las_vegas|2024-01-29|Las Vegas,NV|Charlie|dist_city=1047.8mi|dist_apt=1046.2mi|gap=+5d|score=12.14 || 20240306_chapel_hill|2024-03-06|Chapel Hill,NC|TPUSA|dist_city=1015.4mi|dist_apt=1029.8mi|gap=-26d|score=18.82 || 20240403_lawrence|2024-04-03|Lawrence,KS|Charlie|dist_city=152.6mi|dist_apt=150.9mi|gap=-54d|score=19.53 || 20240409_omaha|2024-04-09|Omaha,NE|Charlie|dist_city=46.1mi|dist_apt=54.4mi|gap=-60d|score=20.46 || 20240327_lubbock|2024-03-27|Lubbock,TX|Charlie|dist_city=577.4mi|dist_apt=569.4mi|gap=-47d|score=21.44"
2024-04-19,SU-BND,KPVU,Provo Municipal Airport,Provo,40.22668,-111.72905,1.03,46,2024-04-19T21:33:34.670000Z,2024-04-19T21:36:25.290000Z,adsb-lol;airplanes-live,2,DISTANT,"Duncan Aviation (full-service airframe, engine, avionics, paint, interior)",no - not a routine international port of entry,MRO,,,,,,,,,20240423_salt_lake_city,2024-04-23,"Salt Lake City, UT",-4,35.7,20250910_orem,2025-09-10,"Orem, UT",5.2,-509,20240423_salt_lake_city,2024-04-23,"Salt Lake City, UT",Charlie,CHARLIE_ONLY,35.7,41.0,-4,1.69,KSLC,no,yes,OWENS-025,KNOWN,"20240423_salt_lake_city|2024-04-23|Salt Lake City,UT|Charlie|dist_city=35.7mi|dist_apt=41.0mi|gap=-4d|score=1.69 || 20240508_las_vegas|2024-05-08|Las Vegas,NV|Charlie|dist_city=336.0mi|dist_apt=341.3mi|gap=-19d|score=9.69 || 20240409_omaha|2024-04-09|Omaha,NE|Charlie|dist_city=822.6mi|dist_apt=830.8mi|gap=+10d|score=11.56 || 20240321_las_vegas|2024-03-21|Las Vegas,NV|Charlie|dist_city=336.0mi|dist_apt=341.3mi|gap=+29d|score=13.03 || 20240507_seattle|2024-05-07|Seattle,WA|Charlie|dist_city=733.8mi|dist_apt=724.8mi|gap=-18d|score=13.34"
2024-04-19,SU-BND,KSLC,Salt Lake City International Airport,Salt Lake City,40.78333,-111.96075,1.72,5,2024-04-19T20:03:15.300000Z,2024-04-19T20:07:56.960000Z,adsb-lol;airplanes-live,2,KNOWN_TRANSIT,several,yes - US customs port of entry,MRO+US_CUSTOMS_PORT,,,,,,,,,20240423_salt_lake_city,2024-04-23,"Salt Lake City, UT",-4,5.6,20240423_salt_lake_city,2024-04-23,"Salt Lake City, UT",5.6,-4,20240423_salt_lake_city,2024-04-23,"Salt Lake City, UT",Charlie,CHARLIE_ONLY,5.6,1.1,-4,1.39,KSLC,yes,yes,OWENS-025,KNOWN,"20240423_salt_lake_city|2024-04-23|Salt Lake City,UT|Charlie|dist_city=5.6mi|dist_apt=1.1mi|gap=-4d|score=1.39 || 20240508_las_vegas|2024-05-08|Las Vegas,NV|Charlie|dist_city=361.5mi|dist_apt=367.7mi|gap=-19d|score=9.95 || 20240409_omaha|2024-04-09|Omaha,NE|Charlie|dist_city=828.7mi|dist_apt=836.8mi|gap=+10d|score=11.62 || 20240507_seattle|2024-05-07|Seattle,WA|Charlie|dist_city=697.4mi|dist_apt=688.6mi|gap=-18d|score=12.97 || 20240321_las_vegas|2024-03-21|Las Vegas,NV|Charlie|dist_city=361.5mi|dist_apt=367.7mi|gap=+29d|score=13.28"
2024-04-23,SU-BTT,KPVU,Provo Municipal Airport,Provo,40.22375,-111.72485,0.58,106,2024-04-23T18:12:52.940000Z,2024-04-23T18:18:45.150000Z,adsb-lol;airplanes-live,2,SAME_METRO,"Duncan Aviation (full-service airframe, engine, avionics, paint, interior)",no - not a routine international port of entry,MRO,20240423_salt_lake_city,2024-04-23,"Salt Lake City, UT",Charlie,KSLC,35.9,41.3,+0,20240423_salt_lake_city,2024-04-23,"Salt Lake City, UT",+0,35.9,20250910_orem,2025-09-10,"Orem, UT",5.3,-505,20240423_salt_lake_city,2024-04-23,"Salt Lake City, UT",Charlie,CHARLIE_ONLY,35.9,41.3,+0,0.359,KSLC,no,yes,OWENS-026,KNOWN,"20240423_salt_lake_city|2024-04-23|Salt Lake City,UT|Charlie|dist_city=35.9mi|dist_apt=41.3mi|gap=+0d|score=0.36 || 20240508_las_vegas|2024-05-08|Las Vegas,NV|Charlie|dist_city=336.0mi|dist_apt=341.3mi|gap=-15d|score=8.36 || 20240507_seattle|2024-05-07|Seattle,WA|Charlie|dist_city=734.1mi|dist_apt=725.1mi|gap=-14d|score=12.01 || 20240409_omaha|2024-04-09|Omaha,NE|Charlie|dist_city=822.4mi|dist_apt=830.6mi|gap=+14d|score=12.89 || 20240516_san_diego|2024-05-16|San Diego,CA|Charlie|dist_city=593.3mi|dist_apt=599.7mi|gap=-23d|score=13.60"
2024-04-28,SU-BTT,KPVU,Provo Municipal Airport,Provo,40.23072,-111.73131,1.52,16,2024-04-28T13:51:19.770000Z,2024-04-28T14:16:07.340000Z,adsb-lol;airplanes-live,2,DISTANT,"Duncan Aviation (full-service airframe, engine, avionics, paint, interior)",no - not a routine international port of entry,MRO,,,,,,,,,20240423_salt_lake_city,2024-04-23,"Salt Lake City, UT",+5,35.4,20250910_orem,2025-09-10,"Orem, UT",4.9,-500,20240423_salt_lake_city,2024-04-23,"Salt Lake City, UT",Charlie,CHARLIE_ONLY,35.4,40.7,+5,2.02,KSLC,no,yes,OWENS-027,KNOWN,"20240423_salt_lake_city|2024-04-23|Salt Lake City,UT|Charlie|dist_city=35.4mi|dist_apt=40.7mi|gap=+5d|score=2.02 || 20240508_las_vegas|2024-05-08|Las Vegas,NV|Charlie|dist_city=336.1mi|dist_apt=341.5mi|gap=-10d|score=6.69 || 20240507_seattle|2024-05-07|Seattle,WA|Charlie|dist_city=733.5mi|dist_apt=724.5mi|gap=-9d|score=10.34 || 20240516_san_diego|2024-05-16|San Diego,CA|Charlie|dist_city=593.5mi|dist_apt=599.9mi|gap=-18d|score=11.93 || 20240409_omaha|2024-04-09|Omaha,NE|Charlie|dist_city=822.6mi|dist_apt=830.9mi|gap=+19d|score=14.56"
2024-09-28,SU-BTV,KILG,Wilmington Airport,Wilmington,39.67503,-75.60174,0.58,2,2024-09-28T16:22:43.970000Z,2024-09-28T16:22:43.970000Z,airplanes-live,2,KNOWN_TRANSIT,none of note,yes - well-established East Coast customs and fuel stop,US_CUSTOMS_PORT,,,,,,,,,20240930_missoula,2024-09-30,"Missoula, MT",-2,1974.6,20221003_newark,2022-10-03,"Newark, DE",8.3,+726,20240919_university_park,2024-09-19,"University Park, PA",Charlie,CHARLIE_ONLY,143.6,143.6,+9,4.436,KUNV,no,no,,NEW,"20240919_university_park|2024-09-19|University Park,PA|Charlie|dist_city=143.6mi|dist_apt=143.6mi|gap=+9d|score=4.44 || 20240918_pittsburgh|2024-09-18|Pittsburgh,PA|Charlie|dist_city=237.2mi|dist_apt=251.2mi|gap=+10d|score=5.71 || 20241021_chapel_hill|2024-10-21|Chapel Hill,NC|Charlie|dist_city=319.7mi|dist_apt=314.7mi|gap=-23d|score=10.86 || 20241030_greenville|2024-10-30|Greenville,NC|Charlie|dist_city=298.0mi|dist_apt=295.6mi|gap=-32d|score=13.65 || 20241022_athens|2024-10-22|Athens,GA|Charlie|dist_city=581.9mi|dist_apt=581.9mi|gap=-24d|score=13.82"
2024-12-01,SU-BTU,KILG,Wilmington Airport,Wilmington,39.67345,-75.60139,0.73,4,2024-12-01T16:26:52.930000Z,2024-12-01T16:28:24.250000Z,adsbexchange-samples,1,KNOWN_TRANSIT,none of note,yes - well-established East Coast customs and fuel stop,US_CUSTOMS_PORT,,,,,,,,,20241219_phoenix,2024-12-19,"Phoenix, AZ",-18,2052.1,20221003_newark,2022-10-03,"Newark, DE",8.3,+790,20241030_greenville,2024-10-30,"Greenville, NC",Charlie,CHARLIE_ONLY,297.9,295.5,+32,13.646,KPGV,no,no,,NEW,"20241030_greenville|2024-10-30|Greenville,NC|Charlie|dist_city=297.9mi|dist_apt=295.5mi|gap=+32d|score=13.65 || 20241031_high_point|2024-10-31|High Point,NC|Charlie|dist_city=349.4mi|dist_apt=341.8mi|gap=+31d|score=13.83 || 20241021_chapel_hill|2024-10-21|Chapel Hill,NC|Charlie|dist_city=319.7mi|dist_apt=314.6mi|gap=+41d|score=16.86 || 20250119_washington|2025-01-19|Washington,DC|Charlie|dist_city=92.5mi|dist_apt=95.5mi|gap=-49d|score=17.26 || 20241023_duluth|2024-10-23|Duluth,GA|Charlie|dist_city=613.5mi|dist_apt=625.8mi|gap=+39d|score=19.14"
2024-12-01,SU-BTU,KLNK,Lincoln Airport,Lincoln,40.85142,-96.74963,1.25,45,2024-12-01T14:13:45.120000Z,2024-12-01T14:18:13.030000Z,adsbexchange-samples,1,DISTANT,Duncan Aviation HEADQUARTERS and main plant - one of the largest privately-owned business-aviation MRO facilities in the world,limited - customs facilities are limited; Omaha handles the entry,MRO+LIMITED_CUSTOMS,,,,,,,,,20241219_phoenix,2024-12-19,"Phoenix, AZ",-18,980.5,20230825_lincoln,2023-08-25,"Lincoln, NE",4.8,+464,20241022_omaha,2024-10-22,"Omaha, NE",Charlie,CHARLIE_ONLY,46.1,54.4,+40,13.794,KOMA,no,no,,NEW,"20241022_omaha|2024-10-22|Omaha,NE|Charlie|dist_city=46.1mi|dist_apt=54.4mi|gap=+40d|score=13.79 || 20241219_phoenix|2024-12-19|Phoenix,AZ|Charlie|dist_city=980.5mi|dist_apt=982.0mi|gap=-18d|score=15.80 || 20241031_high_point|2024-10-31|High Point,NC|Charlie|dist_city=965.3mi|dist_apt=965.0mi|gap=+31d|score=19.99 || 20241028_phoenix|2024-10-28|Phoenix,AZ|Charlie|dist_city=980.5mi|dist_apt=982.0mi|gap=+34d|score=21.14 || 20241023_duluth|2024-10-23|Duluth,GA|Charlie|dist_city=836.4mi|dist_apt=835.0mi|gap=+39d|score=21.36"
2025-04-08,SU-BTU,KPVU,Provo Municipal Airport,Provo,40.22596,-111.72868,0.95,28,2025-04-08T18:32:24.640000Z,2025-04-08T18:33:35.800000Z,adsb-lol;airplanes-live,4,DISTANT,"Duncan Aviation (full-service airframe, engine, avionics, paint, interior)",no - not a routine international port of entry,MRO,,,,,,,,,20250408_normal,2025-04-08,"Normal, IL",+0,1193.7,20250910_orem,2025-09-10,"Orem, UT",5.2,-155,20250424_laramie,2025-04-24,"Laramie, WY",Charlie,CHARLIE_ONLY,328.8,325.5,-16,8.621,KLAR,no,no,,NEW,"20250424_laramie|2025-04-24|Laramie,WY|Charlie|dist_city=328.8mi|dist_apt=325.5mi|gap=-16d|score=8.62 || 20250408_normal|2025-04-08|Normal,IL|Charlie|dist_city=1193.7mi|dist_apt=1198.0mi|gap=+0d|score=11.94 || 20250408_urbana|2025-04-08|Urbana,IL|Charlie|dist_city=1238.8mi|dist_apt=1235.3mi|gap=+0d|score=12.39 || 20250501_san_diego|2025-05-01|San Diego,CA|Charlie|dist_city=593.3mi|dist_apt=599.7mi|gap=-23d|score=13.60 || 20250410_west_lafayette|2025-04-10|West Lafayette,IN|Charlie|dist_city=1302.2mi|dist_apt=1301.7mi|gap=-2d|score=13.69"
2025-04-10,SU-BGM,KPVU,Provo Municipal Airport,Provo,40.23008,-111.73093,1.44,334,2025-04-10T21:13:43.590000Z,2025-04-10T22:16:03.130000Z,adsb-lol;airplanes-live,6,DISTANT,"Duncan Aviation (full-service airframe, engine, avionics, paint, interior)",no - not a routine international port of entry,MRO,,,,,,,,,20250410_west_lafayette,2025-04-10,"West Lafayette, IN",+0,1302.3,20250910_orem,2025-09-10,"Orem, UT",5.0,-153,20250424_laramie,2025-04-24,"Laramie, WY",Charlie,CHARLIE_ONLY,328.8,325.5,-14,7.955,KLAR,no,no,,NEW,"20250424_laramie|2025-04-24|Laramie,WY|Charlie|dist_city=328.8mi|dist_apt=325.5mi|gap=-14d|score=7.95 || 20250408_normal|2025-04-08|Normal,IL|Charlie|dist_city=1193.7mi|dist_apt=1198.1mi|gap=+2d|score=12.60 || 20250501_san_diego|2025-05-01|San Diego,CA|Charlie|dist_city=593.5mi|dist_apt=599.9mi|gap=-21d|score=12.93 || 20250410_west_lafayette|2025-04-10|West Lafayette,IN|Charlie|dist_city=1302.3mi|dist_apt=1301.7mi|gap=+0d|score=13.02 || 20250408_urbana|2025-04-08|Urbana,IL|Charlie|dist_city=1238.9mi|dist_apt=1235.4mi|gap=+2d|score=13.06"
2025-05-01,SU-BTU,KILG,Wilmington Airport,Wilmington,39.66967,-75.60284,1.05,26,2025-05-01T11:49:46.720000Z,2025-05-01T11:53:03.430000Z,adsbexchange-samples,1,KNOWN_TRANSIT,none of note,yes - well-established East Coast customs and fuel stop,US_CUSTOMS_PORT,,,,,,,,,20250501_san_diego,2025-05-01,"San Diego, CA",+0,2340.9,20221003_newark,2022-10-03,"Newark, DE",8.2,+941,20250411_east_lansing,2025-04-11,"East Lansing, MI",Charlie,CHARLIE_ONLY,507.9,513.5,+20,11.746,KLAN,no,no,,NEW,"20250411_east_lansing|2025-04-11|East Lansing,MI|Charlie|dist_city=507.9mi|dist_apt=513.5mi|gap=+20d|score=11.75 || 20250410_west_lafayette|2025-04-10|West Lafayette,IN|Charlie|dist_city=600.7mi|dist_apt=601.4mi|gap=+21d|score=13.01 || 20250408_urbana|2025-04-08|Urbana,IL|Charlie|dist_city=667.8mi|dist_apt=672.1mi|gap=+23d|score=14.34 || 20250408_normal|2025-04-08|Normal,IL|Charlie|dist_city=709.4mi|dist_apt=705.4mi|gap=+23d|score=14.76 || 20250422_college_station|2025-04-22|College Station,TX|Charlie|dist_city=1322.6mi|dist_apt=1325.8mi|gap=+9d|score=16.23"
2025-05-23,SU-BND,KPVU,Provo Municipal Airport,Provo,40.2281,-111.72798,1.13,239,2025-05-23T20:38:06.210000Z,2025-05-23T20:46:42.320000Z,adsb-lol;airplanes-live,2,DISTANT,"Duncan Aviation (full-service airframe, engine, avionics, paint, interior)",no - not a routine international port of entry,MRO,,,,,,,,,20250506_san_francisco,2025-05-06,"San Francisco, CA",+17,630.8,20250910_orem,2025-09-10,"Orem, UT",5.1,-110,20250506_san_francisco,2025-05-06,"San Francisco, CA",Charlie,CHARLIE_ONLY,630.8,599.6,+17,11.974,KSFO,no,yes,OWENS-035;OWENS-065,KNOWN,"20250506_san_francisco|2025-05-06|San Francisco,CA|Charlie|dist_city=630.8mi|dist_apt=599.6mi|gap=+17d|score=11.97 || 20250424_laramie|2025-04-24|Laramie,WY|Charlie|dist_city=328.7mi|dist_apt=325.4mi|gap=+29d|score=12.95 || 20250501_san_diego|2025-05-01|San Diego,CA|Charlie|dist_city=593.4mi|dist_apt=599.9mi|gap=+22d|score=13.27 || 20250613_grapevine|2025-06-13|Grapevine,TX|Both|dist_city=954.5mi|dist_apt=957.9mi|gap=-21d|score=16.55 || 20250422_college_station|2025-04-22|College Station,TX|Charlie|dist_city=1092.3mi|dist_apt=1089.1mi|gap=+31d|score=21.26"
2025-08-06,SU-BTV,KILG,Wilmington Airport,Wilmington,39.67119,-75.60361,0.87,8,2025-08-06T11:55:08.890000Z,2025-08-06T11:55:15Z,adsb-lol;airplanes-live,4,KNOWN_TRANSIT,none of note,yes - well-established East Coast customs and fuel stop,US_CUSTOMS_PORT,,,,,,,,,20250806_rancho_palos_verdes,2025-08-06,"Rancho Palos Verdes, CA",+0,2381.3,20221003_newark,2022-10-03,"Newark, DE",8.2,+1038,20250821_north_myrtle_beach,2025-08-21,"North Myrtle Beach, SC",Charlie,CHARLIE_ONLY,439.0,440.1,-15,9.39,KCRE,no,no,,NEW,"20250821_north_myrtle_beach|2025-08-21|North Myrtle Beach,SC|Charlie|dist_city=439.0mi|dist_apt=440.1mi|gap=-15d|score=9.39 || 20250710_tampa|2025-07-10|Tampa,FL|Charlie|dist_city=898.9mi|dist_apt=899.9mi|gap=+24d|score=16.99 || 20250711_tampa|2025-07-11|Tampa,FL|Charlie|dist_city=898.9mi|dist_apt=899.9mi|gap=+24d|score=16.99 || 20250820_dallas|2025-08-20|Dallas,TX|Charlie|dist_city=1267.7mi|dist_apt=1270.2mi|gap=-14d|score=17.34 || 20250709_tampa|2025-07-09|Tampa,FL|Charlie|dist_city=898.9mi|dist_apt=899.9mi|gap=+26d|score=17.66"
2025-08-23,SU-BTT,KILG,Wilmington Airport,Wilmington,39.67206,-75.6035,0.78,4,2025-08-23T14:44:13.530000Z,2025-08-23T14:44:13.540000Z,adsb-lol;airplanes-live,4,KNOWN_TRANSIT,none of note,yes - well-established East Coast customs and fuel stop,US_CUSTOMS_PORT,,,,,,,,,20250820_dallas,2025-08-20,"Dallas, TX",+1,1267.7,20221003_newark,2022-10-03,"Newark, DE",8.2,+1055,20250821_north_myrtle_beach,2025-08-21,"North Myrtle Beach, SC",Charlie,CHARLIE_ONLY,439.0,440.1,+2,5.057,KCRE,no,no,,NEW,"20250821_north_myrtle_beach|2025-08-21|North Myrtle Beach,SC|Charlie|dist_city=439.0mi|dist_apt=440.1mi|gap=+2d|score=5.06 || 20250820_dallas|2025-08-20|Dallas,TX|Charlie|dist_city=1267.7mi|dist_apt=1270.2mi|gap=+1d|score=13.01 || 20250924_blacksburg|2025-09-24|Blacksburg,VA|TPUSA|dist_city=310.7mi|dist_apt=310.7mi|gap=-32d|score=13.77 || 20250925_hanover|2025-09-25|Hanover,NH|Charlie|dist_city=327.7mi|dist_apt=321.9mi|gap=-33d|score=14.28 || 20250919_murfreesboro|2025-09-19|Murfreesboro,TN|Charlie|dist_city=646.5mi|dist_apt=643.6mi|gap=-27d|score=15.47"
2025-09-04,SU-BTT,KMOT,Minot International Airport,Minot,48.25032,-101.26887,1.14,1,2025-09-04T16:03:00.780000Z,2025-09-04T16:03:00.780000Z,airplanes-live,1,KNOWN_TRANSIT,none of note,yes - has customs facilities,US_CUSTOMS_PORT,,,,,,,,,20250905_seoul,2025-09-05,"Seoul, None",-1,5808.4,20251009_grand_forks,2025-10-09,"Grand Forks, ND",194.3,-35,20250911_woodland_park,2025-09-11,"Woodland Park, CO",Charlie,TPUSA_NO_KIRK,666.6,674.6,-7,8.999,KCOS,no,yes,OWENS-040,KNOWN,"20250911_woodland_park|2025-09-11|Woodland Park,CO|Charlie|dist_city=666.6mi|dist_apt=674.6mi|gap=-7d|score=9.00 || 20250910_orem|2025-09-10|Orem,UT|Charlie|dist_city=752.4mi|dist_apt=757.4mi|gap=-6d|score=9.52 || 20250918_fort_collins|2025-09-18|Fort Collins,CO|Charlie|dist_city=564.0mi|dist_apt=569.6mi|gap=-14d|score=10.31 || 20250922_minneapolis|2025-09-22|Minneapolis,MN|TPUSA|dist_city=442.2mi|dist_apt=447.3mi|gap=-18d|score=10.42 || 20251009_grand_forks|2025-10-09|Grand Forks,ND|TPUSA|dist_city=194.3mi|dist_apt=190.0mi|gap=-35d|score=13.61"
2025-09-04,SU-BTT,KPVU,Provo Municipal Airport,Provo,40.22742,-111.72738,1.04,258,2025-09-04T18:45:52.400000Z,2025-09-04T18:54:07.470000Z,adsb-lol;airplanes-live,2,DISTANT,"Duncan Aviation (full-service airframe, engine, avionics, paint, interior)",no - not a routine international port of entry,MRO,,,,,,,,,20250905_seoul,2025-09-05,"Seoul, None",-1,5903.8,20250910_orem,2025-09-10,"Orem, UT",5.1,-6,20250910_orem,2025-09-10,"Orem, UT",Charlie,CHARLIE_ONLY,5.1,0.6,-6,2.051,KPVU,yes,yes,OWENS-040,KNOWN,"20250910_orem|2025-09-10|Orem,UT|Charlie|dist_city=5.1mi|dist_apt=0.6mi|gap=-6d|score=2.05 || 20250911_woodland_park|2025-09-11|Woodland Park,CO|Charlie|dist_city=364.9mi|dist_apt=387.1mi|gap=-7d|score=5.98 || 20250918_fort_collins|2025-09-18|Fort Collins,CO|Charlie|dist_city=351.2mi|dist_apt=354.0mi|gap=-14d|score=8.18 || 20250930_logan|2025-09-30|Logan,UT|TPUSA|dist_city=104.7mi|dist_apt=108.2mi|gap=-26d|score=9.71 || 20250921_glendale|2025-09-21|Glendale,AZ|Erika|dist_city=463.2mi|dist_apt=464.0mi|gap=-17d|score=10.30"
2025-09-05,SU-BND,KPVU,Provo Municipal Airport,Provo,40.23021,-111.73225,1.51,467,2025-09-05T18:05:32.410000Z,2025-09-05T23:49:20.640000Z,adsb-lol;airplanes-live,6,DISTANT,"Duncan Aviation (full-service airframe, engine, avionics, paint, interior)",no - not a routine international port of entry,MRO,,,,,,,,,20250905_seoul,2025-09-05,"Seoul, None",+0,5903.5,20250910_orem,2025-09-10,"Orem, UT",5.0,-5,20250910_orem,2025-09-10,"Orem, UT",Charlie,CHARLIE_ONLY,5.0,0.9,-5,1.717,KPVU,yes,no,,NEW,"20250910_orem|2025-09-10|Orem,UT|Charlie|dist_city=5.0mi|dist_apt=0.9mi|gap=-5d|score=1.72 || 20250911_woodland_park|2025-09-11|Woodland Park,CO|Charlie|dist_city=365.2mi|dist_apt=387.4mi|gap=-6d|score=5.65 || 20250918_fort_collins|2025-09-18|Fort Collins,CO|Charlie|dist_city=351.5mi|dist_apt=354.2mi|gap=-13d|score=7.85 || 20250930_logan|2025-09-30|Logan,UT|TPUSA|dist_city=104.5mi|dist_apt=108.0mi|gap=-25d|score=9.38 || 20250921_glendale|2025-09-21|Glendale,AZ|Erika|dist_city=463.4mi|dist_apt=464.2mi|gap=-16d|score=9.97"
2025-09-06,SU-BND,KPVU,Provo Municipal Airport,Provo,40.22983,-111.72768,1.29,278,2025-09-06T19:18:00.990000Z,2025-09-06T20:02:38.090000Z,adsb-lol;airplanes-live,2,DISTANT,"Duncan Aviation (full-service airframe, engine, avionics, paint, interior)",no - not a routine international port of entry,MRO,,,,,,,,,20250905_seoul,2025-09-05,"Seoul, None",+0,5903.6,20250910_orem,2025-09-10,"Orem, UT",4.9,-4,20250910_orem,2025-09-10,"Orem, UT",Charlie,CHARLIE_ONLY,4.9,0.8,-4,1.383,KPVU,yes,no,,NEW,"20250910_orem|2025-09-10|Orem,UT|Charlie|dist_city=4.9mi|dist_apt=0.8mi|gap=-4d|score=1.38 || 20250911_woodland_park|2025-09-11|Woodland Park,CO|Charlie|dist_city=364.9mi|dist_apt=387.1mi|gap=-5d|score=5.32 || 20250918_fort_collins|2025-09-18|Fort Collins,CO|Charlie|dist_city=351.2mi|dist_apt=354.0mi|gap=-12d|score=7.51 || 20250930_logan|2025-09-30|Logan,UT|TPUSA|dist_city=104.5mi|dist_apt=108.1mi|gap=-24d|score=9.05 || 20250921_glendale|2025-09-21|Glendale,AZ|Erika|dist_city=463.4mi|dist_apt=464.2mi|gap=-15d|score=9.63"
2025-09-07,SU-BND,KPVU,Provo Municipal Airport,Provo,40.22983,-111.72768,1.29,450,2025-09-07T16:31:39.470000Z,2025-09-07T18:13:37.800000Z,adsb-lol;airplanes-live,2,SAME_AIRPORT,"Duncan Aviation (full-service airframe, engine, avionics, paint, interior)",no - not a routine international port of entry,MRO,20250910_orem,2025-09-10,"Orem, UT",Charlie,KPVU,4.9,0.8,-3,20250907_tokyo,2025-09-07,"Tokyo, None",+0,5505.1,20250910_orem,2025-09-10,"Orem, UT",4.9,-3,20250910_orem,2025-09-10,"Orem, UT",Charlie,CHARLIE_ONLY,4.9,0.8,-3,1.049,KPVU,yes,no,,NEW,"20250910_orem|2025-09-10|Orem,UT|Charlie|dist_city=4.9mi|dist_apt=0.8mi|gap=-3d|score=1.05 || 20250911_woodland_park|2025-09-11|Woodland Park,CO|Charlie|dist_city=364.9mi|dist_apt=387.1mi|gap=-4d|score=4.98 || 20250918_fort_collins|2025-09-18|Fort Collins,CO|Charlie|dist_city=351.2mi|dist_apt=354.0mi|gap=-11d|score=7.18 || 20250930_logan|2025-09-30|Logan,UT|TPUSA|dist_city=104.5mi|dist_apt=108.1mi|gap=-23d|score=8.71 || 20250921_glendale|2025-09-21|Glendale,AZ|Erika|dist_city=463.4mi|dist_apt=464.2mi|gap=-14d|score=9.30"
2025-09-08,SU-BND,KPVU,Provo Municipal Airport,Provo,40.22982,-111.72768,1.29,350,2025-09-08T18:49:05.260000Z,2025-09-08T20:08:45.400000Z,adsb-lol;airplanes-live,2,SAME_AIRPORT,"Duncan Aviation (full-service airframe, engine, avionics, paint, interior)",no - not a routine international port of entry,MRO,20250910_orem,2025-09-10,"Orem, UT",Charlie,KPVU,4.9,0.8,-2,20250907_tokyo,2025-09-07,"Tokyo, None",+1,5505.1,20250910_orem,2025-09-10,"Orem, UT",4.9,-2,20250910_orem,2025-09-10,"Orem, UT",Charlie,CHARLIE_ONLY,4.9,0.8,-2,0.716,KPVU,yes,no,,NEW,"20250910_orem|2025-09-10|Orem,UT|Charlie|dist_city=4.9mi|dist_apt=0.8mi|gap=-2d|score=0.72 || 20250911_woodland_park|2025-09-11|Woodland Park,CO|Charlie|dist_city=364.9mi|dist_apt=387.1mi|gap=-3d|score=4.65 || 20250918_fort_collins|2025-09-18|Fort Collins,CO|Charlie|dist_city=351.2mi|dist_apt=354.0mi|gap=-10d|score=6.85 || 20250930_logan|2025-09-30|Logan,UT|TPUSA|dist_city=104.5mi|dist_apt=108.1mi|gap=-22d|score=8.38 || 20250921_glendale|2025-09-21|Glendale,AZ|Erika|dist_city=463.4mi|dist_apt=464.2mi|gap=-13d|score=8.97"
2025-09-09,SU-BND,KPVU,Provo Municipal Airport,Provo,40.22982,-111.72768,1.29,510,2025-09-09T20:03:30.650000Z,2025-09-09T20:38:55.450000Z,adsb-lol;airplanes-live,4,SAME_AIRPORT,"Duncan Aviation (full-service airframe, engine, avionics, paint, interior)",no - not a routine international port of entry,MRO,20250910_orem,2025-09-10,"Orem, UT",Charlie,KPVU,4.9,0.8,-1,20250910_orem,2025-09-10,"Orem, UT",-1,4.9,20250910_orem,2025-09-10,"Orem, UT",4.9,-1,20250910_orem,2025-09-10,"Orem, UT",Charlie,CHARLIE_ONLY,4.9,0.8,-1,0.383,KPVU,yes,no,,NEW,"20250910_orem|2025-09-10|Orem,UT|Charlie|dist_city=4.9mi|dist_apt=0.8mi|gap=-1d|score=0.38 || 20250911_woodland_park|2025-09-11|Woodland Park,CO|Charlie|dist_city=364.9mi|dist_apt=387.1mi|gap=-2d|score=4.32 || 20250918_fort_collins|2025-09-18|Fort Collins,CO|Charlie|dist_city=351.2mi|dist_apt=354.0mi|gap=-9d|score=6.51 || 20250930_logan|2025-09-30|Logan,UT|TPUSA|dist_city=104.5mi|dist_apt=108.1mi|gap=-21d|score=8.05 || 20250921_glendale|2025-09-21|Glendale,AZ|Erika|dist_city=463.4mi|dist_apt=464.2mi|gap=-12d|score=8.63"
2025-09-10,SU-BND,KPVU,Provo Municipal Airport,Provo,40.22982,-111.72769,1.29,583,2025-09-10T16:05:35.760000Z,2025-09-10T20:29:38.710000Z,adsb-lol;airplanes-live,4,SAME_AIRPORT,"Duncan Aviation (full-service airframe, engine, avionics, paint, interior)",no - not a routine international port of entry,MRO,20250910_orem,2025-09-10,"Orem, UT",Charlie,KPVU,4.9,0.8,+0,20250910_orem,2025-09-10,"Orem, UT",+0,4.9,20250910_orem,2025-09-10,"Orem, UT",4.9,+0,20250910_orem,2025-09-10,"Orem, UT",Charlie,CHARLIE_ONLY,4.9,0.8,+0,0.049,KPVU,yes,yes,EXTRA-006,KNOWN,"20250910_orem|2025-09-10|Orem,UT|Charlie|dist_city=4.9mi|dist_apt=0.8mi|gap=+0d|score=0.05 || 20250911_woodland_park|2025-09-11|Woodland Park,CO|Charlie|dist_city=364.9mi|dist_apt=387.1mi|gap=-1d|score=3.98 || 20250918_fort_collins|2025-09-18|Fort Collins,CO|Charlie|dist_city=351.2mi|dist_apt=354.0mi|gap=-8d|score=6.18 || 20250930_logan|2025-09-30|Logan,UT|TPUSA|dist_city=104.5mi|dist_apt=108.1mi|gap=-20d|score=7.71 || 20250921_glendale|2025-09-21|Glendale,AZ|Erika|dist_city=463.4mi|dist_apt=464.2mi|gap=-11d|score=8.30"
2025-09-10,SU-BTT,KPVU,Provo Municipal Airport,Provo,40.22999,-111.72913,1.36,125,2025-09-10T13:07:53.650000Z,2025-09-10T13:13:16.090000Z,adsb-lol;airplanes-live,2,SAME_AIRPORT,"Duncan Aviation (full-service airframe, engine, avionics, paint, interior)",no - not a routine international port of entry,MRO,20250910_orem,2025-09-10,"Orem, UT",Charlie,KPVU,5.0,0.8,+0,20250910_orem,2025-09-10,"Orem, UT",+0,5.0,20250910_orem,2025-09-10,"Orem, UT",5.0,+0,20250910_orem,2025-09-10,"Orem, UT",Charlie,CHARLIE_ONLY,5.0,0.8,+0,0.05,KPVU,yes,yes,OWENS-041;SITE-005,KNOWN,"20250910_orem|2025-09-10|Orem,UT|Charlie|dist_city=5.0mi|dist_apt=0.8mi|gap=+0d|score=0.05 || 20250911_woodland_park|2025-09-11|Woodland Park,CO|Charlie|dist_city=365.0mi|dist_apt=387.2mi|gap=-1d|score=3.98 || 20250918_fort_collins|2025-09-18|Fort Collins,CO|Charlie|dist_city=351.3mi|dist_apt=354.0mi|gap=-8d|score=6.18 || 20250930_logan|2025-09-30|Logan,UT|TPUSA|dist_city=104.5mi|dist_apt=108.1mi|gap=-20d|score=7.71 || 20250921_glendale|2025-09-21|Glendale,AZ|Erika|dist_city=463.4mi|dist_apt=464.2mi|gap=-11d|score=8.30"
2025-09-11,SU-BTT,KILG,Wilmington Airport,Wilmington,39.67057,-75.60369,0.94,4,2025-09-11T11:55:35.470000Z,2025-09-11T11:55:36.850000Z,adsb-lol;airplanes-live,2,KNOWN_TRANSIT,none of note,yes - well-established East Coast customs and fuel stop,US_CUSTOMS_PORT,,,,,,,,,20250911_woodland_park,2025-09-11,"Woodland Park, CO",+0,1567.7,20221003_newark,2022-10-03,"Newark, DE",8.2,+1074,20250924_blacksburg,2025-09-24,"Blacksburg, VA",TPUSA,TPUSA_NO_KIRK,310.6,310.7,-13,7.439,KBCB,no,no,,NEW,"20250924_blacksburg|2025-09-24|Blacksburg,VA|TPUSA|dist_city=310.6mi|dist_apt=310.7mi|gap=-13d|score=7.44 || 20250925_hanover|2025-09-25|Hanover,NH|Charlie|dist_city=327.8mi|dist_apt=322.0mi|gap=-14d|score=7.94 || 20250919_murfreesboro|2025-09-19|Murfreesboro,TN|Charlie|dist_city=646.5mi|dist_apt=643.6mi|gap=-8d|score=9.13 || 20250821_north_myrtle_beach|2025-08-21|North Myrtle Beach,SC|Charlie|dist_city=438.9mi|dist_apt=440.1mi|gap=+21d|score=11.39 || 20250922_minneapolis|2025-09-22|Minneapolis,MN|TPUSA|dist_city=971.2mi|dist_apt=967.5mi|gap=-11d|score=13.38"
2025-09-12,SU-BND,KPVU,Provo Municipal Airport,Provo,40.22969,-111.72791,1.29,1268,2025-09-12T13:37:35.890000Z,2025-09-12T22:17:03.880000Z,adsb-lol;airplanes-live,6,SAME_AIRPORT,"Duncan Aviation (full-service airframe, engine, avionics, paint, interior)",no - not a routine international port of entry,MRO,20250910_orem,2025-09-10,"Orem, UT",Charlie,KPVU,5.0,0.8,+2,20250911_woodland_park,2025-09-11,"Woodland Park, CO",+1,364.9,20250910_orem,2025-09-10,"Orem, UT",5.0,+2,20250910_orem,2025-09-10,"Orem, UT",Charlie,CHARLIE_ONLY,5.0,0.8,+2,0.716,KPVU,yes,no,,NEW,"20250910_orem|2025-09-10|Orem,UT|Charlie|dist_city=5.0mi|dist_apt=0.8mi|gap=+2d|score=0.72 || 20250911_woodland_park|2025-09-11|Woodland Park,CO|Charlie|dist_city=364.9mi|dist_apt=387.1mi|gap=+1d|score=3.98 || 20250918_fort_collins|2025-09-18|Fort Collins,CO|Charlie|dist_city=351.3mi|dist_apt=354.0mi|gap=-6d|score=5.51 || 20250930_logan|2025-09-30|Logan,UT|TPUSA|dist_city=104.5mi|dist_apt=108.1mi|gap=-18d|score=7.05 || 20250921_glendale|2025-09-21|Glendale,AZ|Erika|dist_city=463.4mi|dist_apt=464.2mi|gap=-9d|score=7.63"
2025-10-02,T7-ELL,KIAD,Washington Dulles International Airport,Dulles,38.96159,-77.45752,1.91,588,2025-10-02T00:32:52.950000Z,2025-10-02T00:40:16.640000Z,adsb-lol;airplanes-live,4,DISTANT,,,NOT_IN_airports_csv,,,,,,,,,20250930_logan,2025-09-30,"Logan, UT",+2,1808.6,20250119_washington,2025-01-19,"Washington, DC",24.0,+255,20250924_blacksburg,2025-09-24,"Blacksburg, VA",TPUSA,TPUSA_NO_KIRK,200.9,201.1,+8,4.675,KBCB,no,no,,NEW,"20250924_blacksburg|2025-09-24|Blacksburg,VA|TPUSA|dist_city=200.9mi|dist_apt=201.1mi|gap=+8d|score=4.68 || 20250925_hanover|2025-09-25|Hanover,NH|Charlie|dist_city=424.1mi|dist_apt=418.7mi|gap=+7d|score=6.57 || 20250919_murfreesboro|2025-09-19|Murfreesboro,TN|Charlie|dist_city=536.5mi|dist_apt=533.5mi|gap=+12d|score=9.36 || 20251021_bloomington|2025-10-21|Bloomington,IN|TPUSA|dist_city=486.4mi|dist_apt=491.4mi|gap=-19d|score=11.20 || 20250922_minneapolis|2025-09-22|Minneapolis,MN|TPUSA|dist_city=909.9mi|dist_apt=905.6mi|gap=+10d|score=12.43"
2025-10-10,T7-ELL,KIAD,Washington Dulles International Airport,Dulles,38.94479,-77.45598,0.04,408,2025-10-10T17:22:22.450000Z,2025-10-10T18:15:07.530000Z,adsb-lol;airplanes-live,2,DISTANT,,,NOT_IN_airports_csv,,,,,,,,,20251009_grand_forks,2025-10-09,"Grand Forks, ND",+1,1158.8,20250119_washington,2025-01-19,"Washington, DC",23.8,+263,20250924_blacksburg,2025-09-24,"Blacksburg, VA",TPUSA,TPUSA_NO_KIRK,200.3,200.4,+16,7.336,KBCB,no,no,,NEW,"20250924_blacksburg|2025-09-24|Blacksburg,VA|TPUSA|dist_city=200.3mi|dist_apt=200.4mi|gap=+16d|score=7.34 || 20251021_bloomington|2025-10-21|Bloomington,IN|TPUSA|dist_city=486.6mi|dist_apt=491.6mi|gap=-11d|score=8.53 || 20250925_hanover|2025-09-25|Hanover,NH|Charlie|dist_city=425.0mi|dist_apt=419.5mi|gap=+15d|score=9.25 || 20251009_grand_forks|2025-10-09|Grand Forks,ND|TPUSA|dist_city=1158.8mi|dist_apt=1163.4mi|gap=+1d|score=11.92 || 20250919_murfreesboro|2025-09-19|Murfreesboro,TN|Charlie|dist_city=536.1mi|dist_apt=533.2mi|gap=+20d|score=12.03"
2025-10-10,T7-ELL,KORD,Chicago O'Hare International Airport,Chicago,41.96841,-87.92666,2.13,225,2025-10-10T22:36:31.810000Z,2025-10-10T22:45:31.910000Z,adsb-lol;airplanes-live,2,KNOWN_TRANSIT,UNKNOWN,yes,US_CUSTOMS_PORT,,,,,,,,,20251009_grand_forks,2025-10-09,"Grand Forks, ND",+1,607.3,20230617_deerfield,2023-06-17,"Deerfield, IL",14.2,+844,20251021_bloomington,2025-10-21,"Bloomington, IN",TPUSA,TPUSA_NO_KIRK,207.3,206.8,-11,5.74,KBMG,no,no,,NEW,"20251021_bloomington|2025-10-21|Bloomington,IN|TPUSA|dist_city=207.3mi|dist_apt=206.8mi|gap=-11d|score=5.74 || 20251009_grand_forks|2025-10-09|Grand Forks,ND|TPUSA|dist_city=607.3mi|dist_apt=611.8mi|gap=+1d|score=6.41 || 20251016_norman|2025-10-16|Norman,OK|TPUSA|dist_city=688.2mi|dist_apt=693.0mi|gap=-6d|score=8.88 || 20250922_minneapolis|2025-09-22|Minneapolis,MN|TPUSA|dist_city=338.4mi|dist_apt=333.2mi|gap=+18d|score=9.38 || 20250924_blacksburg|2025-09-24|Blacksburg,VA|TPUSA|dist_city=515.9mi|dist_apt=517.8mi|gap=+16d|score=10.49"
2025-10-11,SU-BTV,KILG,Wilmington Airport,Wilmington,39.67348,-75.60165,0.71,10,2025-10-11T15:09:53.720000Z,2025-10-11T15:10:32.740000Z,adsb-lol;airplanes-live,2,KNOWN_TRANSIT,none of note,yes - well-established East Coast customs and fuel stop,US_CUSTOMS_PORT,,,,,,,,,20251009_grand_forks,2025-10-09,"Grand Forks, ND",+2,1207.8,20221003_newark,2022-10-03,"Newark, DE",8.3,+1104,20250925_hanover,2025-09-25,"Hanover, NH",Charlie,TPUSA_NO_KIRK,327.6,321.8,+16,8.609,KLEB,no,no,,NEW,"20250925_hanover|2025-09-25|Hanover,NH|Charlie|dist_city=327.6mi|dist_apt=321.8mi|gap=+16d|score=8.61 || 20250924_blacksburg|2025-09-24|Blacksburg,VA|TPUSA|dist_city=310.8mi|dist_apt=310.9mi|gap=+17d|score=8.77 || 20251021_bloomington|2025-10-21|Bloomington,IN|TPUSA|dist_city=583.7mi|dist_apt=588.8mi|gap=-10d|score=9.17 || 20251009_grand_forks|2025-10-09|Grand Forks,ND|TPUSA|dist_city=1207.8mi|dist_apt=1212.4mi|gap=+2d|score=12.75 || 20250919_murfreesboro|2025-09-19|Murfreesboro,TN|Charlie|dist_city=646.6mi|dist_apt=643.7mi|gap=+21d|score=13.47"
2025-10-11,T7-ELL,KORD,Chicago O'Hare International Airport,Chicago,41.98393,-87.91879,1.3,7,2025-10-11T19:48:03.720000Z,2025-10-11T19:48:06.850000Z,adsb-lol;airplanes-live,2,KNOWN_TRANSIT,UNKNOWN,yes,US_CUSTOMS_PORT,,,,,,,,,20251009_grand_forks,2025-10-09,"Grand Forks, ND",+2,606.8,20230617_deerfield,2023-06-17,"Deerfield, IL",13.0,+845,20251021_bloomington,2025-10-21,"Bloomington, IN",TPUSA,TPUSA_NO_KIRK,208.1,207.6,-10,5.415,KBMG,no,no,,NEW,"20251021_bloomington|2025-10-21|Bloomington,IN|TPUSA|dist_city=208.1mi|dist_apt=207.6mi|gap=-10d|score=5.41 || 20251009_grand_forks|2025-10-09|Grand Forks,ND|TPUSA|dist_city=606.8mi|dist_apt=611.3mi|gap=+2d|score=6.74 || 20251016_norman|2025-10-16|Norman,OK|TPUSA|dist_city=689.2mi|dist_apt=694.0mi|gap=-5d|score=8.56 || 20250922_minneapolis|2025-09-22|Minneapolis,MN|TPUSA|dist_city=338.0mi|dist_apt=332.8mi|gap=+19d|score=9.71 || 20250924_blacksburg|2025-09-24|Blacksburg,VA|TPUSA|dist_city=516.2mi|dist_apt=518.1mi|gap=+17d|score=10.83"
2025-10-12,SU-BTV,KILG,Wilmington Airport,Wilmington,39.67177,-75.60354,0.81,1,2025-10-12T11:57:39.040000Z,2025-10-12T11:57:39.040000Z,airplanes-live,1,KNOWN_TRANSIT,none of note,yes - well-established East Coast customs and fuel stop,US_CUSTOMS_PORT,,,,,,,,,20251009_grand_forks,2025-10-09,"Grand Forks, ND",+3,1207.8,20221003_newark,2022-10-03,"Newark, DE",8.2,+1105,20251021_bloomington,2025-10-21,"Bloomington, IN",TPUSA,TPUSA_NO_KIRK,583.6,588.7,-9,8.836,KBMG,no,no,,NEW,"20251021_bloomington|2025-10-21|Bloomington,IN|TPUSA|dist_city=583.6mi|dist_apt=588.7mi|gap=-9d|score=8.84 || 20250925_hanover|2025-09-25|Hanover,NH|Charlie|dist_city=327.7mi|dist_apt=321.9mi|gap=+17d|score=8.94 || 20250924_blacksburg|2025-09-24|Blacksburg,VA|TPUSA|dist_city=310.6mi|dist_apt=310.7mi|gap=+18d|score=9.11 || 20251009_grand_forks|2025-10-09|Grand Forks,ND|TPUSA|dist_city=1207.8mi|dist_apt=1212.4mi|gap=+3d|score=13.08 || 20251016_norman|2025-10-16|Norman,OK|TPUSA|dist_city=1227.8mi|dist_apt=1234.3mi|gap=-4d|score=13.61"
2026-05-02,T7-ELL,MMUN,Cancún International Airport,Cancún,21.03947,-86.86368,1.03,65,2026-05-02T17:31:30.490000Z,2026-05-02T21:33:49.470000Z,airplanes-live,2,DISTANT,,,NOT_IN_airports_csv,,,,,,,,,20251029_oxford,2025-10-29,"Oxford, MS",+185,934.1,20250710_tampa,2025-07-10,"Tampa, FL",552.4,+293,20251027_baton_rouge,2025-10-27,"Baton Rouge, LA",TPUSA,TPUSA_NO_KIRK,701.6,707.9,+187,69.349,KBTR,no,no,,NEW,"20251027_baton_rouge|2025-10-27|Baton Rouge,LA|TPUSA|dist_city=701.6mi|dist_apt=707.9mi|gap=+187d|score=69.35 || 20251029_oxford|2025-10-29|Oxford,MS|TPUSA|dist_city=934.1mi|dist_apt=936.3mi|gap=+185d|score=71.01 || 20251021_bloomington|2025-10-21|Bloomington,IN|TPUSA|dist_city=1252.4mi|dist_apt=1251.1mi|gap=+193d|score=76.86 || 20251016_norman|2025-10-16|Norman,OK|TPUSA|dist_city=1168.9mi|dist_apt=1173.4mi|gap=+198d|score=77.69 || 20250919_murfreesboro|2025-09-19|Murfreesboro,TN|Charlie|dist_city=1023.9mi|dist_apt=1025.6mi|gap=+224d|score=84.91"
2026-05-13,SU-BND,KPVU,Provo Municipal Airport,Provo,40.22968,-111.72755,1.27,42,2026-05-13T23:12:54.180000Z,2026-05-13T23:59:05.070000Z,airplanes-live,1,DISTANT,"Duncan Aviation (full-service airframe, engine, avionics, paint, interior)",no - not a routine international port of entry,MRO,,,,,,,,,20251029_oxford,2025-10-29,"Oxford, MS",+196,1281.6,20250910_orem,2025-09-10,"Orem, UT",5.0,+245,20250930_logan,2025-09-30,"Logan, UT",TPUSA,TPUSA_NO_KIRK,104.5,108.1,+225,76.045,KLGU,no,no,,NEW,"20250930_logan|2025-09-30|Logan,UT|TPUSA|dist_city=104.5mi|dist_apt=108.1mi|gap=+225d|score=76.05 || 20251007_bozeman|2025-10-07|Bozeman,MT|TPUSA|dist_city=378.3mi|dist_apt=384.5mi|gap=+218d|score=76.45 || 20251029_oxford|2025-10-29|Oxford,MS|TPUSA|dist_city=1281.6mi|dist_apt=1280.6mi|gap=+196d|score=78.15 || 20251016_norman|2025-10-16|Norman,OK|TPUSA|dist_city=856.8mi|dist_apt=850.3mi|gap=+209d|score=78.23 || 20251027_baton_rouge|2025-10-27|Baton Rouge,LA|TPUSA|dist_city=1338.6mi|dist_apt=1334.0mi|gap=+198d|score=79.39"
2026-05-14,SU-BND,KPVU,Provo Municipal Airport,Provo,40.22968,-111.72755,1.28,1,2026-05-14T00:00:14.870000Z,2026-05-14T00:00:14.870000Z,airplanes-live,1,DISTANT,"Duncan Aviation (full-service airframe, engine, avionics, paint, interior)",no - not a routine international port of entry,MRO,,,,,,,,,20251029_oxford,2025-10-29,"Oxford, MS",+197,1281.6,20250910_orem,2025-09-10,"Orem, UT",5.0,+246,20250930_logan,2025-09-30,"Logan, UT",TPUSA,TPUSA_NO_KIRK,104.5,108.1,+226,76.379,KLGU,no,no,,NEW,"20250930_logan|2025-09-30|Logan,UT|TPUSA|dist_city=104.5mi|dist_apt=108.1mi|gap=+226d|score=76.38 || 20251007_bozeman|2025-10-07|Bozeman,MT|TPUSA|dist_city=378.3mi|dist_apt=384.5mi|gap=+219d|score=76.78 || 20251029_oxford|2025-10-29|Oxford,MS|TPUSA|dist_city=1281.6mi|dist_apt=1280.6mi|gap=+197d|score=78.48 || 20251016_norman|2025-10-16|Norman,OK|TPUSA|dist_city=856.8mi|dist_apt=850.3mi|gap=+210d|score=78.57 || 20251027_baton_rouge|2025-10-27|Baton Rouge,LA|TPUSA|dist_city=1338.6mi|dist_apt=1334.0mi|gap=+199d|score=79.72"
2026-05-20,SU-BND,KPVU,Provo Municipal Airport,Provo,40.20894,-111.72333,1.11,1019,2026-05-20T13:46:33.770000Z,2026-05-20T18:14:01.450000Z,airplanes-live,1,DISTANT,"Duncan Aviation (full-service airframe, engine, avionics, paint, interior)",no - not a routine international port of entry,MRO,,,,,,,,,20251029_oxford,2025-10-29,"Oxford, MS",+203,1281.1,20250910_orem,2025-09-10,"Orem, UT",6.3,+252,20250930_logan,2025-09-30,"Logan, UT",TPUSA,TPUSA_NO_KIRK,106.0,109.5,+232,78.393,KLGU,no,no,,NEW,"20250930_logan|2025-09-30|Logan,UT|TPUSA|dist_city=106.0mi|dist_apt=109.5mi|gap=+232d|score=78.39 || 20251007_bozeman|2025-10-07|Bozeman,MT|TPUSA|dist_city=379.7mi|dist_apt=385.9mi|gap=+225d|score=78.80 || 20251029_oxford|2025-10-29|Oxford,MS|TPUSA|dist_city=1281.1mi|dist_apt=1280.1mi|gap=+203d|score=80.48 || 20251016_norman|2025-10-16|Norman,OK|TPUSA|dist_city=856.1mi|dist_apt=849.6mi|gap=+216d|score=80.56 || 20251027_baton_rouge|2025-10-27|Baton Rouge,LA|TPUSA|dist_city=1337.8mi|dist_apt=1333.3mi|gap=+205d|score=81.71"
2026-06-02,SU-BND,KPVU,Provo Municipal Airport,Provo,40.2304,-111.73196,1.51,169,2026-06-02T17:04:34.080000Z,2026-06-02T18:23:59.040000Z,airplanes-live,2,DISTANT,"Duncan Aviation (full-service airframe, engine, avionics, paint, interior)",no - not a routine international port of entry,MRO,,,,,,,,,20251029_oxford,2025-10-29,"Oxford, MS",+216,1281.8,20250910_orem,2025-09-10,"Orem, UT",5.0,+265,20250930_logan,2025-09-30,"Logan, UT",TPUSA,TPUSA_NO_KIRK,104.5,108.0,+245,82.711,KLGU,no,no,,NEW,"20250930_logan|2025-09-30|Logan,UT|TPUSA|dist_city=104.5mi|dist_apt=108.0mi|gap=+245d|score=82.71 || 20251007_bozeman|2025-10-07|Bozeman,MT|TPUSA|dist_city=378.3mi|dist_apt=384.5mi|gap=+238d|score=83.12 || 20251029_oxford|2025-10-29|Oxford,MS|TPUSA|dist_city=1281.8mi|dist_apt=1280.8mi|gap=+216d|score=84.82 || 20251016_norman|2025-10-16|Norman,OK|TPUSA|dist_city=857.0mi|dist_apt=850.6mi|gap=+229d|score=84.90 || 20251027_baton_rouge|2025-10-27|Baton Rouge,LA|TPUSA|dist_city=1338.8mi|dist_apt=1334.3mi|gap=+218d|score=86.05"
2026-06-04,SU-BND,KPVU,Provo Municipal Airport,Provo,40.22725,-111.72828,1.05,168,2026-06-04T21:16:57.740000Z,2026-06-04T22:12:34.090000Z,airplanes-live,1,DISTANT,"Duncan Aviation (full-service airframe, engine, avionics, paint, interior)",no - not a routine international port of entry,MRO,,,,,,,,,20251029_oxford,2025-10-29,"Oxford, MS",+218,1281.6,20250910_orem,2025-09-10,"Orem, UT",5.1,+267,20250930_logan,2025-09-30,"Logan, UT",TPUSA,TPUSA_NO_KIRK,104.7,108.3,+247,83.38,KLGU,no,no,,NEW,"20250930_logan|2025-09-30|Logan,UT|TPUSA|dist_city=104.7mi|dist_apt=108.3mi|gap=+247d|score=83.38 || 20251007_bozeman|2025-10-07|Bozeman,MT|TPUSA|dist_city=378.5mi|dist_apt=384.7mi|gap=+240d|score=83.79 || 20251029_oxford|2025-10-29|Oxford,MS|TPUSA|dist_city=1281.6mi|dist_apt=1280.6mi|gap=+218d|score=85.48 || 20251016_norman|2025-10-16|Norman,OK|TPUSA|dist_city=856.8mi|dist_apt=850.3mi|gap=+231d|score=85.57 || 20251027_baton_rouge|2025-10-27|Baton Rouge,LA|TPUSA|dist_city=1338.6mi|dist_apt=1334.0mi|gap=+220d|score=86.72"
