tail,day,year,era,airport,airport_name,is_kilg,lat,lon,first,last,gpts,sources,match_class,w2_in_radius,w2_mi,w2_gap,w2_event,w2_arr,w2_city,w2_state,w2_class,w2_charlie,w2_erika,w2_certainty,na_events_within_0d,w0_mi,w0_gap,w0_event,na_events_within_1d,w1_mi,w1_gap,w1_event,na_events_within_2d,w2_mi,w2_gap,w2_event,na_events_within_3d,w3_mi,w3_gap,w3_event,na_events_within_7d,w7_mi,w7_gap,w7_event
T7-ELL,2022-02-01,2022,BEFORE_DEATH,KTUS,Tucson International Airport,no,32.11632,-110.94379,2022-02-01T00:31:19.700000Z,2022-02-01T00:38:19.300000Z,49,adsbexchange-samples,NO_NA_EVENT_WITHIN_2D,,,,,,,,,,,,0,,,,0,,,,0,,,,0,,,,0,,,
SU-BTT,2022-06-01,2022,BEFORE_DEATH,KILG,Wilmington Airport,yes,39.67459,-75.60039,2022-06-01T00:00:00Z,2022-06-01T00:01:25.400000Z,9,adsbexchange-samples,FAR_GT250MI,no,1279.3,1,20220602_grapevine,KDFW,Grapevine,TX,CHARLIE_ONLY,yes,not_documented,EVENT_DATE,0,,,,1,1279.3,1,20220602_grapevine,1,1279.3,1,20220602_grapevine,1,1279.3,1,20220602_grapevine,1,1279.3,1,20220602_grapevine
T7-ELL,2022-08-01,2022,BEFORE_DEATH,KLAX,Los Angeles International Airport,no,33.93585,-118.38771,2022-08-01T00:08:18.570000Z,2022-08-01T00:14:08.500000Z,73,adsbexchange-samples,NO_NA_EVENT_WITHIN_2D,,,,,,,,,,,,0,,,,0,,,,0,,,,0,,,,0,,,
T7-ELL,2022-08-01,2022,BEFORE_DEATH,KTUS,Tucson International Airport,no,32.11634,-110.94521,2022-08-01T01:36:39.570000Z,2022-08-01T01:41:41.010000Z,86,adsbexchange-samples,NO_NA_EVENT_WITHIN_2D,,,,,,,,,,,,0,,,,0,,,,0,,,,0,,,,0,,,
SU-BTT,2022-09-01,2022,BEFORE_DEATH,KICT,Wichita Dwight D. Eisenhower National Airport,no,37.65583,-97.42283,2022-09-01T16:33:26.990000Z,2022-09-01T16:59:21.900000Z,159,adsbexchange-samples,NO_NA_EVENT_WITHIN_2D,,,,,,,,,,,,0,,,,0,,,,0,,,,0,,,,0,,,
T7-ELL,2022-09-01,2022,BEFORE_DEATH,KLAX,Los Angeles International Airport,no,33.93576,-118.38702,2022-09-01T02:08:02.330000Z,2022-09-01T02:16:34.620000Z,90,adsbexchange-samples,NO_NA_EVENT_WITHIN_2D,,,,,,,,,,,,0,,,,0,,,,0,,,,0,,,,0,,,
SU-BTT,2023-03-02,2023,BEFORE_DEATH,KILG,Wilmington Airport,yes,39.67353,-75.60168,2023-03-02T15:34:06.270000Z,2023-03-02T15:34:27.830000Z,2,"adsb-lol,airplanes-live",FAR_GT250MI,no,2435.3,1,20230301_santa_barbara,KSBA,Santa Barbara,CA,CHARLIE_ONLY,yes,not_documented,EVENT_DATE,0,,,,1,2435.3,1,20230301_santa_barbara,1,2435.3,1,20230301_santa_barbara,1,2435.3,1,20230301_santa_barbara,3,490.4,6,20230308_lexington
SU-BTU,2023-03-13,2023,BEFORE_DEATH,KILG,Wilmington Airport,yes,39.67472,-75.60173,2023-03-13T16:34:51.760000Z,2023-03-13T16:40:08.120000Z,4,"adsb-lol,airplanes-live",FAR_GT250MI,no,2446.8,1,20230314_davis,KSMF,Davis,CA,CHARLIE_ONLY,yes,not_documented,EVENT_DATE,0,,,,1,2446.8,1,20230314_davis,1,2446.8,1,20230314_davis,1,2446.8,1,20230314_davis,3,490.4,5,20230308_lexington
T7-ELL,2023-03-29,2023,BEFORE_DEATH,KLAX,Los Angeles International Airport,no,33.93542,-118.39812,2023-03-29T03:41:22.910000Z,2023-03-29T03:43:35.610000Z,9,airplanes-live,FAR_GT250MI,no,1215.3,2,20230327_fort_worth,KFTW,Fort Worth,TX,CHARLIE_ONLY,yes,not_documented,EVENT_DATE,0,,,,0,,,,1,1215.3,2,20230327_fort_worth,1,1215.3,2,20230327_fort_worth,3,1215.3,2,20230327_fort_worth
SU-BTT,2023-04-20,2023,BEFORE_DEATH,KILG,Wilmington Airport,yes,39.67448,-75.6018,2023-04-20T17:04:07.390000Z,2023-04-20T17:04:30.200000Z,2,"adsb-lol,airplanes-live",NO_NA_EVENT_WITHIN_2D,,,,,,,,,,,,0,,,,0,,,,0,,,,1,1072.2,3,20230423_topeka,1,1072.2,3,20230423_topeka
SU-BTT,2023-04-21,2023,BEFORE_DEATH,KILG,Wilmington Airport,yes,39.67191,-75.60353,2023-04-21T11:58:55.880000Z,2023-04-21T11:59:08.940000Z,3,airplanes-live,FAR_GT250MI,no,1072.1,2,20230423_topeka,KFOE,Topeka,KS,TPUSA_NO_KIRK,no,no,EVENT_DATE,0,,,,0,,,,1,1072.1,2,20230423_topeka,1,1072.1,2,20230423_topeka,1,1072.1,2,20230423_topeka
SU-BTU,2023-05-01,2023,BEFORE_DEATH,KBGR,Bangor International Airport,no,44.80578,-68.82145,2023-05-01T17:49:35.070000Z,2023-05-01T17:53:54.720000Z,49,adsbexchange-samples,FAR_GT250MI,no,1117.0,0,20230500_nashville,KBNA,Nashville,TN,CHARLIE_ONLY,yes,not_documented,EVENT_DATE,2,1117.0,0,20230500_nashville,2,1117.0,0,20230500_nashville,2,1117.0,0,20230500_nashville,2,1117.0,0,20230500_nashville,2,1117.0,0,20230500_nashville
SU-BTU,2023-05-01,2023,BEFORE_DEATH,KBGR,Bangor International Airport,no,44.81602,-68.83497,2023-05-01T18:40:30.590000Z,2023-05-01T18:45:23.570000Z,48,adsbexchange-samples,FAR_GT250MI,no,1116.7,0,20230500_nashville,KBNA,Nashville,TN,CHARLIE_ONLY,yes,not_documented,EVENT_DATE,2,1116.7,0,20230500_nashville,2,1116.7,0,20230500_nashville,2,1116.7,0,20230500_nashville,2,1116.7,0,20230500_nashville,2,1116.7,0,20230500_nashville
SU-BTU,2023-05-01,2023,BEFORE_DEATH,KBGR,Bangor International Airport,no,44.81985,-68.84128,2023-05-01T18:44:03.590000Z,2023-05-01T18:45:11.180000Z,20,"adsb-lol,airplanes-live",FAR_GT250MI,no,1116.6,0,20230500_nashville,KBNA,Nashville,TN,CHARLIE_ONLY,yes,not_documented,EVENT_DATE,2,1116.6,0,20230500_nashville,2,1116.6,0,20230500_nashville,2,1116.6,0,20230500_nashville,2,1116.6,0,20230500_nashville,2,1116.6,0,20230500_nashville
SU-BTU,2023-05-06,2023,BEFORE_DEATH,KILG,Wilmington Airport,yes,39.67422,-75.6016,2023-05-06T15:18:28.030000Z,2023-05-06T15:19:25.270000Z,4,"adsb-lol,airplanes-live",FAR_GT250MI,no,658.0,0,20230500_nashville,KBNA,Nashville,TN,CHARLIE_ONLY,yes,not_documented,EVENT_DATE,2,658.0,0,20230500_nashville,2,658.0,0,20230500_nashville,2,658.0,0,20230500_nashville,2,658.0,0,20230500_nashville,2,658.0,0,20230500_nashville
SU-BTU,2023-05-26,2023,BEFORE_DEATH,KILG,Wilmington Airport,yes,39.67348,-75.60111,2023-05-26T16:07:10.100000Z,2023-05-26T16:07:10.530000Z,2,adsb-lol,FAR_GT250MI,no,658.1,0,20230500_nashville,KBNA,Nashville,TN,CHARLIE_ONLY,yes,not_documented,EVENT_DATE,2,658.1,0,20230500_nashville,2,658.1,0,20230500_nashville,2,658.1,0,20230500_nashville,2,658.1,0,20230500_nashville,2,658.1,0,20230500_nashville
SU-BTU,2023-05-28,2023,BEFORE_DEATH,KILG,Wilmington Airport,yes,39.67043,-75.60371,2023-05-28T11:31:13.820000Z,2023-05-28T11:34:06.130000Z,8,"adsb-lol,airplanes-live",FAR_GT250MI,no,657.9,0,20230500_nashville,KBNA,Nashville,TN,CHARLIE_ONLY,yes,not_documented,EVENT_DATE,2,657.9,0,20230500_nashville,2,657.9,0,20230500_nashville,2,657.9,0,20230500_nashville,2,657.9,0,20230500_nashville,2,657.9,0,20230500_nashville
SU-BTU,2023-07-17,2023,BEFORE_DEATH,KILG,Wilmington Airport,yes,39.67601,-75.60164,2023-07-17T11:43:30Z,2023-07-17T11:45:37.520000Z,9,"adsb-lol,airplanes-live",FAR_GT250MI,no,930.6,1,20230715_west_palm_beach,KPBI,West Palm Beach,FL,CHARLIE_ONLY,yes,not_documented,EVENT_DATE,0,,,,1,930.6,1,20230715_west_palm_beach,1,930.6,1,20230715_west_palm_beach,2,930.6,1,20230715_west_palm_beach,2,930.6,1,20230715_west_palm_beach
T7-ELL,2023-09-01,2023,BEFORE_DEATH,KLAX,Los Angeles International Airport,no,33.93539,-118.39007,2023-09-01T14:41:22.200000Z,2023-09-01T14:46:54.220000Z,104,adsbexchange-samples,NO_NA_EVENT_WITHIN_2D,,,,,,,,,,,,0,,,,0,,,,0,,,,0,,,,1,1279.2,7,20230825_lincoln
T7-ELL,2023-09-01,2023,BEFORE_DEATH,KLAX,Los Angeles International Airport,no,33.93443,-118.39819,2023-09-01T19:02:07.790000Z,2023-09-01T19:05:13.940000Z,58,adsbexchange-samples,NO_NA_EVENT_WITHIN_2D,,,,,,,,,,,,0,,,,0,,,,0,,,,0,,,,1,1279.6,7,20230825_lincoln
SU-BTV,2023-09-26,2023,BEFORE_DEATH,KILG,Wilmington Airport,yes,39.67523,-75.60172,2023-09-26T11:52:31.670000Z,2023-09-26T11:52:55.360000Z,4,"adsb-lol,airplanes-live",FAR_GT250MI,no,2048.6,1,20230927_tempe,KPHX,Tempe,AZ,CHARLIE_ONLY,yes,not_documented,EVENT_DATE,0,,,,1,2048.6,1,20230927_tempe,1,2048.6,1,20230927_tempe,1,2048.6,1,20230927_tempe,3,1986.9,7,20230919_flagstaff
SU-BTU,2023-10-13,2023,BEFORE_DEATH,KILG,Wilmington Airport,yes,39.67341,-75.60164,2023-10-13T16:29:09.230000Z,2023-10-13T16:29:09.230000Z,1,"adsb-lol,airplanes-live",FAR_GT250MI,no,636.2,1,20231012_atlanta,KATL,Atlanta,GA,TPUSA_NO_KIRK,no,no,EVENT_DATE,0,,,,1,636.2,1,20231012_atlanta,1,636.2,1,20231012_atlanta,2,636.2,1,20231012_atlanta,4,636.2,1,20231012_atlanta
SU-BTT,2024-02-09,2024,BEFORE_DEATH,KLNK,Lincoln Airport,no,40.85203,-96.75084,2024-02-09T18:39:38.690000Z,2024-02-09T18:39:38.690000Z,1,airplanes-live,NO_NA_EVENT_WITHIN_2D,,,,,,,,,,,,0,,,,0,,,,0,,,,0,,,,1,1047.8,5,20240129_las_vegas
SU-BND,2024-04-19,2024,BEFORE_DEATH,KSLC,Salt Lake City International Airport,no,40.78333,-111.96075,2024-04-19T20:03:15.300000Z,2024-04-19T20:07:56.960000Z,2,"adsb-lol,airplanes-live",NO_NA_EVENT_WITHIN_2D,,,,,,,,,,,,0,,,,0,,,,0,,,,0,,,,1,5.6,4,20240423_salt_lake_city
SU-BND,2024-04-19,2024,BEFORE_DEATH,KPVU,Provo Municipal Airport,no,40.22668,-111.72905,2024-04-19T21:33:34.670000Z,2024-04-19T21:36:25.290000Z,23,"adsb-lol,airplanes-live",NO_NA_EVENT_WITHIN_2D,,,,,,,,,,,,0,,,,0,,,,0,,,,0,,,,1,35.7,4,20240423_salt_lake_city
SU-BTT,2024-04-23,2024,BEFORE_DEATH,KPVU,Provo Municipal Airport,no,40.22375,-111.72485,2024-04-23T18:12:52.950000Z,2024-04-23T18:18:45.150000Z,53,"adsb-lol,airplanes-live",NEARBY_AIRPORT,no,35.9,0,20240423_salt_lake_city,KSLC,Salt Lake City,UT,CHARLIE_ONLY,yes,not_documented,EVENT_DATE,1,35.9,0,20240423_salt_lake_city,1,35.9,0,20240423_salt_lake_city,1,35.9,0,20240423_salt_lake_city,1,35.9,0,20240423_salt_lake_city,1,35.9,0,20240423_salt_lake_city
SU-BTT,2024-04-28,2024,BEFORE_DEATH,KPVU,Provo Municipal Airport,no,40.23063,-111.73116,2024-04-28T13:51:19.770000Z,2024-04-28T14:16:07.340000Z,13,airplanes-live,NO_NA_EVENT_WITHIN_2D,,,,,,,,,,,,0,,,,0,,,,0,,,,0,,,,1,35.4,5,20240423_salt_lake_city
SU-BTT,2024-04-28,2024,BEFORE_DEATH,KPVU,Provo Municipal Airport,no,40.23072,-111.73131,2024-04-28T13:52:42.280000Z,2024-04-28T13:54:00.810000Z,3,adsb-lol,NO_NA_EVENT_WITHIN_2D,,,,,,,,,,,,0,,,,0,,,,0,,,,0,,,,1,35.4,5,20240423_salt_lake_city
SU-BTV,2024-09-28,2024,BEFORE_DEATH,KILG,Wilmington Airport,yes,39.67503,-75.60174,2024-09-28T16:22:43.970000Z,2024-09-28T16:22:43.970000Z,1,airplanes-live,FAR_GT250MI,no,1974.6,2,20240930_missoula,KMSO,Missoula,MT,CHARLIE_ONLY,yes,not_documented,EVENT_DATE,0,,,,0,,,,1,1974.6,2,20240930_missoula,1,1974.6,2,20240930_missoula,1,1974.6,2,20240930_missoula
SU-BTU,2024-12-01,2024,BEFORE_DEATH,KLNK,Lincoln Airport,no,40.85142,-96.74963,2024-12-01T14:13:45.120000Z,2024-12-01T14:18:13.030000Z,45,adsbexchange-samples,NO_NA_EVENT_WITHIN_2D,,,,,,,,,,,,0,,,,0,,,,0,,,,0,,,,0,,,
SU-BTU,2024-12-01,2024,BEFORE_DEATH,KILG,Wilmington Airport,yes,39.67345,-75.60139,2024-12-01T16:26:52.930000Z,2024-12-01T16:28:24.250000Z,4,adsbexchange-samples,NO_NA_EVENT_WITHIN_2D,,,,,,,,,,,,0,,,,0,,,,0,,,,0,,,,0,,,
SU-BTU,2025-04-08,2025,BEFORE_DEATH,KPVU,Provo Municipal Airport,no,40.22596,-111.72868,2025-04-08T18:32:24.640000Z,2025-04-08T18:33:35.800000Z,7,"adsb-lol,airplanes-live",FAR_GT250MI,no,1193.7,0,20250408_normal,KBMI,Normal,IL,CHARLIE_ONLY,yes,not_documented,EVENT_DATE,2,1193.7,0,20250408_normal,2,1193.7,0,20250408_normal,3,1193.7,0,20250408_normal,4,1193.7,0,20250408_normal,4,1193.7,0,20250408_normal
SU-BGM,2025-04-10,2025,BEFORE_DEATH,KPVU,Provo Municipal Airport,no,40.23008,-111.73093,2025-04-10T21:13:43.590000Z,2025-04-10T21:17:05.550000Z,41,adsb-lol,FAR_GT250MI,no,1193.7,2,20250408_normal,KBMI,Normal,IL,CHARLIE_ONLY,yes,not_documented,EVENT_DATE,1,1302.3,0,20250410_west_lafayette,2,1302.3,0,20250410_west_lafayette,4,1193.7,2,20250408_normal,4,1193.7,2,20250408_normal,4,1193.7,2,20250408_normal
SU-BGM,2025-04-10,2025,BEFORE_DEATH,KPVU,Provo Municipal Airport,no,40.22222,-111.72336,2025-04-10T22:11:10.400000Z,2025-04-10T22:16:03.130000Z,63,"adsb-lol,airplanes-live",FAR_GT250MI,no,1193.4,2,20250408_normal,KBMI,Normal,IL,CHARLIE_ONLY,yes,not_documented,EVENT_DATE,1,1302.0,0,20250410_west_lafayette,2,1302.0,0,20250410_west_lafayette,4,1193.4,2,20250408_normal,4,1193.4,2,20250408_normal,4,1193.4,2,20250408_normal
SU-BTU,2025-05-01,2025,BEFORE_DEATH,KILG,Wilmington Airport,yes,39.66967,-75.60284,2025-05-01T11:49:46.720000Z,2025-05-01T11:53:03.430000Z,26,adsbexchange-samples,FAR_GT250MI,no,2340.9,0,20250501_san_diego,KSAN,San Diego,CA,CHARLIE_ONLY,yes,not_documented,EVENT_DATE,1,2340.9,0,20250501_san_diego,1,2340.9,0,20250501_san_diego,1,2340.9,0,20250501_san_diego,1,2340.9,0,20250501_san_diego,3,1573.0,7,20250424_laramie
SU-BND,2025-05-23,2025,BEFORE_DEATH,KPVU,Provo Municipal Airport,no,40.2281,-111.72798,2025-05-23T20:38:06.220000Z,2025-05-23T20:46:42.320000Z,141,"adsb-lol,airplanes-live",NO_NA_EVENT_WITHIN_2D,,,,,,,,,,,,0,,,,0,,,,0,,,,0,,,,0,,,
SU-BTV,2025-08-06,2025,BEFORE_DEATH,KILG,Wilmington Airport,yes,39.67119,-75.60361,2025-08-06T11:55:08.890000Z,2025-08-06T11:55:15Z,2,"adsb-lol,airplanes-live",FAR_GT250MI,no,2381.3,0,20250806_rancho_palos_verdes,KTOA,Rancho Palos Verdes,CA,CHARLIE_ONLY,yes,not_documented,EVENT_DATE,1,2381.3,0,20250806_rancho_palos_verdes,1,2381.3,0,20250806_rancho_palos_verdes,1,2381.3,0,20250806_rancho_palos_verdes,1,2381.3,0,20250806_rancho_palos_verdes,1,2381.3,0,20250806_rancho_palos_verdes
SU-BTT,2025-08-23,2025,BEFORE_DEATH,KILG,Wilmington Airport,yes,39.67206,-75.6035,2025-08-23T14:44:13.540000Z,2025-08-23T14:44:13.540000Z,1,"adsb-lol,airplanes-live",FAR_GT250MI,no,439.0,2,20250821_north_myrtle_beach,KCRE,North Myrtle Beach,SC,CHARLIE_ONLY,yes,not_documented,EVENT_DATE,0,,,,1,1267.7,1,20250820_dallas,2,439.0,2,20250821_north_myrtle_beach,2,439.0,2,20250821_north_myrtle_beach,2,439.0,2,20250821_north_myrtle_beach
SU-BTT,2025-09-04,2025,BEFORE_DEATH,KMOT,Minot International Airport,no,48.25032,-101.26887,2025-09-04T16:03:00.780000Z,2025-09-04T16:03:00.780000Z,1,airplanes-live,NO_NA_EVENT_WITHIN_2D,,,,,,,,,,,,0,,,,0,,,,0,,,,0,,,,2,666.6,7,20250911_woodland_park
SU-BTT,2025-09-04,2025,BEFORE_DEATH,KPVU,Provo Municipal Airport,no,40.22742,-111.72738,2025-09-04T18:45:52.400000Z,2025-09-04T18:54:07.470000Z,141,"adsb-lol,airplanes-live",NO_NA_EVENT_WITHIN_2D,,,,,,,,,,,,0,,,,0,,,,0,,,,0,,,,2,5.1,6,20250910_orem
SU-BND,2025-09-05,2025,BEFORE_DEATH,KPVU,Provo Municipal Airport,no,40.23021,-111.73225,2025-09-05T18:05:43.020000Z,2025-09-05T18:05:43.450000Z,2,"adsb-lol,airplanes-live",NO_NA_EVENT_WITHIN_2D,,,,,,,,,,,,0,,,,0,,,,0,,,,0,,,,2,5.0,5,20250910_orem
SU-BND,2025-09-05,2025,BEFORE_DEATH,KPVU,Provo Municipal Airport,no,40.22634,-111.72642,2025-09-05T19:14:15.570000Z,2025-09-05T19:22:49.420000Z,73,"adsb-lol,airplanes-live",NO_NA_EVENT_WITHIN_2D,,,,,,,,,,,,0,,,,0,,,,0,,,,0,,,,2,5.2,5,20250910_orem
SU-BND,2025-09-05,2025,BEFORE_DEATH,KPVU,Provo Municipal Airport,no,40.2298,-111.72769,2025-09-05T22:53:06.190000Z,2025-09-05T23:49:20.640000Z,148,"adsb-lol,airplanes-live",NO_NA_EVENT_WITHIN_2D,,,,,,,,,,,,0,,,,0,,,,0,,,,0,,,,2,4.9,5,20250910_orem
SU-BND,2025-09-06,2025,BEFORE_DEATH,KPVU,Provo Municipal Airport,no,40.22983,-111.72768,2025-09-06T19:18:01Z,2025-09-06T20:02:38.090000Z,140,"adsb-lol,airplanes-live",NO_NA_EVENT_WITHIN_2D,,,,,,,,,,,,0,,,,0,,,,0,,,,0,,,,2,4.9,4,20250910_orem
SU-BND,2025-09-07,2025,BEFORE_DEATH,KPVU,Provo Municipal Airport,no,40.22983,-111.72768,2025-09-07T16:31:39.470000Z,2025-09-07T18:13:37.800000Z,206,"adsb-lol,airplanes-live",NO_NA_EVENT_WITHIN_2D,,,,,,,,,,,,0,,,,0,,,,0,,,,1,4.9,3,20250910_orem,2,4.9,3,20250910_orem
SU-BND,2025-09-08,2025,BEFORE_DEATH,KPVU,Provo Municipal Airport,no,40.22982,-111.72768,2025-09-08T18:49:05.260000Z,2025-09-08T20:08:45.400000Z,182,"adsb-lol,airplanes-live",SAME_AIRPORT,yes,4.9,2,20250910_orem,KPVU,Orem,UT,CHARLIE_ONLY,yes,not_documented,EVENT_DATE,0,,,,0,,,,1,4.9,2,20250910_orem,2,4.9,2,20250910_orem,2,4.9,2,20250910_orem
SU-BND,2025-09-09,2025,BEFORE_DEATH,KPVU,Provo Municipal Airport,no,40.22982,-111.72768,2025-09-09T20:03:30.660000Z,2025-09-09T20:38:55.450000Z,131,"adsb-lol,airplanes-live",SAME_AIRPORT,yes,4.9,1,20250910_orem,KPVU,Orem,UT,CHARLIE_ONLY,yes,not_documented,EVENT_DATE,0,,,,1,4.9,1,20250910_orem,2,4.9,1,20250910_orem,2,4.9,1,20250910_orem,2,4.9,1,20250910_orem
SU-BND,2025-09-10,2025,DAY_OF,KPVU,Provo Municipal Airport,no,40.22982,-111.72769,2025-09-10T16:05:35.770000Z,2025-09-10T17:34:09.210000Z,100,"adsb-lol,airplanes-live",SAME_AIRPORT,yes,4.9,0,20250910_orem,KPVU,Orem,UT,CHARLIE_ONLY,yes,not_documented,EVENT_DATE,1,4.9,0,20250910_orem,2,4.9,0,20250910_orem,2,4.9,0,20250910_orem,2,4.9,0,20250910_orem,2,4.9,0,20250910_orem
SU-BND,2025-09-10,2025,DAY_OF,KPVU,Provo Municipal Airport,no,40.22982,-111.72768,2025-09-10T19:40:53.460000Z,2025-09-10T20:29:38.710000Z,156,"adsb-lol,airplanes-live",SAME_AIRPORT,yes,4.9,0,20250910_orem,KPVU,Orem,UT,CHARLIE_ONLY,yes,not_documented,EVENT_DATE,1,4.9,0,20250910_orem,2,4.9,0,20250910_orem,2,4.9,0,20250910_orem,2,4.9,0,20250910_orem,2,4.9,0,20250910_orem
SU-BTT,2025-09-10,2025,DAY_OF,KPVU,Provo Municipal Airport,no,40.22999,-111.72913,2025-09-10T13:07:53.660000Z,2025-09-10T13:13:16.090000Z,58,"adsb-lol,airplanes-live",SAME_AIRPORT,yes,5.0,0,20250910_orem,KPVU,Orem,UT,CHARLIE_ONLY,yes,not_documented,EVENT_DATE,1,5.0,0,20250910_orem,2,5.0,0,20250910_orem,2,5.0,0,20250910_orem,2,5.0,0,20250910_orem,2,5.0,0,20250910_orem
SU-BTT,2025-09-11,2025,POST_DEATH,KILG,Wilmington Airport,yes,39.67057,-75.60369,2025-09-11T11:55:35.470000Z,2025-09-11T11:55:36.850000Z,2,"adsb-lol,airplanes-live",FAR_GT250MI,no,1567.7,0,20250911_woodland_park,KCOS,Woodland Park,CO,TPUSA_NO_KIRK,no_scheduled_not_held,unknown,SCHEDULED_NOT_HELD,1,1567.7,0,20250911_woodland_park,2,1567.7,0,20250911_woodland_park,2,1567.7,0,20250911_woodland_park,2,1567.7,0,20250911_woodland_park,3,1550.8,7,20250918_fort_collins
SU-BND,2025-09-12,2025,POST_DEATH,KPVU,Provo Municipal Airport,no,40.22969,-111.72791,2025-09-12T13:37:35.890000Z,2025-09-12T16:48:52.550000Z,226,"adsb-lol,airplanes-live",SAME_AIRPORT,yes,5.0,2,20250910_orem,KPVU,Orem,UT,CHARLIE_ONLY,yes,not_documented,EVENT_DATE,0,,,,1,364.9,1,20250911_woodland_park,2,5.0,2,20250910_orem,2,5.0,2,20250910_orem,4,5.0,2,20250910_orem
SU-BND,2025-09-12,2025,POST_DEATH,KPVU,Provo Municipal Airport,no,40.2298,-111.72768,2025-09-12T19:03:36.640000Z,2025-09-12T19:20:23.770000Z,34,"adsb-lol,airplanes-live",SAME_AIRPORT,yes,4.9,2,20250910_orem,KPVU,Orem,UT,CHARLIE_ONLY,yes,not_documented,EVENT_DATE,0,,,,1,364.9,1,20250911_woodland_park,2,4.9,2,20250910_orem,2,4.9,2,20250910_orem,4,4.9,2,20250910_orem
SU-BND,2025-09-12,2025,POST_DEATH,KPVU,Provo Municipal Airport,no,40.22979,-111.72768,2025-09-12T20:29:23.180000Z,2025-09-12T22:17:03.880000Z,300,"adsb-lol,airplanes-live",SAME_AIRPORT,yes,4.9,2,20250910_orem,KPVU,Orem,UT,CHARLIE_ONLY,yes,not_documented,EVENT_DATE,0,,,,1,364.9,1,20250911_woodland_park,2,4.9,2,20250910_orem,2,4.9,2,20250910_orem,4,4.9,2,20250910_orem
T7-ELL,2025-10-02,2025,POST_DEATH,KIAD,Washington Dulles International Airport,no,38.96159,-77.45752,2025-10-02T00:32:52.960000Z,2025-10-02T00:38:28.020000Z,91,"adsb-lol,airplanes-live",FAR_GT250MI,no,1808.6,2,20250930_logan,KLGU,Logan,UT,TPUSA_NO_KIRK,no_deceased,unknown,AFTER_DEATH,0,,,,0,,,,1,1808.6,2,20250930_logan,1,1808.6,2,20250930_logan,4,424.1,7,20250925_hanover
T7-ELL,2025-10-10,2025,POST_DEATH,KIAD,Washington Dulles International Airport,no,38.95574,-77.45582,2025-10-10T17:22:22.450000Z,2025-10-10T18:15:07.530000Z,262,airplanes-live,FAR_GT250MI,no,1158.4,1,20251009_grand_forks,KGFK,Grand Forks,ND,TPUSA_NO_KIRK,no_deceased,unknown,AFTER_DEATH,0,,,,1,1158.4,1,20251009_grand_forks,1,1158.4,1,20251009_grand_forks,2,1158.4,1,20251009_grand_forks,3,1123.3,6,20251016_norman
T7-ELL,2025-10-10,2025,POST_DEATH,KIAD,Washington Dulles International Airport,no,38.94479,-77.45598,2025-10-10T18:00:17.320000Z,2025-10-10T18:15:07.060000Z,146,adsb-lol,FAR_GT250MI,no,1158.8,1,20251009_grand_forks,KGFK,Grand Forks,ND,TPUSA_NO_KIRK,no_deceased,unknown,AFTER_DEATH,0,,,,1,1158.8,1,20251009_grand_forks,1,1158.8,1,20251009_grand_forks,2,1158.8,1,20251009_grand_forks,3,1123.2,6,20251016_norman
T7-ELL,2025-10-10,2025,POST_DEATH,KORD,Chicago O'Hare International Airport,no,41.96841,-87.92666,2025-10-10T22:36:31.850000Z,2025-10-10T22:45:31.910000Z,121,"adsb-lol,airplanes-live",FAR_GT250MI,no,607.3,1,20251009_grand_forks,KGFK,Grand Forks,ND,TPUSA_NO_KIRK,no_deceased,unknown,AFTER_DEATH,0,,,,1,607.3,1,20251009_grand_forks,1,607.3,1,20251009_grand_forks,2,607.3,1,20251009_grand_forks,3,607.3,1,20251009_grand_forks
SU-BTV,2025-10-11,2025,POST_DEATH,KILG,Wilmington Airport,yes,39.67348,-75.60165,2025-10-11T15:09:53.730000Z,2025-10-11T15:10:32.740000Z,5,"adsb-lol,airplanes-live",FAR_GT250MI,no,1207.8,2,20251009_grand_forks,KGFK,Grand Forks,ND,TPUSA_NO_KIRK,no_deceased,unknown,AFTER_DEATH,0,,,,0,,,,1,1207.8,2,20251009_grand_forks,1,1207.8,2,20251009_grand_forks,3,1207.8,2,20251009_grand_forks
T7-ELL,2025-10-11,2025,POST_DEATH,KORD,Chicago O'Hare International Airport,no,41.98393,-87.91879,2025-10-11T19:48:05.760000Z,2025-10-11T19:48:06.850000Z,3,"adsb-lol,airplanes-live",FAR_GT250MI,no,606.8,2,20251009_grand_forks,KGFK,Grand Forks,ND,TPUSA_NO_KIRK,no_deceased,unknown,AFTER_DEATH,0,,,,0,,,,1,606.8,2,20251009_grand_forks,1,606.8,2,20251009_grand_forks,3,606.8,2,20251009_grand_forks
SU-BTV,2025-10-12,2025,POST_DEATH,KILG,Wilmington Airport,yes,39.67177,-75.60354,2025-10-12T11:57:39.040000Z,2025-10-12T11:57:39.040000Z,1,airplanes-live,NO_NA_EVENT_WITHIN_2D,,,,,,,,,,,,0,,,,0,,,,0,,,,1,1207.8,3,20251009_grand_forks,3,1207.8,3,20251009_grand_forks
T7-ELL,2026-05-02,2026,POST_DEATH,MMUN,Cancún International Airport,no,21.03947,-86.86368,2026-05-02T17:31:30.490000Z,2026-05-02T17:35:31.010000Z,41,airplanes-live,NO_NA_EVENT_WITHIN_2D,,,,,,,,,,,,0,,,,0,,,,0,,,,0,,,,0,,,
T7-ELL,2026-05-02,2026,POST_DEATH,MMUN,Cancún International Airport,no,21.03246,-86.8673,2026-05-02T21:23:32.450000Z,2026-05-02T21:33:49.470000Z,24,airplanes-live,NO_NA_EVENT_WITHIN_2D,,,,,,,,,,,,0,,,,0,,,,0,,,,0,,,,0,,,
SU-BND,2026-05-13,2026,POST_DEATH,KPVU,Provo Municipal Airport,no,40.22968,-111.72755,2026-05-13T23:12:54.180000Z,2026-05-13T23:59:05.070000Z,42,airplanes-live,NO_NA_EVENT_WITHIN_2D,,,,,,,,,,,,0,,,,0,,,,0,,,,0,,,,0,,,
SU-BND,2026-05-14,2026,POST_DEATH,KPVU,Provo Municipal Airport,no,40.22968,-111.72755,2026-05-14T00:00:14.870000Z,2026-05-14T00:00:14.870000Z,1,airplanes-live,NO_NA_EVENT_WITHIN_2D,,,,,,,,,,,,0,,,,0,,,,0,,,,0,,,,0,,,
SU-BND,2026-05-20,2026,POST_DEATH,KPVU,Provo Municipal Airport,no,40.20894,-111.72333,2026-05-20T13:46:33.770000Z,2026-05-20T18:14:01.450000Z,1019,airplanes-live,NO_NA_EVENT_WITHIN_2D,,,,,,,,,,,,0,,,,0,,,,0,,,,0,,,,0,,,
SU-BND,2026-06-02,2026,POST_DEATH,KPVU,Provo Municipal Airport,no,40.2304,-111.73196,2026-06-02T17:04:34.080000Z,2026-06-02T17:06:38.520000Z,9,airplanes-live,NO_NA_EVENT_WITHIN_2D,,,,,,,,,,,,0,,,,0,,,,0,,,,0,,,,0,,,
SU-BND,2026-06-02,2026,POST_DEATH,KPVU,Provo Municipal Airport,no,40.22651,-111.72657,2026-06-02T18:15:58.640000Z,2026-06-02T18:23:59.040000Z,160,airplanes-live,NO_NA_EVENT_WITHIN_2D,,,,,,,,,,,,0,,,,0,,,,0,,,,0,,,,0,,,
SU-BND,2026-06-04,2026,POST_DEATH,KPVU,Provo Municipal Airport,no,40.22725,-111.72828,2026-06-04T21:16:57.740000Z,2026-06-04T22:12:34.090000Z,168,airplanes-live,NO_NA_EVENT_WITHIN_2D,,,,,,,,,,,,0,,,,0,,,,0,,,,0,,,,0,,,
